TOMBAMENTO DO ACERVO DA BIBLIOTECA DA EEEP VALTER NUNES DE ALENCAR ,,,,,,,,,,,,,,
Nº. DE TOMBO,DATA,CDD/CDU,ÍNDICES PARA CATÁLOGO SISTEMÁTICO,AUTOR/ES,TÍTULO,VOLUME,EX,LOCAL,EDITORA,ANO DE PUBLIC.,FORMA DE AQUISIÇÃO,EDIÇÃO,OBSERVAÇÃO,
0001/2019,10/06/19,CDD-869.93,1. Romances: Literatura brasileira,"ALENCAR, José de ",O TRONCO DO YPÊ,ÚNICO,,SÃO PAULO,RIDEEL,1997,,1ª,EXTRAVIADO,
0002/2019,10/06/19,CDD-869.3,1. Romances: Literatura portuguesa,"QUEIRÓS, Eça de",O CRIME DO PADRE AMARO,ÚNICO,1,SÃO PAULO,RIDEEL,2000,,1ª,,
0003/2019,10/06/19,CDD-869.93,1. Romances: Literatura brasileira,"BARRETO, Lima",CLARA DOS ANJOS,ÚNICO,,SÃO PAULO,RIDEEL,2002,,1ª,EXTRAVIADO ,
0004/2019,10/06/19,CDD-869.93,1. Romances: Literatura brasileira,"AZEVEDO, Aluísio",O MULATO,ÚNICO,1,SÃO PAULO,RIDEEL,2000,,1ª,EXTRAVIADO/RESSARCIDO COM OUTRO TÍTULO,
0005/2019,10/06/19,CDD-869.93,1. Romances: Literatura brasileira,"GUIMARÃES, Bernardo",O SEMINARISTA,ÚNICO,1,SÃO PAULO,RIDEEL,2000,,1ª,,
0006/2019,10/06/19,CDD-869.93,1. Romances: Literatura brasileira,"ALENCAR, José de ",O GUARANI,ÚNICO,1,SÃO PAULO,RIDEEL,1997,,1ª,,
0007/2019,10/06/19,CDD-869.93,1. Romances: Literatura brasileira,"ASSIS, Machado de",ESAÚ E JACÓ,ÚNICO,1,SÃO PAULO,ÁTICA,2006,,12ª,,
0008/2019,10/06/19,CDD-813,1. Literatura. Romance.,"SALES, Antônio",AVES DE ARRIBAÇÃO,ÚNICO,1,FORTALEZA,UFC,2009,,1ª,,
0009/2019,10/06/19,CDD-869.93,1. Contos: Literatura brasileira,"LESSA, Orígenes",MELHORES CONTOS: ORÍGENES LESSA,ÚNICO,1,SÃO PAULO,GLOBAL,2003,,1ª,,
0010/2019,10/06/19,CDD-869.93,1. Contos: Literatura brasileira,"LESSA, Orígenes",MELHORES CONTOS: ORÍGENES LESSA,ÚNICO,2,SÃO PAULO,GLOBAL,2003,,1ª,DOADO PARA A CASA PITIA,
0011/2019,10/06/19,CDD-869.935,1. Contos: Século 20: Literatura brasileira,"BRANDÃO, Ignácio de Loyola",MELHORES CONTOS IGNÁCIO DE LOYOLA BRANDÃO,ÚNICO,1,SÃO PAULO,GLOBAL,1936,,5ª,,
0012/2019,10/06/19,CDD-869.93,1. Contos: Literatura brasileira,"ARRIGUCCI JR., Davi",MELHORES CONTOS RUBEM BRAGA,ÚNICO,,SÃO PAULO,GLOBAL,2010,,12ª,,
0013/2019,10/06/19,CDD-869-935,1. Contos: Século 20: Literatura brasileira,"VEIGA, José J. ",MELHORES CONTOS J. J. VEIGA,ÚNICO,,SÃO PAULO,GLOBAL,2000,,4ª,,
0014/2019,10/06/19,CDD-869.9108004,1. Contos: Século 20: Literatura brasileira,"ANDRADE, Mário de",MELHORES CONTOS DE MÁRIO DE ANDRADE,ÚNICO,,SÃO PAULO,GLOBAL,2003,,7ª,,
0015/2019,10/06/19,CDD-869.935,1. Contos: Século 20: Literatura brasileira,"ALPHONSUS, João",MELHORES CONTOS: JOÃO ALPHONSUS,ÚNICO,,SÃO PAULO,GLOBAL,2001,,1ª,,
0016/2019,10/06/19,CDD-869-93,1. Crônicas: Literatura brasileira,"BANDEIRA, Manuel",MANUEL BANDEIRA,ÚNICO,,SÃO PAULO,GLOBAL,2003,,1ª,,
0017/2019,10/06/19,CDD-869.93,1. Crônicas: Literatura brasileira,"SANT'ANNA, Affonso Romano de",AFFONSO ROMANO DE SANT'ANNA,ÚNICO,1,SÃO PAULO,GLOBAL,2003,,1ª,,
0018/2019,10/06/19,CDD-869.93,1. Crônicas brasieliras,VÁRIOS AUTORES,O MELHOR DA CRÔNICA BRASIELIRA,V. 1,,RIO DE JANEIRO,J. OLYMPIO,1980,,1ª,,
0019/2019,10/06/19,CDD-842,1. Teatro: Literatura francesa,"ROSTAND, Edmond",CYRANO DE BERGERAC,ÚNICO,1,SÃO PAULO,OBJETIVO,,,,,
0020/2019,10/06/19,CDD-869.92,1. Teatro: Literatura brasileira,"AMARAL, Maria Adelaide",MELHOR TEATRO: MARIA ADELAIDE AMARAL,ÚNICO,1,SÃO PAULO,GLOBAL,2006,,1ª,,
0021/2019,10/06/19,CDD-869.92,1. Teatro: Literatura brasileira,"AMARAL, Maria Adelaide",MELHOR TEATRO: MARIA ADELAIDE AMARAL,ÚNICO,2,SÃO PAULO,GLOBAL,2006,,1ª,,
0022/2019,10/06/19,CDD-800,1. Literatura ,"CAMPOS, Eduardo",TRÊS PEÇAS ESCOLHIDAS,ÚNICO,1,FORTALEZA,UFC,2009,,1ª,,
0023/2019,10/06/19,CDD-800,1. Literatura ,"CAMPOS, Eduardo",TRÊS PEÇAS ESCOLHIDAS,ÚNICO,2,RIO DE JANEIRO,UFC,2009,,1ª,,
0024/2019,10/06/19,CDD-869,1. Literatura e Movimentos Literários,"COSTA, Francisco Mario Viceconti","LITERATURA BRASILEIRA, A ARTE DA PALAVRA",ÚNICO,,,REVIC,2007,,1ª,,
0025/2019,10/06/19,CDD-869.1,1. Poesia Potuguesa,"CAMÕES, Luís de",OS LUSÍADAS,ÚNICO,1,SÃO PAULO,ÁTICA,2009,,11ª,,
0026/2019,10/06/19,CDD-B869.91,1. Poesia brasileira,"LIMA, Luiz Paulo Paulino de",VERMELHO CARMIM,ÚNICO,,PARÁ DE MINAS-MG,VIRTUAL BOOKS,2013,,1ª,,
0027/2019,10/06/19,CDD-869.8131,1. Literatura cearense - poesia,"ALVES, Wellington",BAÚ DE MOMENTOS; POESIA,ÚNICO,,FORTALEZA,EXPRESSÃO ,1996,,1ª,,
0028/2019,10/06/19,CDD-B869.91,1. Literatura brasileira-poesia,"SPINELLI, Alexandre",VOCÊ JÁ ESCUTOU O SILÊNCIO?,ÚNICO,,SABARÁ-MG,DUBOLSINHO,2009,,1ª,,
0029/2019,10/06/19,CDD-B869.91,1. Poesia brasileira,"SILVA, TIAGO NASCIMENTO",O POUSO DA ALVORADA,ÚNICO,,PARÁ DE MINAS-MG,VIRTUAL BOOKS,2018,,1ª,,
0030/2019,10/06/19,CDD-869.9,1. Literatura brasileira-poemas,"FILHO, Linhares",NOTÍCIAS DE BORDO,ÚNICO,,FORTALEZA,UFC,2009,,1ª,,
0031/2019,10/06/19,CDD-869.91,1. Poesia brasileira,"ANDRADE, Carlos Drummond de",ALGUMA POESIA,ÚNICO,,RIO DE JANEIRO,RECORD,2009,,10ª,,
0032/2019,10/06/19,CDD-B869.91,1. Poesia brasileira,"LIMA, Luiz Paulo Paulino de",LILÁS,ÚNICO,,PARÁ DE MINAS-MG,VIRTUAL BOOKS,2015,,1ª,,
0033/2019,10/06/19,CDU-869.0(81),1. Literatura brasileira-poesia,VÁRIOS AUTORES,LETRAS EM VERSOS,ÚNICO,,JOÃO PESSOA,IDEIA,2017,,1ª,,
0034/2019,10/06/19,CDD-869.92,1. Teatro: Literatura brasileira,"PENA, MARTINS",O NOVIÇO/ O JUIZ DE PAZ NA ROÇA,ÚNICO,,SÃO PAULO,OBJETIVO,1997,,1ª,,
0035/2019,10/06/19,CDU-82-1:371.3,1. Poesia-estudo e ensino,"SORRENTI, Neusa","A POESIA VAI À ESCOLA: REFLEXÕES, COMENTÁRIOS E DICAS DE ATIVIDADES",ÚNICO,,BELO HORIZONTE,AUTÊNTICA,2007,,1ª,,
0036/2019,11/06/19,CDD-B869.91,1. Poesia brasileira,"ANDRADE, Mário de",SÃO PAULO! COMOÇÃO DE MINHA VIDA,ÚNICO,,SÃO PAULO,UNESP,,,,,
0037/2019,11/06/19,CDU-808.51,1. Oratória,"SANTOS, Ruzia Barbosa dos",ORATÓRIA: GUIA PARA FALAR EM PÚBLICO,ÚNICO,1,BRASÍLIA,SENAC,2012,,2ª,,
0038/2019,11/06/19,CDU-808.51,1. Oratória,"SANTOS, Ruzia Barbosa dos",ORATÓRIA: GUIA PARA FALAR EM PÚBLICO,ÚNICO,2,BRASÍLIA,SENAC,2012,,2ª,,
0039/2019,11/06/19,CDU-808.51,1. Oratória,"SANTOS, Ruzia Barbosa dos",ORATÓRIA: GUIA PARA FALAR EM PÚBLICO,ÚNICO,3,BRASÍLIA,SENAC,2012,,2ª,,
0040/2019,11/06/19,CDD-060.6,1. Eventos: Organização,"ZANELLA, Luiz Carlos",MANUAL DE ORGANIZAÇÃO DE EVENTOS: PLANEJAMENTO E OPERACIONALIZAÇÃO,ÚNICO,1,SÃO PAULO,ATLAS,2011,,4ª,,
0041/2019,11/06/19,CDD-060.6,1. Eventos: Organização,"ZANELLA, Luiz Carlos",MANUAL DE ORGANIZAÇÃO DE EVENTOS: PLANEJAMENTO E OPERACIONALIZAÇÃO,ÚNICO,2,SÃO PAULO,ATLAS,2011,,4ª,,
0042/2019,11/06/19,CDD-060.6,1. Eventos: Organização,"ZANELLA, Luiz Carlos",MANUAL DE ORGANIZAÇÃO DE EVENTOS: PLANEJAMENTO E OPERACIONALIZAÇÃO,ÚNICO,3,SÃO PAULO,ATLAS,2011,,4ª,,
0043/2019,11/06/19,CDD-060.6,1. Eventos: Organização,"ZANELLA, Luiz Carlos",MANUAL DE ORGANIZAÇÃO DE EVENTOS: PLANEJAMENTO E OPERACIONALIZAÇÃO,ÚNICO,4,SÃO PAULO,ATLAS,2011,,4ª,,
0044/2019,11/06/19,CDD-060.6,1. Eventos: Organização,"GIACAGLIA, Maria Cecília",ORGANIZAÇÃO DE EVENTOS: TEORIA E PRÁTICA,ÚNICO,1,SÃO PAULO,CENGAGE LEARNING,2008,,1ª,,
0045/2019,11/06/19,CDD-060.6,1. Eventos: Organização,"GIACAGLIA, Maria Cecília",ORGANIZAÇÃO DE EVENTOS: TEORIA E PRÁTICA,ÚNICO,2,SÃO PAULO,CENGAGE LEARNING,2008,,1ª,,
0046/2019,11/06/19,CDD-060.6,1. Eventos: Organização,"GIACAGLIA, Maria Cecília",ORGANIZAÇÃO DE EVENTOS: TEORIA E PRÁTICA,ÚNICO,3,SÃO PAULO,CENGAGE LEARNING,2008,,1ª,,
0047/2019,11/06/19,CDD-060.6,1. Eventos: Organização,"GIACAGLIA, Maria Cecília",ORGANIZAÇÃO DE EVENTOS: TEORIA E PRÁTICA,ÚNICO,4,SÃO PAULO,CENGAGE LEARNING,2008,,1ª,,
0048/2019,11/06/19,CDD-005.133,1. Java: Linguagem de programação: Computadores: Procesamento de dados,"FURGERI, Sérgio",JAVA 7: ENSINO DIDÁTICO,ÚNICO,1,SÃO PAULO,ÉRICA,2012,,2ª,,
0049/2019,11/06/19,CDD-005.133,1. Java: Linguagem de programação: Computadores: Procesamento de dados,"FURGERI, Sérgio",JAVA 7: ENSINO DIDÁTICO,ÚNICO,2,SÃO PAULO,ÉRICA,2012,,2ª,,
0050/2019,11/06/19,CDD-005.133,1. Java: Linguagem de programação: Computadores: Procesamento de dados,"FURGERI, Sérgio",JAVA 7: ENSINO DIDÁTICO,ÚNICO,3,SÃO PAULO,ÉRICA,2012,,2ª,,
0051/2019,11/06/19,CDD-005.1,1. Algoritmos: Computadores: Programação: Processamento de dados,"MANZANO, José Augusto N. G.",ALGORITMOS: LÓGICA PARA DESENVOLVIMENTO DE PROGRAMAÇÃO DE COMPUTADORES,ÚNICO,1,SÃO PAULO,ÉRICA,2012,,26ª,,
0052/2019,11/06/19,CDD-005.1,1. Algoritmos: Computadores: Programação: Processamento de dados,"MANZANO, José Augusto N. G.",ALGORITMOS: LÓGICA PARA DESENVOLVIMENTO DE PROGRAMAÇÃO DE COMPUTADORES,ÚNICO,2,SÃO PAULO,ÉRICA,2012,,26ª,,
0053/2019,11/06/19,CDD-005-75,1. Bancos de Dados: Sistemas: Projeto e implementação: Processamento de dados,"MACHADO, Felipe Nery Rodrigues",PROJETO E IMPLEMENTAÇÃO DE BANCO DE DADOS,ÚNICO,1,SÃO PAULO,ÉRICA,2008,,2ª,,
0054/2019,11/06/19,CDD-005-75,1. Bancos de Dados: Sistemas: Projeto e implementação: Processamento de dados,"MACHADO, Felipe Nery Rodrigues",PROJETO E IMPLEMENTAÇÃO DE BANCO DE DADOS,ÚNICO,2,SÃO PAULO,ÉRICA,2008,,2ª,,
0055/2019,11/06/19,CDD-005-75,1. Bancos de Dados: Sistemas: Projeto e implementação: Processamento de dados,"MACHADO, Felipe Nery Rodrigues",PROJETO E IMPLEMENTAÇÃO DE BANCO DE DADOS,ÚNICO,3,SÃO PAULO,ÉRICA,2008,,2ª,,
0056/2019,11/06/19,CDD-005-75,1. Bancos de Dados: Sistemas: Projeto e implementação: Processamento de dados,"MACHADO, Felipe Nery Rodrigues",PROJETO E IMPLEMENTAÇÃO DE BANCO DE DADOS,ÚNICO,4,SÃO PAULO,ÉRICA,2008,,2ª,,
0057/2019,11/06/19,CDD-005-75,1. Bancos de Dados: Sistemas: Projeto e implementação: Processamento de dados,"MACHADO, Felipe Nery Rodrigues",PROJETO E IMPLEMENTAÇÃO DE BANCO DE DADOS,ÚNICO,5,SÃO PAULO,ÉRICA,2008,,2ª,,
0058/2019,11/06/19,CDD-028.5,1. Aqueciemento global: Literatura juvenil,"CALDAS, Sérgio Túlio Caldas",TERRA SOB PRESSÃO,ÚNICO,,SÃO PAULO,MODERNA,2008,,1ª,,
0059/2019,11/06/19,CDD-001.42,1. Metodologia da pesquisa,"SEVERINO, Antônio Joaquim",METODOLOGIA DO TRABALHO CIENTÍFICO,ÚNICO,1,SÃO PAULO,CORTEZ,2007,,23ª,,
0060/2019,11/06/19,CDD-001.42,1. Metodologia da pesquisa,"SEVERINO, Antônio Joaquim",METODOLOGIA DO TRABALHO CIENTÍFICO,ÚNICO,2,SÃO PAULO,CORTEZ,2007,,23ª,,
0061/2019,11/06/19,CDD-005.3,1. Programação (computadores),"LOPES, Anita",INTRODUÇÃO À PROGRAMAÇÃO,ÚNICO,,RIO DE JANEIRO,ELSEVIER,2002,,1ª,,
0062/2019,11/06/19,CDD-005.13,1. Informática,"RODRIGUES, Andréa",DESENVOLVIMENTO PARA INTERNET,ÚNICO,1,CURITIBA,EDITORA DO LIVRO TÉCNICO,2010,,1ª,,
0063/2019,11/06/19,CDD-005.13,1. Informática,"RODRIGUES, Andréa",DESENVOLVIMENTO PARA INTERNET,ÚNICO,2,CURITIBA,EDITORA DO LIVRO TÉCNICO,2010,,1ª,,
0064/2019,11/06/19,CDD-005.13,1. Informática,"RODRIGUES, Andréa",DESENVOLVIMENTO PARA INTERNET,ÚNICO,3,CURITIBA,EDITORA DO LIVRO TÉCNICO,2010,,1ª,,
0065/2019,11/06/19,CDD-005.13,1. Informática,"RODRIGUES, Andréa",DESENVOLVIMENTO PARA INTERNET,ÚNICO,4,CURITIBA,EDITORA DO LIVRO TÉCNICO,2010,,1ª,,
0066/2019,11/06/19,CDD-004,1. Ciência da Computação ,"BARRIVIERA, Rodolfo",INTRODUÇÃO À INFORMÁTICA,ÚNICO,1,CURITIBA,EDITORA DO LIVRO TÉCNICO,2012,,1ª,,
0067/2019,11/06/19,CDD-005.43,1. Sistemas operacionais (Computadores),"OLSEN, Diogo Roberto",SISTEMAS OPERACIONAIS,ÚNICO,1,CURITIBA,EDITORA DO LIVRO TÉCNICO,2010,,1ª,,
0068/2019,11/06/19,CDD-005.43,1. Sistemas operacionais (Computadores),"OLSEN, Diogo Roberto",SISTEMAS OPERACIONAIS,ÚNICO,2,CURITIBA,EDITORA DO LIVRO TÉCNICO,2010,,1ª,,
0069/2019,11/06/19,CDD-005.43,1. Sistemas operacionais (Computadores),"OLSEN, Diogo Roberto",SISTEMAS OPERACIONAIS,ÚNICO,3,CURITIBA,EDITORA DO LIVRO TÉCNICO,2010,,1ª,,
0070/2019,11/06/19,CDD-004,1. Informática,"SCHIAVONI, Marilene",HARDWARE,ÚNICO,1,CURITIBA,EDITORA DO LIVRO TÉCNICO,2010,,1ª,,
0071/2019,11/06/19,CDD-004,1. Informática,"SCHIAVONI, Marilene",HARDWARE,ÚNICO,2,CURITIBA,EDITORA DO LIVRO TÉCNICO,2010,,1ª,,
0072/2019,11/06/19,CDD-004,1. Informática,"SCHIAVONI, Marilene",HARDWARE,ÚNICO,3,CURITIBA,EDITORA DO LIVRO TÉCNICO,2010,,1ª,,
0073/2019,11/06/19,CDD-028.5,1. Índios: Literatura infantil,"GRUPIONI, Luís Donisete Benzi",JUNTOS NA ALDEIA,ÚNICO,1,SÃO PAULO,BERLENDIS & VERTECCHIA,2012,,5ª,,
0074/2019,11/06/19,CDD-028.5,1. Contos: Literatura infantojuvenil,"GRIMM, Jacob. GRIMM, Wilhelm",O GANSO DE OURO / OS DOZE CAÇADORES DO REI,ÚNICO,,SÃO PAULO,ÁTICA,1996,,5ª,,
0075/2019,11/06/19,CDD-028.5,1. Cordel: Literatura infantojuvenil,"OBEID, César",MINHAS RIMAS DE CORDEL,ÚNICO,,SÃO PAULO,MODERNA,2005,,1ª,,
0076/2019,11/06/19,CDD-028.5,1. Poesia: Literatura infantojuvenil,"ORTHOF, Sylvia",PONTO DE TECER POESIA,ÚNICO,,RIO DE JANEIRO,BRASIL-AMÉRICA,1989,,2ª,,
0077/2019,11/06/19,CDD-028.5,1. Literatura infantojuvenil,"RODRIGUEZ, Ana Carolina Vieira",OS DESASTRES DE SOFIA,V. 2,,SÃO PAULO,RIDEEL,2007,,1ª,,
0078/2019,11/06/19,CDD-028.5,1. Literatura infantojuvenil,"GUIMARÃES, Josué",GARIBALDI MANOELA: UMA HISTÓRIA DE AMOR,ÚNICO,,BRASIL,L&PM EDITORES,2010,,1ª,,
0079/2019,11/06/19,CDD-028.5,1. Literatura infantojuvenil,"IACOCCA, Liliana. IACOCCA, Michele",EU & OS OUTROS: MELHORANDO AS RELAÇÕES,ÚNICO,,SÃO PAULO,ÁTICA,2003,,6ª,,
0080/2019,11/06/19,CDD-028.5,1. Literatura infantil,"ANDRADE, Telma Guimarães Castro",BONECO DA PAZ,ÚNICO,,SÃO PAULO,EDITORA DO BRASIL,2006,,1ª,,
0081/2019,11/06/19,CDD-028.5,1. Ficção: Literatura infantojuvenil,"BERNARDI JR, Hermes",O EMARANHADO DA MAÇAROCA,ÚNICO,,SÃO PAULO,LAROUSSE DO BRASIL,2009,,1ª,DOADO PARA A CASA PITIA,
0082/2019,11/06/19,CDD-028.5,1. Literatura infantil,"FONSECA, Gisélia","E A ÁGUA, CAROLZINHA?",ÚNICO,,"TATUÍ, SP",CASA PUBLICADORA BRASILEIRA,2008,,1ª,,
0083/2019,11/06/19,CDD-028.5,1. Literatura infantil,"RANGEL, DULCE S.",UM AMOR DE CONFUSÃO,ÚNICO,,SÃO PAULO,MODERNA,1994,,5ª,,
0084/2019,11/06/19,CDD-028.5,1. Literatura infantil,"CALVI, Gian",JOÃO E O PÉ DE FEIJÃO,ÚNICO,,RIO DE JANEIRO,AUTORES & AGENTES & ASSOCIADOS,1989,,1ª,,
0085/2019,12/06/19,CDD-028.5,1. Literatura infantil,"FRANÇA, Mary. FRANÇA, Eliardo",O BARCO,ÚNICO,,SÃO PAULO,ÁTICA,2008,,17ª,DOADO PARA A CASA PITIA,
0086/2019,12/06/19,CDD-028.5,1. Literatura infantojuvenil,"GOUVEIA, Luís Augusto",LUCAS,ÚNICO,,SALVADOR,PRESS COLOR,1999,,1ª,,
0087/2019,12/06/19,CDD-028.5,1. Literatura infantil,"BRENMAN, Ilan",OS DEZ PASSOS PARA FAZER PITOCA DORMIR,ÚNICO,,SÃO PAULO,ESCALA EDUCACIONAL,2010,,1ª,DOADO PARA A CASA PITIA,
0088/2019,12/06/19,CDD-028.5,1. Literatura infantil,"MONTENEGRO, Tércia",CORES DE GATOS E ROSAS,ÚNICO,,FORTALEZA-CE,CONHECIMENTO EDITORA,2009,,1ª,,
0089/2019,12/06/19,CDD-028.5,1. Literatura infantil,"SALLUT, Elza Cesar",SABE O QUE A GIRAFA ESPIOU?,ÚNICO,,SÃO PAULO,SCIPIONE,1996,,5ª,,
0090/2019,12/06/19,CDD-028.5,1. Contos: Literatura infantojuvenil,"MACHADO, Ana Maria",RAMINHO DE ALECRIM,ÚNICO,,SÃO PAULO,GLOBAL,2008,,1ª,,
0091/2019,12/06/19,CDD-028.5,1. Literatura infantojuvenil,"ROCHA, Ruth",A MÁQUINA MALUCA,ÚNICO,,SÃO PAULO,FTD,1994,,4ª,,
0092/2019,12/06/19,CDD-028.5,1. Literatura infantojuvenil,"ORTHOF, Sylvia",CABIDELIM O DOCE MONSTRINHO,ÚNICO,,RIO DE JANEIRO,MEMÓRIAS FUTURAS,1986,,3ª,,
0093/2019,12/06/19,CDD-030,1. Enciclopédia,VÁRIOS AUTORES,ANIMAIS PRÉ-HISTÓRICOS,ÚNICO,,SÃO PAULO,MALTESE,,,1ª,,
0094/2019,12/06/19,CDD-028.5,1. Contos: Antologia: Literatura infantojuvenil,VÁRIOS AUTORES,HISTÓRIAS DE HUMOR,ÚNICO,,SÃO PAULO,SCIPIONE,2005,,1ª,,
0095/2019,12/06/19,CDD-028.5,1. Índios: Literatura infantil,"GRUPIONI, Luís Donisete Benzi",JUNTOS NA ALDEIA,ÚNICO,2,SÃO PAULO,BERLENDIS & VERTECCHIA,2012,,5ª,DOADO PARA A CASA PITIA,
0096/2019,12/06/19,CDD-028.5,1. Literatura infantojuvenil,VÁRIOS AUTORES,NOSSOS POETAS CLÁSSICOS (COLEÇÃO),V. 1,,RIO DE JANEIRO,AGIR,2003,,1ª,,
0097/2019,12/06/19,CDU-165,1. Teoria do conhecimento,"PICO DELLA MIRANDOLA, Giovanni",DISCURSO SOBRE A DIGNIDADE DO HOMEM,ÚNICO,1,PORTUGAL,EDIÇÕES 70,2010,,6ª,,
0098/2019,12/06/19,CDU-165,1. Teoria do conhecimento,"PICO DELLA MIRANDOLA, Giovanni",DISCURSO SOBRE A DIGNIDADE DO HOMEM,ÚNICO,2,PORTUGAL,EDIÇÕES 70,2010,,6ª,,
0099/2019,12/06/19,CDD-808.066,1. Pós-graduação: Trabalhos científicos,"ANDRADE, Maria Margarida de",COMO PREPARAR TRABALHOS PARA CURSOS DE PÓS-GRADUAÇÃO: NOÇÕES PRÁTICAS,ÚNICO,,SÃO PAULO,ATLAS,2008,,7ª,,
0100/2019,12/06/19,CDD-028.5,1. Poesia infantojuvenil,"AZEVEDO, Ricardo",AULA DE CARNAVAL E OUTROS POEMAS,ÚNICO,,SÃO PAULO,ÁTICA,2007,,1ª,,
0101/2019,12/06/19,CDD-100,1.Filosofia temática,"COTRIM, Gilberto",FILOSOFIA TEMÁTICA,ÚNICO,,SÃO PAULO,SARAIVA,2008,,1ª,,
0102/2019,12/06/19,CDD-109,1. Filosofia: História,"REALE, Giovanni",HISTÓRIA DA FILOSOFIA,ÚNICO,,SÃO PAULO,PAULUS,2006,,2ª,,
0103/2019,12/06/19,CDD-222.506,1. Amós: Livros proféticos: Bíblia: Comentários,VÁRIOS AUTORES,"ELES SERVIRAM AOS ÍDOLOS: REIS 1 e 2, AMÓS",ÚNICO,,SÃO PAULO,PAULINAS,1981,,1ª,,
0104/2019,12/06/19,CDD-270,1. História: Igreja cristã,BAUMGARTNER,A IGREJA NO OCIDENTE,ÚNICO,,PORTUGAL,EDIÇÕES 70,,,1ª,EXTRAVIADO,
0105/2019,12/06/19,CDD-338.4791,1. Turismo,"DIAS, Reinaldo",TURISMO E PATRIMÔNIO CULTURAL: RECURSOS QUE ACOMPANHAM O CRESCIMENTO DAS CIDADES,ÚNICO,1,SÃO PAULO,SARAIVA,2006,,1ª,,
0106/2019,12/06/19,CDD-338.4791,1. Turismo,"DIAS, Reinaldo",TURISMO E PATRIMÔNIO CULTURAL: RECURSOS QUE ACOMPANHAM O CRESCIMENTO DAS CIDADES,ÚNICO,2,SÃO PAULO,SARAIVA,2006,,1ª,,
0107/2019,12/06/19,CDD-338.4791,1. Turismo,"DIAS, Reinaldo",TURISMO E PATRIMÔNIO CULTURAL: RECURSOS QUE ACOMPANHAM O CRESCIMENTO DAS CIDADES,ÚNICO,3,SÃO PAULO,SARAIVA,2006,,1ª,,
0108/2019,12/06/19,CDD-338.4791,1. Turismo,"DIAS, Reinaldo",TURISMO E PATRIMÔNIO CULTURAL: RECURSOS QUE ACOMPANHAM O CRESCIMENTO DAS CIDADES,ÚNICO,4,SÃO PAULO,SARAIVA,2006,,1ª,,
0109/2019,12/06/19,CDD-338.4791,1. Turismo,"DIAS, Reinaldo",TURISMO E PATRIMÔNIO CULTURAL: RECURSOS QUE ACOMPANHAM O CRESCIMENTO DAS CIDADES,ÚNICO,5,SÃO PAULO,SARAIVA,2006,,1ª,,
0110/2019,12/06/19,CDD-338.4791,1. Turismo,"DIAS, Reinaldo",TURISMO E PATRIMÔNIO CULTURAL: RECURSOS QUE ACOMPANHAM O CRESCIMENTO DAS CIDADES,ÚNICO,6,SÃO PAULO,SARAIVA,2006,,1ª,,
0111/2019,14/06/19,CDD-338.4791,1. Turismo: Economia,"DIAS, Reinaldo",INTRODUÇÃO AO TURISMO,ÚNICO,1,SÃO PAULO,ATLAS,2011,,1ª,,
0112/2019,14/06/19,CDD-338.4791,1. Turismo: Economia,"DIAS, Reinaldo",INTRODUÇÃO AO TURISMO,ÚNICO,2,SÃO PAULO,ATLAS,2011,,1ª,,
0113/2019,14/06/19,CDD-338.4791,1. Turismo: Economia,"DIAS, Reinaldo",INTRODUÇÃO AO TURISMO,ÚNICO,3,SÃO PAULO,ATLAS,2011,,1ª,,
0114/2019,14/06/19,CDD-338.4791,1. Turismo: Economia,"DIAS, Reinaldo",INTRODUÇÃO AO TURISMO,ÚNICO,4,SÃO PAULO,ATLAS,2011,,1ª,,
0115/2019,14/06/19,CDD-338.4791,1. Turismo: Economia,"DIAS, Reinaldo",INTRODUÇÃO AO TURISMO,ÚNICO,5,SÃO PAULO,ATLAS,2011,,1ª,,
0116/2019,14/06/19,CDD-338.4791,1. Turismo: Economia,"DIAS, Reinaldo",INTRODUÇÃO AO TURISMO,ÚNICO,6,SÃO PAULO,ATLAS,2011,,1ª,,
0117/2019,14/06/19,CDD-338.4791,1. Turismo sustentável: Economia,"DIAS, Reinaldo",TURISMO SUSTENTÁVEL E MEIO AMBIENTE,ÚNICO,1,SÃO PAULO,ATLAS,2008,,1ª,,
0118/2019,14/06/19,CDD-338.4791,1. Turismo sustentável: Economia,"DIAS, Reinaldo",TURISMO SUSTENTÁVEL E MEIO AMBIENTE,ÚNICO,2,SÃO PAULO,ATLAS,2008,,1ª,,
0119/2019,14/06/19,CDD-338.4791,1. Turismo sustentável: Economia,"DIAS, Reinaldo",TURISMO SUSTENTÁVEL E MEIO AMBIENTE,ÚNICO,3,SÃO PAULO,ATLAS,2008,,1ª,,
0120/2019,14/06/19,CDD-338.4791,1. Turismo sustentável: Economia,"DIAS, Reinaldo",TURISMO SUSTENTÁVEL E MEIO AMBIENTE,ÚNICO,4,SÃO PAULO,ATLAS,2008,,1ª,,
0121/2019,14/06/19,CDD-338.4971,1. Turismo e hotelaria: Aspectos éticos,"KANAANE, Roberto",ÉTICA EM TURISMO E HOTELARIA,ÚNICO,1,SÃO PAULO,ATLAS,2006,,1ª,,
0122/2019,14/06/19,CDD-338.4971,1. Turismo e hotelaria: Aspectos éticos,"KANAANE, Roberto",ÉTICA EM TURISMO E HOTELARIA,ÚNICO,2,SÃO PAULO,ATLAS,2006,,1ª,,
0123/2019,14/06/19,CDD-338.4971,1. Turismo e hotelaria: Aspectos éticos,"KANAANE, Roberto",ÉTICA EM TURISMO E HOTELARIA,ÚNICO,3,SÃO PAULO,ATLAS,2006,,1ª,,
0124/2019,14/06/19,CDD-338.4971,1. Turismo e hotelaria: Aspectos éticos,"KANAANE, Roberto",ÉTICA EM TURISMO E HOTELARIA,ÚNICO,4,SÃO PAULO,ATLAS,2006,,1ª,,
0125/2019,14/06/19,CDD-338.4971,1. Turismo e hotelaria: Aspectos éticos,"KANAANE, Roberto",ÉTICA EM TURISMO E HOTELARIA,ÚNICO,5,SÃO PAULO,ATLAS,2006,,1ª,,
0126/2019,14/06/19,CDD-338.4971,1. Turismo e hotelaria: Aspectos éticos,"KANAANE, Roberto",ÉTICA EM TURISMO E HOTELARIA,ÚNICO,6,SÃO PAULO,ATLAS,2006,,1ª,,
0127/2019,14/06/19,CDD-338.927,1. Crescimento econômico: Tecnologias alternativas: Economia,"HENDERSON, Hazel",MERCADO ÉTICO: A FORÇA DO NOVO PARADIGMA EMPRESARIAL,ÚNICO,1,SÃO PAULO,CULTRIX,2007,,1ª,,
0128/2019,14/06/19,CDD-338.927,1. Crescimento econômico: Tecnologias alternativas: Economia,"HENDERSON, Hazel",MERCADO ÉTICO: A FORÇA DO NOVO PARADIGMA EMPRESARIAL,ÚNICO,2,SÃO PAULO,CULTRIX,2007,,1ª,,
0129/2019,14/06/19,CDD-338.927,1. Crescimento econômico: Tecnologias alternativas: Economia,"HENDERSON, Hazel",MERCADO ÉTICO: A FORÇA DO NOVO PARADIGMA EMPRESARIAL,ÚNICO,3,SÃO PAULO,CULTRIX,2007,,1ª,,
0130/2019,14/06/19,CDD-338.927,1. Crescimento econômico: Tecnologias alternativas: Economia,"HENDERSON, Hazel",MERCADO ÉTICO: A FORÇA DO NOVO PARADIGMA EMPRESARIAL,ÚNICO,4,SÃO PAULO,CULTRIX,2007,,1ª,,
0131/2019,14/06/19,CDD-338.927,1. Crescimento econômico: Tecnologias alternativas: Economia,"HENDERSON, Hazel",MERCADO ÉTICO: A FORÇA DO NOVO PARADIGMA EMPRESARIAL,ÚNICO,5,SÃO PAULO,CULTRIX,2007,,1ª,,
0132/2019,14/06/19,CDD-338.927,1. Crescimento econômico: Tecnologias alternativas: Economia,"HENDERSON, Hazel",MERCADO ÉTICO: A FORÇA DO NOVO PARADIGMA EMPRESARIAL,ÚNICO,6,SÃO PAULO,CULTRIX,2007,,1ª,,
0133/2019,14/06/19,CDD-338.479107,1. Turismo: Estudo e ensino,"BENI, Mário Carlos",ANÁLISE ESTRUTURAL DO TURISMO,ÚNICO,1,SÃO PAULO,EDITORA SENAC,1998,,1ª,,
0134/2019,14/06/19,CDD-338.479107,1. Turismo: Estudo e ensino,"BENI, Mário Carlos",ANÁLISE ESTRUTURAL DO TURISMO,ÚNICO,2,SÃO PAULO,EDITORA SENAC,1998,,1ª,,
0135/2019,14/06/19,CDD-338.479107,1. Turismo: Estudo e ensino,"BENI, Mário Carlos",ANÁLISE ESTRUTURAL DO TURISMO,ÚNICO,3,SÃO PAULO,EDITORA SENAC,1998,,1ª,,
0136/2019,14/06/19,CDD-338.479107,1. Turismo: Estudo e ensino,"BENI, Mário Carlos",ANÁLISE ESTRUTURAL DO TURISMO,ÚNICO,4,SÃO PAULO,EDITORA SENAC,1998,,1ª,,
0137/2019,14/06/19,CDD-338.479107,1. Turismo: Estudo e ensino,"BENI, Mário Carlos",ANÁLISE ESTRUTURAL DO TURISMO,ÚNICO,5,SÃO PAULO,EDITORA SENAC,1998,,1ª,,
0138/2019,14/06/19,CDU-347.121.1:341:342,1. Direitos humanos e direito constitucional internacional,"PIOVESAN, Flávia",TEMAS DE DIREITOS HUMANOS,ÚNICO,1,SÃO PAULO,SARAIVA,2010,,4ª,,
0139/2019,14/06/19,CDU-347.121.1:341:342,1. Direitos humanos e direito constitucional internacional,"PIOVESAN, Flávia",TEMAS DE DIREITOS HUMANOS,ÚNICO,2,SÃO PAULO,SARAIVA,2010,,4ª,,
0140/2019,14/06/19,CDD-338.4791,1. Turismo,SENAC,"BEM-VINDO, VOLTE SEMPRE",ÚNICO,1,RIO DE JANEIRO,SENAC NACIONAL,2012,,1ª,,
0141/2019,14/06/19,CDD-338.4791,1. Turismo,SENAC,"BEM-VINDO, VOLTE SEMPRE",ÚNICO,2,RIO DE JANEIRO,SENAC NACIONAL,2012,,1ª,,
0142/2019,14/06/19,CDD-338.4791,1. Turismo,SENAC,"BEM-VINDO, VOLTE SEMPRE",ÚNICO,3,RIO DE JANEIRO,SENAC NACIONAL,2012,,1ª,,
0143/2019,14/06/19,CDD-338.4791,1. Turismo,SENAC,"BEM-VINDO, VOLTE SEMPRE",ÚNICO,4,RIO DE JANEIRO,SENAC NACIONAL,2012,,1ª,,
0144/2019,14/06/19,CDD-338.4791,1. Turismo,SENAC,"BEM-VINDO, VOLTE SEMPRE",ÚNICO,5,RIO DE JANEIRO,SENAC NACIONAL,2012,,1ª,,
0145/2019,14/06/19,CDD-338.4791,1. Turismo,SENAC,"BEM-VINDO, VOLTE SEMPRE",ÚNICO,6,RIO DE JANEIRO,SENAC NACIONAL,2012,,1ª,,
0146/2019,14/06/19,CDD-338.479107,1. Turismo: Estudo e ensino,"BARRETTO, Margarita",MANUAL DE INICIAÇÃO AO ESTUDO DO TURISMO,ÚNICO,1,CAMPINAS-SP,PAPIRUS,2011,,20ª,,
0147/2019,14/06/19,CDD-338.479107,1. Turismo: Estudo e ensino,"BARRETTO, Margarita",MANUAL DE INICIAÇÃO AO ESTUDO DO TURISMO,ÚNICO,2,CAMPINAS-SP,PAPIRUS,2011,,20ª,,
0148/2019,14/06/19,CDD-338.479107,1. Turismo: Estudo e ensino,"BARRETTO, Margarita",MANUAL DE INICIAÇÃO AO ESTUDO DO TURISMO,ÚNICO,3,CAMPINAS-SP,PAPIRUS,2011,,20ª,,
0149/2019,14/06/19,CDD-338.479107,1. Turismo: Estudo e ensino,"BARRETTO, Margarita",MANUAL DE INICIAÇÃO AO ESTUDO DO TURISMO,ÚNICO,4,CAMPINAS-SP,PAPIRUS,2011,,20ª,,
0150/2019,14/06/19,CDD-338.479107,1. Turismo: Estudo e ensino,"BARRETTO, Margarita",MANUAL DE INICIAÇÃO AO ESTUDO DO TURISMO,ÚNICO,5,CAMPINAS-SP,PAPIRUS,2011,,20ª,,
0151/2019,14/06/19,CDD-338.4791,1. Lazer e recreação na hotelaria: Turismo: Economia,"PINA, Luiz Wilson",LAZER E RECREAÇÃO NA HOTELARIA,ÚNICO,1,SÃO PAULO,SENAC SÃO PAULO,2012,,2ª,,
0152/2019,14/06/19,CDD-338.4791,1. Lazer e recreação na hotelaria: Turismo: Economia,"PINA, Luiz Wilson",LAZER E RECREAÇÃO NA HOTELARIA,ÚNICO,2,SÃO PAULO,SENAC SÃO PAULO,2012,,2ª,,
0153/2019,14/06/19,CDD-338.4791,1. Lazer e recreação na hotelaria: Turismo: Economia,"PINA, Luiz Wilson",LAZER E RECREAÇÃO NA HOTELARIA,ÚNICO,3,SÃO PAULO,SENAC SÃO PAULO,2012,,2ª,,
0154/2019,14/06/19,CDD-338.4791,1. Lazer e recreação na hotelaria: Turismo: Economia,"PINA, Luiz Wilson",LAZER E RECREAÇÃO NA HOTELARIA,ÚNICO,4,SÃO PAULO,SENAC SÃO PAULO,2012,,2ª,,
0155/2019,14/06/19,CDD-338.4791,1. Lazer e recreação na hotelaria: Turismo: Economia,"PINA, Luiz Wilson",LAZER E RECREAÇÃO NA HOTELARIA,ÚNICO,5,SÃO PAULO,SENAC SÃO PAULO,2012,,2ª,,
0156/2019,14/06/19,CDD-338.4791,1. Turismo - Congressos,VÁRIOS AUTORES,COMPETÊNCIA PROFISSIONAL NO TURISMO E COMPROMISSO SOCIAL,ÚNICO,1,SÃO PAULO,ROCA,2006,,1ª,,
0157/2019,14/06/19,CDD-338.4791,1. Turismo - Congressos,VÁRIOS AUTORES,COMPETÊNCIA PROFISSIONAL NO TURISMO E COMPROMISSO SOCIAL,ÚNICO,2,SÃO PAULO,ROCA,2006,,1ª,,
0158/2019,14/06/19,CDD-338.4791023,1. Guia de turismo como profissão,"CHIMENTI, Silvia",GUIA DE TURISMO: O PROFISSIONAL E A PROFISSÃO,ÚNICO,1,SÃO PAULO,SENAC SÃO PAULO,2011,,3ª,,
0159/2019,14/06/19,CDD-338.4791023,1. Guia de turismo como profissão,"CHIMENTI, Silvia",GUIA DE TURISMO: O PROFISSIONAL E A PROFISSÃO,ÚNICO,2,SÃO PAULO,SENAC SÃO PAULO,2011,,3ª,,
0160/2019,14/06/19,CDD-338.4791023,1. Guia de turismo como profissão,"CHIMENTI, Silvia",GUIA DE TURISMO: O PROFISSIONAL E A PROFISSÃO,ÚNICO,3,SÃO PAULO,SENAC SÃO PAULO,2011,,3ª,,
0161/2019,14/06/19,CDD-338.4791023,1. Guia de turismo como profissão,"CHIMENTI, Silvia",GUIA DE TURISMO: O PROFISSIONAL E A PROFISSÃO,ÚNICO,4,SÃO PAULO,SENAC SÃO PAULO,2011,,3ª,,
0162/2019,14/06/19,CDD-306.48,1. Turismo,"TRIGO, Luiz Gonzaga Godoi",TURISMO BÁSICO,ÚNICO,1,SÃO PAULO,SENAC SÃO PAULO,1998,,8ª,,
0163/2019,14/06/19,CDD-306.48,1. Turismo,"TRIGO, Luiz Gonzaga Godoi",TURISMO BÁSICO,ÚNICO,2,SÃO PAULO,SENAC SÃO PAULO,1998,,8ª,,
0164/2019,14/06/19,CDD-306.48,1. Turismo,"TRIGO, Luiz Gonzaga Godoi",TURISMO BÁSICO,ÚNICO,3,SÃO PAULO,SENAC SÃO PAULO,1998,,8ª,,
0165/2019,14/06/19,CDD-306.48,1. Turismo,"TRIGO, Luiz Gonzaga Godoi",TURISMO BÁSICO,ÚNICO,4,SÃO PAULO,SENAC SÃO PAULO,1998,,8ª,,
0166/2019,14/06/19,CDD-306.48,1. Turismo,"TRIGO, Luiz Gonzaga Godoi",TURISMO BÁSICO,ÚNICO,5,SÃO PAULO,SENAC SÃO PAULO,1998,,8ª,,
0167/2019,14/06/19,CDD-306.48,1. Turismo,"TRIGO, Luiz Gonzaga Godoi",TURISMO BÁSICO,ÚNICO,6,SÃO PAULO,SENAC SÃO PAULO,1998,,8ª,,
0168/2019,14/06/19,CDD 305.230981,1. Juventude rural - Brasil,VÁRIOS AUTORES,JUVENTUDE RURAL EM PERSPECTIVA,ÚNICO,1,RIO DE JANEIRO,MAUAD X,2007,,1ª,,
0169/2019,14/06/19,CDD 305.230981,1. Juventude rural - Brasil,VÁRIOS AUTORES,JUVENTUDE RURAL EM PERSPECTIVA,ÚNICO,2,RIO DE JANEIRO,MAUAD X,2007,,1ª,,
0170/2019,14/06/19,CDD 305.230981,1. Juventude rural - Brasil,VÁRIOS AUTORES,JUVENTUDE RURAL EM PERSPECTIVA,ÚNICO,3,RIO DE JANEIRO,MAUAD X,2007,,1ª,,
0171/2019,14/06/19,CDD 305.230981,1. Juventude rural - Brasil,VÁRIOS AUTORES,JUVENTUDE RURAL EM PERSPECTIVA,ÚNICO,4,RIO DE JANEIRO,MAUAD X,2007,,1ª,,
0172/2019,14/06/19,CDD 305.230981,1. Juventude rural - Brasil,VÁRIOS AUTORES,JUVENTUDE RURAL EM PERSPECTIVA,ÚNICO,5,RIO DE JANEIRO,MAUAD X,2007,,1ª,,
0173/2019,14/06/19,CDD 305.230981,1. Juventude rural - Brasil,VÁRIOS AUTORES,JUVENTUDE RURAL EM PERSPECTIVA,ÚNICO,6,RIO DE JANEIRO,MAUAD X,2007,,1ª,,
0174/2019,14/06/19,CDD-334,1. Cooperativismo,"ABRANTES, José",ASSOCIATIVISMO E COOPERATIVISMO: COMO A UNIÃO DE PEQUENOS EMPREENDEDORES PODE GERAR EMPREGO E RENDA NO BRASIL,ÚNICO,1,RIO DE JANEIRO,INTERCIÊNCIA,2004,,1ª,,
0175/2019,14/06/19,CDD-334,1. Cooperativismo,"ABRANTES, José",ASSOCIATIVISMO E COOPERATIVISMO: COMO A UNIÃO DE PEQUENOS EMPREENDEDORES PODE GERAR EMPREGO E RENDA NO BRASIL,ÚNICO,2,RIO DE JANEIRO,INTERCIÊNCIA,2004,,1ª,,
0176/2019,14/06/19,CDD-334,1. Cooperativismo,"ABRANTES, José",ASSOCIATIVISMO E COOPERATIVISMO: COMO A UNIÃO DE PEQUENOS EMPREENDEDORES PODE GERAR EMPREGO E RENDA NO BRASIL,ÚNICO,3,RIO DE JANEIRO,INTERCIÊNCIA,2004,,1ª,,
0177/2019,14/06/19,CDD-334,1. Cooperativismo,"ABRANTES, José",ASSOCIATIVISMO E COOPERATIVISMO: COMO A UNIÃO DE PEQUENOS EMPREENDEDORES PODE GERAR EMPREGO E RENDA NO BRASIL,ÚNICO,4,RIO DE JANEIRO,INTERCIÊNCIA,2004,,1ª,,
0178/2019,14/06/19,CDD-334,1. Cooperativismo,"ABRANTES, José",ASSOCIATIVISMO E COOPERATIVISMO: COMO A UNIÃO DE PEQUENOS EMPREENDEDORES PODE GERAR EMPREGO E RENDA NO BRASIL,ÚNICO,5,RIO DE JANEIRO,INTERCIÊNCIA,2004,,1ª,,
0179/2019,14/06/19,CDD-334,1. Cooperativismo,"ABRANTES, José",ASSOCIATIVISMO E COOPERATIVISMO: COMO A UNIÃO DE PEQUENOS EMPREENDEDORES PODE GERAR EMPREGO E RENDA NO BRASIL,ÚNICO,6,RIO DE JANEIRO,INTERCIÊNCIA,2004,,1ª,,
0180/2019,14/06/19,CDD-304.2,1. Educação Ambiental: Formação do sujeito ecológico: Ecologia humana,"CARVALHO, Isabel Cristina de Moura",EDUCAÇÃO AMBIENTAL: A FORMAÇÃO DO SUJEITO ECOLÓGICO,ÚNICO,1,SÃO PAULO,CORTEZ,2012,,6ª,,
0181/2019,14/06/19,CDD-304.2,1. Educação Ambiental: Formação do sujeito ecológico: Ecologia humana,"CARVALHO, Isabel Cristina de Moura",EDUCAÇÃO AMBIENTAL: A FORMAÇÃO DO SUJEITO ECOLÓGICO,ÚNICO,2,SÃO PAULO,CORTEZ,2012,,6ª,,
0182/2019,14/06/19,CDD-304.2,1. Globalização - Aspectos ambientais,"GONÇALVES, Carlos Walter Porto",O DESAFIO AMBIENTAL,ÚNICO,1,RIO DE JANEIRO,RECORD,2012,,3ª,,
0183/2019,14/06/19,CDD-304.2,1. Globalização - Aspectos ambientais,"GONÇALVES, Carlos Walter Porto",O DESAFIO AMBIENTAL,ÚNICO,2,RIO DE JANEIRO,RECORD,2012,,3ª,,
0184/2019,14/06/19,CDD-370,1. Educação popular,"RIBEIRO, Marlene","MOVIMENTO CAMPONÊS, TRABALHO E EDUCAÇÃO: LIBERDADE, AUTONOMIA, EMANCIPAÇÃO: PRINCÍPIOS/FINS DA FORMAÇÃO HUMANA",ÚNICO,1,SÃO PAULO,EXPRESSÃO POPULAR,2013,,2ª,,
0185/2019,14/06/19,CDD-370,1. Educação popular,"RIBEIRO, Marlene","MOVIMENTO CAMPONÊS, TRABALHO E EDUCAÇÃO: LIBERDADE, AUTONOMIA, EMANCIPAÇÃO: PRINCÍPIOS/FINS DA FORMAÇÃO HUMANA",ÚNICO,2,SÃO PAULO,EXPRESSÃO POPULAR,2013,,2ª,,
0186/2019,14/06/19,CDD-370,1. Educação popular,"RIBEIRO, Marlene","MOVIMENTO CAMPONÊS, TRABALHO E EDUCAÇÃO: LIBERDADE, AUTONOMIA, EMANCIPAÇÃO: PRINCÍPIOS/FINS DA FORMAÇÃO HUMANA",ÚNICO,3,SÃO PAULO,EXPRESSÃO POPULAR,2013,,2ª,,
0187/2019,14/06/19,CDD-370,1. Educação popular,"RIBEIRO, Marlene","MOVIMENTO CAMPONÊS, TRABALHO E EDUCAÇÃO: LIBERDADE, AUTONOMIA, EMANCIPAÇÃO: PRINCÍPIOS/FINS DA FORMAÇÃO HUMANA",ÚNICO,4,SÃO PAULO,EXPRESSÃO POPULAR,2013,,2ª,,
0188/2019,14/06/19,CDD-370,1. Educação popular,"RIBEIRO, Marlene","MOVIMENTO CAMPONÊS, TRABALHO E EDUCAÇÃO: LIBERDADE, AUTONOMIA, EMANCIPAÇÃO: PRINCÍPIOS/FINS DA FORMAÇÃO HUMANA",ÚNICO,5,SÃO PAULO,EXPRESSÃO POPULAR,2013,,2ª,,
0189/2019,14/06/19,CDD-338.10981,1. Agroindústria - Brasil,"NEVES, Marcos Fava",AGRONEGÓCIO DO BRASIL,ÚNICO,1,SÃO PAULO,SARAIVA,2005,,1ª,,
0190/2019,14/06/19,CDD-338.10981,1. Agroindústria - Brasil,"NEVES, Marcos Fava",AGRONEGÓCIO DO BRASIL,ÚNICO,2,SÃO PAULO,SARAIVA,2005,,1ª,,
0191/2019,14/06/19,CDD-338.10981,1. Agroindústria - Brasil,"NEVES, Marcos Fava",AGRONEGÓCIO DO BRASIL,ÚNICO,3,SÃO PAULO,SARAIVA,2005,,1ª,,
0192/2019,14/06/19,CDD-338.10981,1. Agroindústria - Brasil,"NEVES, Marcos Fava",AGRONEGÓCIO DO BRASIL,ÚNICO,4,SÃO PAULO,SARAIVA,2005,,1ª,,
0193/2019,14/06/19,CDD-338.10981,1. Agroindústria - Brasil,"NEVES, Marcos Fava",AGRONEGÓCIO DO BRASIL,ÚNICO,5,SÃO PAULO,SARAIVA,2005,,1ª,,
0194/2019,14/06/19,CDU-34:502.7,1. Agrobiodiversidade e direitos dos agricultores: Direito ambiental,"SANTILLI, Juliana",AGROBIODIVERSIDADE E DIREITOS DOS AGRICULTORES,ÚNICO,1,SÃO PAULO,PEIRÓPOLIS,2009,,1ª,,
0195/2019,14/06/19,CDU-34:502.7,1. Agrobiodiversidade e direitos dos agricultores: Direito ambiental,"SANTILLI, Juliana",AGROBIODIVERSIDADE E DIREITOS DOS AGRICULTORES,ÚNICO,2,SÃO PAULO,PEIRÓPOLIS,2009,,1ª,,
0196/2019,14/06/19,CDD-338.1,1. Economia agrícola,"FEIJÓ, Ricardo Luis Chaves",ECONOMIA AGRÍCOLA E DESENVOLVIMENTO RURAL,ÚNICO,1,RIO DE JANEIRO,LTC,2011,,1ª,,
0197/2019,14/06/19,CDD-338.1,1. Economia agrícola,"FEIJÓ, Ricardo Luis Chaves",ECONOMIA AGRÍCOLA E DESENVOLVIMENTO RURAL,ÚNICO,2,RIO DE JANEIRO,LTC,2011,,1ª,,
0198/2019,14/06/19,CDD-338.1,1. Economia agrícola,"FEIJÓ, Ricardo Luis Chaves",ECONOMIA AGRÍCOLA E DESENVOLVIMENTO RURAL,ÚNICO,3,RIO DE JANEIRO,LTC,2011,,1ª,,
0199/2019,14/06/19,CDD-338.1,1. Economia agrícola,"FEIJÓ, Ricardo Luis Chaves",ECONOMIA AGRÍCOLA E DESENVOLVIMENTO RURAL,ÚNICO,4,RIO DE JANEIRO,LTC,2011,,1ª,,
0200/2019,14/06/19,CDD-363.7003,1. Ecologia: Dicionários,VÁRIOS AUTORES,DICIONÁRIO BARSA DO MEIO AMBIENTE,ÚNICO,,SÃO PAULO,BARSA PLANETA,2009,,1ª,,
0201/2019,14/06/19,CDU-37.036,1. Educação artística - Ensino fundamental - Ensino médio,"ROSSI, Maria Helena Wagner",IMAGENS QUE FALAM: LEITURA DA ARTE NA ESCOLA,ÚNICO,,PORTO ALEGRE,MEDIAÇÃO,2009,,4ª,,
0202/2019,14/06/19,CDD-372.87,1. Educação musical: Ensino fundamental,"BASTIAN, Hans Günther",MÚSICA NA ESCOLA: A CONTRIBUIÇÃO DO ENSINO DA MÚSICA NO APRENDIZADO E NO CONVÍVIO SOCIAL DA CRIANÇA,ÚNICO,,SÃO PAULO,PAULINAS,2010,,2ª,,
0203/2019,14/06/19,CDD-372.35,1. Sistema imunológico: Ciências: Ensino fundamental,"CUNHA, Paulo Roberto da",POR DENTRO DO SISTEMA IMUNOLÓGICO,ÚNICO,1,SÃO PAULO,ATUAL,2004,,13ª,,
0204/2019,14/06/19,CDD-372.35,1. Sistema imunológico: Ciências: Ensino fundamental,"CUNHA, Paulo Roberto da",POR DENTRO DO SISTEMA IMUNOLÓGICO,ÚNICO,2,SÃO PAULO,ATUAL,2004,,13ª,,
0205/2019,14/06/19,CDD-333.91008131,1. Recursos hídricos - Brasil - Ceará - Baixo Jaguaribe,VÁRIOS AUTORES,"GESTÃO SUSTENTÁVEL NO BAIXO JAGUARIBE, CEARÁ",ÚNICO,1,FORTALEZA,EMBRAPA AGROINDÚSTRIA TROPICAL,2006,,1ª,,
0206/2019,14/06/19,CDD-333.91008131,1. Recursos hídricos - Brasil - Ceará - Baixo Jaguaribe,VÁRIOS AUTORES,"GESTÃO SUSTENTÁVEL NO BAIXO JAGUARIBE, CEARÁ",ÚNICO,2,FORTALEZA,EMBRAPA AGROINDÚSTRIA TROPICAL,2006,,1ª,,
0207/2019,14/06/19,CDD-333.91008131,1. Recursos hídricos - Brasil - Ceará - Baixo Jaguaribe,VÁRIOS AUTORES,"GESTÃO SUSTENTÁVEL NO BAIXO JAGUARIBE, CEARÁ",ÚNICO,3,FORTALEZA,EMBRAPA AGROINDÚSTRIA TROPICAL,2006,,1ª,,
0208/2019,14/06/19,CDD-375.0083,1. Desenvolvimento sustentável,VÁRIOS AUTORES,JULGAR: PERCEPÇÃO DO IMPACTO AMBIENTAL,V. 4,1,BRASÍLIA-DF,EMBRAPA,2012,,3ª,,
0209/2019,14/06/19,CDD-375.0083,1. Desenvolvimento sustentável,VÁRIOS AUTORES,AGIR: PERCEPÇÃO DA GESTÃO AMBIENTAL,V. 5,1,BRASÍLIA-DF,EMBRAPA,2012,,3ª,,
0210/2019,14/06/19,CDU-37:504(813.1),1. Desenvolvimento urbano e Gestão dos Recursos Hídricos do Ceará,VÁRIOS AUTORES,PROGRAMA DE EDUCAÇÃO AMBIENTAL DO CEARÁ,ÚNICO,1,FORTALEZA,SEMACE,2009,,3ª,,
0211/2019,14/06/19,CDU-37:504(813.1),1. Desenvolvimento urbano e Gestão dos Recursos Hídricos do Ceará,VÁRIOS AUTORES,PROGRAMA DE EDUCAÇÃO AMBIENTAL DO CEARÁ,ÚNICO,2,FORTALEZA,SEMACE,2009,,3ª,,
0212/2019,14/06/19,CDU-37:504(813.1),1. Desenvolvimento urbano e Gestão dos Recursos Hídricos do Ceará,VÁRIOS AUTORES,PROGRAMA DE EDUCAÇÃO AMBIENTAL DO CEARÁ,ÚNICO,3,FORTALEZA,SEMACE,2009,,3ª,,
0213/2019,14/06/19,CDU-37:504(813.1),1. Desenvolvimento urbano e Gestão dos Recursos Hídricos do Ceará,VÁRIOS AUTORES,PROGRAMA DE EDUCAÇÃO AMBIENTAL DO CEARÁ,ÚNICO,4,FORTALEZA,SEMACE,2009,,3ª,,
0214/2019,14/06/19,CDU-316,1. Sociologia,"GIDDENS, Anthony",SOCIOLOGIA,ÚNICO,,PORTO ALEGRE,ARTMED,2005,,4ª,,
0215/2019,14/06/19,CDD-333.714,1. Zoneamento,VÁRIOS AUTORES,ZONEAMENTO PEDOCLIMÁTICO DO CAJUAZEIRO (ANACARDIUM OCCIDENTALE L.) NO NORDESTE DO BRASIL E NORTE DE MINAS GERAIS,ÚNICO,,FORTALEZA,EMBRAPA AGROINDÚSTRIA TROPICAL,2000,,1ª,,
0216/2019,14/06/19,CDD-370.19,1. Dicionário - Ensino e uso,"RANGEL, Egon de Oliveira",COM DIREITO À PALAVRA: DICIONÁRIOS EM SALA DE AULA,ÚNICO,1,BRASÍLIA,MEC,2012,,1ª,,
0217/2019,14/06/19,CDD-370.19,1. Dicionário - Ensino e uso,"RANGEL, Egon de Oliveira",COM DIREITO À PALAVRA: DICIONÁRIOS EM SALA DE AULA,ÚNICO,2,BRASÍLIA,MEC,2012,,1ª,,
0218/2019,14/06/19,CDD-370.19,1. Dicionário - Ensino e uso,"RANGEL, Egon de Oliveira",COM DIREITO À PALAVRA: DICIONÁRIOS EM SALA DE AULA,ÚNICO,3,BRASÍLIA,MEC,2012,,1ª,,
0219/2019,14/06/19,CDD-370.19,1. Dicionário - Ensino e uso,"RANGEL, Egon de Oliveira",COM DIREITO À PALAVRA: DICIONÁRIOS EM SALA DE AULA,ÚNICO,4,BRASÍLIA,MEC,2012,,1ª,,
0220/2019,14/06/19,CDD-370.19,1. Dicionário - Ensino e uso,"RANGEL, Egon de Oliveira",COM DIREITO À PALAVRA: DICIONÁRIOS EM SALA DE AULA,ÚNICO,5,BRASÍLIA,MEC,2012,,1ª,,
0221/2019,14/06/19,CDD-370.19,1. Dicionário - Ensino e uso,"RANGEL, Egon de Oliveira",COM DIREITO À PALAVRA: DICIONÁRIOS EM SALA DE AULA,ÚNICO,6,BRASÍLIA,MEC,2012,,1ª,,
0222/2019,14/06/19,CDD-370.19,1. Dicionário - Ensino e uso,"RANGEL, Egon de Oliveira",COM DIREITO À PALAVRA: DICIONÁRIOS EM SALA DE AULA,ÚNICO,7,BRASÍLIA,MEC,2012,,1ª,,
0223/2019,14/06/19,CDD-370.19,1. Dicionário - Ensino e uso,"RANGEL, Egon de Oliveira",COM DIREITO À PALAVRA: DICIONÁRIOS EM SALA DE AULA,ÚNICO,8,BRASÍLIA,MEC,2012,,1ª,,
0224/2019,14/06/19,CDD-370.19,1. Dicionário - Ensino e uso,"RANGEL, Egon de Oliveira",COM DIREITO À PALAVRA: DICIONÁRIOS EM SALA DE AULA,ÚNICO,9,BRASÍLIA,MEC,2012,,1ª,,
0225/2019,14/06/19,CDD-370.19,1. Dicionário - Ensino e uso,"RANGEL, Egon de Oliveira",COM DIREITO À PALAVRA: DICIONÁRIOS EM SALA DE AULA,ÚNICO,10,BRASÍLIA,MEC,2012,,1ª,,
0226/2019,14/06/19,CDD-370.19,1. Dicionário - Ensino e uso,"RANGEL, Egon de Oliveira",COM DIREITO À PALAVRA: DICIONÁRIOS EM SALA DE AULA,ÚNICO,11,BRASÍLIA,MEC,2012,,1ª,,
0227/2019,14/06/19,CDD-370.91734,1. Educação do campo,"CARVALHO, Deborah de","NOVOS TEMPOS, NOVAS ENGRENAGENS: AS TRANSFORMAÇÕES NO CAMPO E SUAS DINÂMICAS URBANAS",ÚNICO,1,SÃO PAULO,EDITORA DO BRASIL,2012,,1ª,,
0228/2019,14/06/19,CDU-334.784,1. Cooperativismo,"ZAMPERETTI, Mauro",JUNTOS SOMOS FORTES: AGRONEGÓCIO,ÚNICO,,BRASÍLIA,SEBRAE,2005,,1ª,,
0229/2019,14/06/19,CDD-329.09,1. Direitos humanos: Política: História,VÁRIOS AUTORES,"DIREITOS HUMANOS: DIFERENTES CENÁRIOS, NOVAS PERSPECTIVAS",ÚNICO,1,SÃO PAULO,EDITORA DO BRASIL,2012,,1ª,,
0230/2019,14/06/19,CDD-329.09,1. Direitos humanos: Política: História,VÁRIOS AUTORES,"DIREITOS HUMANOS: DIFERENTES CENÁRIOS, NOVAS PERSPECTIVAS",ÚNICO,2,SÃO PAULO,EDITORA DO BRASIL,2012,,1ª,,
0231/2019,14/06/19,CDU-34(81)(091),1. Brasil: Direito: História,VÁRIOS AUTORES,HISTÓRIA DO DIREITO BRASILEIRO,ÚNICO,,SÃO PAULO,ATLAS,2010,,2ª,,
0232/2019,14/06/19,CDD-323.609,1. Cidadania: História: Ciência Política,VÁRIOS AUTORES,HISTÓRIA DA CIDADANIA,ÚNICO,1,SÃO PAULO,CONTEXTO,2012,,6ª,,
0233/2019,14/06/19,CDD-323.609,1. Cidadania: História: Ciência Política,VÁRIOS AUTORES,HISTÓRIA DA CIDADANIA,ÚNICO,2,SÃO PAULO,CONTEXTO,2012,,6ª,,
0234/2019,14/06/19,CDD-306.4,1. Culturas juvenis e cinema: Sociologia educacional,VÁRIOS AUTORES,A JUVENTUDE VAI AO CINEMA,ÚNICO,1,BELO HORIZONTE,AUTÊNTICA EDITORA,2009,,1ª,,
0235/2019,14/06/19,CDD-306.4,1. Culturas juvenis e cinema: Sociologia educacional,VÁRIOS AUTORES,A JUVENTUDE VAI AO CINEMA,ÚNICO,2,BELO HORIZONTE,AUTÊNTICA EDITORA,2009,,1ª,,
0236/2019,14/06/19,CDD-323.60981,1. Cidadania - Brasil - História,"CARVALHO, José Murilo de",CIDADANIA NO BRASIL: O LONGO CAMINHO,ÚNICO,1,RIO DE JANEIRO,CIVILIZAÇÃO BRASILEIRA,2012,,15ª,,
0237/2019,14/06/19,CDD-323.60981,1. Cidadania - Brasil - História,"CARVALHO, José Murilo de",CIDADANIA NO BRASIL: O LONGO CAMINHO,ÚNICO,2,RIO DE JANEIRO,CIVILIZAÇÃO BRASILEIRA,2012,,15ª,,
0238/2019,14/06/19,CDD-301,1. Sociologia,"MARTINS, Carlos Benedito",O QUE É SOCIOLOGIA,ÚNICO,,SÃO PAULO,BRASILIENSE,2006,,1ª,,
0239/2019,14/06/19,CDD-628.4458,1. Lixo: Reciclagem do lixo: Hotelaria,"COSTA, Silvia de Souza",LIXO MÍNIMO: UMA PROPOSTA ECOLÓGICA PARA HOTELARIA,ÚNICO,,RIO DE JANEIRO,SENAC NACIONAL,2007,,1ª,,
0240/2019,14/06/19,CDD-370.115,1. Adolescentes: Educação para a vida: Pedagogia,"SERRÃO, Margarida",APRENDENDO A SER E A CONVIVER,ÚNICO,1,SÃO PAULO,FTD,1999,,2ª,,
0241/2019,14/06/19,CDD-370.115,1. Adolescentes: Educação para a vida: Pedagogia,"SERRÃO, Margarida",APRENDENDO A SER E A CONVIVER,ÚNICO,2,SÃO PAULO,FTD,199,,2ª,,
0242/2019,14/06/19,CDD-300,1. Sociologia: Análise filosófica: Fundamentos da sociedade.,"ADORNO, Theodor W.",LIÇÕES DE SOCIOLOGIA,V. 5,1,LISBOA,EDIÇÕES 70,2013,,1ª,,
0243/2019,14/06/19,CDD-300,1. Sociologia: Análise filosófica: Fundamentos da sociedade.,"ADORNO, Theodor W.",LIÇÕES DE SOCIOLOGIA,V. 5,2,LISBOA,EDIÇÕES 70,2013,,1ª,,
0244/2019,14/06/19,CDD-304.28,1. Natureza: proteção: Ecologia humana,"GORBACHEV, Mikhail Sergeevitch",MEU MANIFESTO PELA TERRA,ÚNICO,1,SÃO PAULO,EDITORA PLANETA DO BRASIL,2008,,2ª,,
0245/2019,14/06/19,CDD-304.28,1. Natureza: proteção: Ecologia humana,"GORBACHEV, Mikhail Sergeevitch",MEU MANIFESTO PELA TERRA,ÚNICO,2,SÃO PAULO,EDITORA PLANETA DO BRASIL,2008,,2ª,,
0246/2019,14/06/19,CDD-304.28,1. Natureza: proteção: Ecologia humana,"GORBACHEV, Mikhail Sergeevitch",MEU MANIFESTO PELA TERRA,ÚNICO,3,SÃO PAULO,EDITORA PLANETA DO BRASIL,2008,,2ª,,
0247/2019,14/06/19,CDD-304.28,1. Natureza: proteção: Ecologia humana,"GORBACHEV, Mikhail Sergeevitch",MEU MANIFESTO PELA TERRA,ÚNICO,4,SÃO PAULO,EDITORA PLANETA DO BRASIL,2008,,2ª,,
0248/2019,14/06/19,CDD-300,1. Sociologia - Estudos sobre a realidade social,VÁRIOS AUTORES,SOCIOLOGIA - ESTUDOS SOBRE A REALIDADE SOCIAL,ÚNICO,,CURITIBA,CONTEXTUAL LTDA,2010,,1ª,,
0249/2019,14/06/19,CDD-362.29,"1. Drogas, consumo, prevenção",BRASIL. Secretaria Nacional de Políticas sobre Drogas,CURSO DE PREVENÇÃO DO USO DE DROGAS PARA EDUCADORES DE ESCOLAS PÚBLICAS,ÚNICO,,BRASÍLIA,MINISTÉRIO DA JUSTIÇA,2014,,6ª,,
0250/2019,17/06/19,CDU-37(81)(042),1. Conferência Nacional de Educação (Conae),MEC,CONFERÊNCIA NACIONAL DE EDUCAÇÃO: DOCUMENTO - REFERÊNCIA,ÚNICO,,BRASÍLIA,"MINISTÉRIO DA EDUCAÇÃO, SECRETARIA EXECUTIVA ADJUNTA",2013,,1ª,,
0251/2019,17/06/19,CDU-372.47,1. Ensino de Matemática,MEC-SEB,PRÓ-LETRAMENTO: PROGRAMA DE FORMAÇÃO CONTINUADA DE PROFESSORES DOS ANOS/SÉRIES INICIAIS DO ENSINO FUNDAMENTAL: MATEMÁTICA,ÚNICO,,BRASÍLIA,"MINISTÉRIO DA EDUCAÇÃO, SECRETARIA DE EDUCAÇÃO BÁSICA",2008,,,,
0252/2019,17/06/19,CDD-371.8298081,1. Índios - Educação de crianças - Brasil,VÁRIOS AUTORES,POVOS INDÍGENAS & EDUCAÇÃO,ÚNICO,1,PORTO ALEGRE,MEDIAÇÃO,2012,,2ª,,
0253/2019,17/06/19,CDD-371.8298081,1. Índios - Educação de crianças - Brasil,VÁRIOS AUTORES,POVOS INDÍGENAS & EDUCAÇÃO,ÚNICO,2,PORTO ALEGRE,MEDIAÇÃO,2012,,2ª,,
0254/2019,17/06/19,CDD-370.193460981,1. Comunidade - Desenvolvimento,VÁRIOS AUTORES,"TERRITÓRIOS EDUCATIVOS NA EDUCAÇÃO DO CAMPO: ESCOLA, COMUNIDADE  E MOVIMENTOS SOCIAIS",ÚNICO,1,BELO HORIZONTE,EDITORA GUTENBERG,2012,,2ª,,
0255/2019,17/06/19,CDD-370.193460981,1. Comunidade - Desenvolvimento,VÁRIOS AUTORES,"TERRITÓRIOS EDUCATIVOS NA EDUCAÇÃO DO CAMPO: ESCOLA, COMUNIDADE  E MOVIMENTOS SOCIAIS",ÚNICO,2,BELO HORIZONTE,EDITORA GUTENBERG,2012,,2ª,,
0256/2019,17/06/19,CDD-370.19342,1. Educação - Brasil,VÁRIOS AUTORES,RELAÇÕES ÉTNICO-RACIAIS E EDUCAÇÃO NO BRASIL,ÚNICO,1,BELO HORIZONTE,MAZZA EDIÇÕES,2011,,1ª,,
0257/2019,17/06/19,CDD-370.19342,1. Educação - Brasil,VÁRIOS AUTORES,RELAÇÕES ÉTNICO-RACIAIS E EDUCAÇÃO NO BRASIL,ÚNICO,2,BELO HORIZONTE,MAZZA EDIÇÕES,2011,,1ª,,
0258/2019,17/06/19,CDD-305.8,1. Preconceito contra a origem geográfica: Sociologia,"ALBUQUERQUE JÚNIOR, Durval Muniz de",PRECONCEITO CONTRA A ORIGEM GEOGRÁFICA E DE LUGAR: AS FRONTEIRAS DA DISCÓRDIA,ÚNICO,1,SÃO PAULO,EDIÇÕES MMM,2012,,3ª,,
0259/2019,17/06/19,CDD-305.8,1. Preconceito contra a origem geográfica: Sociologia,"ALBUQUERQUE JÚNIOR, Durval Muniz de",PRECONCEITO CONTRA A ORIGEM GEOGRÁFICA E DE LUGAR: AS FRONTEIRAS DA DISCÓRDIA,ÚNICO,2,SÃO PAULO,EDIÇÕES MMM,2012,,3ª,,
0260/2019,17/06/19,CDD-300,1. Ciências Sociais,VÁRIOS AUTORES,"CADERNO DE CIÊNCIAS SOCIAS DA UNIVERSIDADE REGIONAL DO CARIRI, TENDÊNCIAS",V. 2,,CRATO,URCA,2004,,1ª,,
0261/2019,17/06/19,CDD-302.2,1. Comunicação,VÁRIOS AUTORES,INTERAÇÕES MIDIÁTICAS,ÚNICO,1,BELO HORIZONTE,AUTÊNTICA,2006,,1ª,,
0262/2019,17/06/19,CDU-320.101,1. Estado: Teoria: Ciência política,"DALLARI, Dalmo de Abreu",O FUTURO DO ESTADO,ÚNICO,,SÃO PAULO,SARAIVA,2007,,2ª,,
0263/2019,17/06/19,CDD-302,1. Cidadania: Sociologia,VÁRIOS AUTORES,"CIDADANIA, UM PROJETO EM CONSTRUÇÃO: MINORIAS, JUSTIÇA E DIREITOS",ÚNICO,1,SÃO PAULO,CLARO ENIGMA,2012,,1ª,,
0264/2019,17/06/19,CDD-320,1. Ciências Políticas: História,"CHEVALLIER, Jean-Jacques",HISTÓRIA DO PENSAMENTO POLÍTICO: O DECLÍNIO DO ESTADO-NAÇÃO MONÁRQUICO,V. 2,,RIO DE JANEIRO,EDITORA GUANABARA KOOGAN S.A.,1983,,1ª,,
0265/2019,17/06/19,CDD-372.357 ,1. Ciências Naturais: Educação Ambiental,"PACHECO, Emília Batista",EDUCAÇÃO AMBIENTAL EM FOCO: SUBSÍDIOS AOS PROFESSORES DE 1º GRAU,ÚNICO,,BELO HORIZONTE,EDITORA LÊ,1992,,2ª,,
0266/2019,17/06/19,CDD-302.2,1. Comunicação,VÁRIOS AUTORES,INTERAÇÕES MIDIÁTICAS,ÚNICO,2,BELO HORIZONTE,AUTÊNTICA,2006,,1ª,,
0267/2019,17/06/19,CDD-398.20981,1. Brasil: Cordelistas: Biográfia e obra: Literatura folclórica,"MAXADO, Franklin",CORDEL,ÚNICO,1,SÃO PAULO,HEDRA,2010,,1ª,,
0268/2019,17/06/19,CDD-398.20981,1. Brasil: Cordelistas: Biográfia e obra: Literatura folclórica,"MAXADO, Franklin",CORDEL,ÚNICO,2,SÃO PAULO,HEDRA,2010,,1ª,,
0269/2019,17/06/19,CDD-398.20981,1. Brasil: Cordelistas: Biográfia e obra: Literatura folclórica,"PANELAS, Oliveira de",CORDEL,ÚNICO,,SÃO PAULO,HEDRA,2010,,1ª,,
0270/2019,17/06/19,CDD-398.20981,1. Brasil: Cordelistas: Biográfia e obra: Literatura folclórica,"SILVA, Expedito Sebastião da",CORDEL,ÚNICO,,SÃO PAULO,HEDRA,2010,,1ª,,
0271/2019,17/06/19,CDD-398.20981,1. Brasil: Cordelistas: Biográfia e obra: Literatura folclórica,"ASSARÉ, Patativa do",CORDEL,ÚNICO,,SÃO PAULO,HEDRA,2007,,1ª,,
0272/2019,17/06/19,CDD-398.20981,1. Brasil: Cordelistas: Biográfia e obra: Literatura folclórica,"VIANA, Antonio Klévisson",CORDEL,ÚNICO,,SÃO PAULO,HEDRA,2007,,1ª,,
0273/2019,17/06/19,CDD-302,1. Cidadania: Sociologia,VÁRIOS AUTORES,"CIDADANIA, UM PROJETO EM CONSTRUÇÃO: MINORIAS, JUSTIÇA E DIREITOS",ÚNICO,2,SÃO PAULO,CLARO ENIGMA,2012,,1ª,,
0274/2019,18/06/19,CDD-37.012(075)(813.1),1. Leitura: Experiências: Formação de professores.,"CEARÁ, Secretaria da Educação",O PROFESSOR E A LEITURA: HISTÓRIAS DE FORMAÇÃO,ÚNICO,1,FORTALEZA,SEDUC,2011,,1ª,,
0275/2019,18/06/19,CDD-37.012(075)(813.1),1. Leitura: Experiências: Formação de professores.,"CEARÁ, Secretaria da Educação",O PROFESSOR E A LEITURA: HISTÓRIAS DE FORMAÇÃO,ÚNICO,2,FORTALEZA,SEDUC,2011,,1ª,,
0276/2019,18/06/19,CDD-37.012(075)(813.1),1. Leitura: Experiências: Formação de professores.,"CEARÁ, Secretaria da Educação",O PROFESSOR E A LEITURA: HISTÓRIAS DE FORMAÇÃO,ÚNICO,3,FORTALEZA,SEDUC,2011,,1ª,,
0277/2019,18/06/19,CDD-37.012(075)(813.1),1. Leitura: Experiências: Formação de professores.,"CEARÁ, Secretaria da Educação",LEITURA E TRABALHO PEDAGÓGICO,ÚNICO,1,FORTALEZA,SEDUC,2011,,1ª,,
0278/2019,18/06/19,CDD-37.012(075)(813.1),1. Leitura: Experiências: Formação de professores.,"CEARÁ, Secretaria da Educação",LEITURA E TRABALHO PEDAGÓGICO,ÚNICO,2,FORTALEZA,SEDUC,2011,,1ª,,
0279/2019,18/06/19,CDD-37.012(075)(813.1),1. Leitura: Experiências: Formação de professores.,"CEARÁ, Secretaria da Educação",LEITURA E TRABALHO PEDAGÓGICO,ÚNICO,3,FORTALEZA,SEDUC,2011,,1ª,,
0280/2019,18/06/19,CDD-371.3,1. Educação bilíngue: Experiências didáticas: Surdos,"CEARÁ, Secretaria da Educação",EXPERIÊNCIAS EXITOSAS EM EDUCAÇÃO BILÍNGUE PARA SURDOS,ÚNICO,,FORTALEZA,SEDUC,2011,,1ª,,
0281/2019,18/06/19,CDD-371.9,1. Pessoas com necessidade especiais: Educação inclusiva,VÁRIOS AUTORES,POSSIBILIDADES DE APRENDIZAGEM: AÇÕES PEDAGÓGICAS PARA ALUNOS COM DIFICULDADE E DEFICIÊNCIA,ÚNICO,1,CAMPINAS-SP,EDITORA ALÍNEA,2011,,1ª,,
0282/2019,18/06/19,CDD-371.9,1. Pessoas com necessidade especiais: Educação inclusiva,VÁRIOS AUTORES,POSSIBILIDADES DE APRENDIZAGEM: AÇÕES PEDAGÓGICAS PARA ALUNOS COM DIFICULDADE E DEFICIÊNCIA,ÚNICO,2,CAMPINAS-SP,EDITORA ALÍNEA,2011,,1ª,,
0283/2019,18/06/19,CDU-37.012,1. Educação - Investigação educacional,"ÁLVAREZ MÉNDEZ, J. M.","AVALIAR PARA CONHECER, EXAMINAR PARA EXCLUIR",ÚNICO,,PORTO ALEGRE,ARTMED,2002,,1ª,,
0284/2019,18/06/19,CDD-362.10981,1. Adminstradores de saúde: Biografia e obra,"CAMPOS, Juarez de Queiroz",ADMINISTRAÇÃO DE SAÚDE: QUATRO DÉCADAS DE VIVÊNCIA,ÚNICO,,SÃO PAULO,J.Q.CAMPOS,1989,,1ª,,
0285/2019,18/06/19,CDD-370.981,1. Educação-Brasil,"OLIVEIRA, Alaíde Lisboa de ",NOVA DIDÁTICA,ÚNICO,,RIO DE JANEIRO,TEMPO BRASILEIRO,1978,,1ª,,
0286/2019,18/06/19,CDU-37,1. Educação: Informática: Tecnologia na Educação,"PAIS, Luiz Carlos",EDUCAÇÃO ESCOLAR E AS TECNOLOGIAS DA INFORMÁTICA,ÚNICO,,BELO HORIZONTE,AUTÊNTICA,2010,,1ª,,
0287/2019,18/06/19,CDD-306,1. Antropologia: Sociedade e cultura.,"COLLEYN, Jean-Paul",ELEMENTOS DE ANTROPOLOGIA SOCIAL E CULTURAL,ÚNICO,,LISBOA,EDIÇÕES 70,2005,,1ª,,
0288/2019,18/06/19,CDD-371.399,1. Teatro na escola: Uso instrucional,"SALLES, Ruth","TEATRO NA ESCOLA, 4: PEÇAS PARA CRIANÇAS DE 11 ANOS",V. 4,,SÃO PAULO,PEIRÓPOLIS,2007,,1ª,,
0289/2019,18/06/19,CDU-37.012(075)(813.1),1. Textos didáticos: Experiências: Formação de Professores,"CEARÁ, Secretaria da Educação",PROFESSORES EM FORMAÇÃO: A ESCOLA COMO LUGAR DE PESQUISA,ÚNICO,1,FORTALEZA,SEDUC,2011,,1ª,,
0290/2019,18/06/19,CDU-37.012(075)(813.1),1. Textos didáticos: Experiências: Formação de Professores,"CEARÁ, Secretaria da Educação",PROFESSORES EM FORMAÇÃO: A ESCOLA COMO LUGAR DE PESQUISA,ÚNICO,2,FORTALEZA,SEDUC,2011,,1ª,,
0291/2019,18/06/19,CDU-37.012(075)(813.1),1. Textos didáticos: Experiências: Formação de Professores,"CEARÁ, Secretaria da Educação",PROFESSORES EM FORMAÇÃO: A ESCOLA COMO LUGAR DE PESQUISA,ÚNICO,3,FORTALEZA,SEDUC,2011,,1ª,,
0292/2019,18/06/19,CDU-37.012(075)(813.1),1. Textos didáticos: Experiências: Formação de Professores,"CEARÁ, Secretaria da Educação",PROFESSORES EM FORMAÇÃO: A ESCOLA COMO LUGAR DE PESQUISA,ÚNICO,4,FORTALEZA,SEDUC,2011,,1ª,,
0293/2019,18/06/19,CDU-37.012(075)(813.1),1. Textos didáticos: Experiências: Formação de Professores,"CEARÁ, Secretaria da Educação",PROFESSORES EM FORMAÇÃO: A ESCOLA COMO LUGAR DE PESQUISA,ÚNICO,5,FORTALEZA,SEDUC,2011,,1ª,,
0294/2019,18/06/19,CDU-37.012(075)(813.1),1. Textos didáticos: Experiências: Formação de Professores,"CEARÁ, Secretaria da Educação",PROFESSORES EM FORMAÇÃO: A ESCOLA COMO LUGAR DE PESQUISA,ÚNICO,6,FORTALEZA,SEDUC,2011,,1ª,DOADO PARA A CASA PITIA,
0295/2019,18/06/19,CDD-338.092,1. Empreendedores: Autobiografia e obra,"CHAP CHAP, Romeu",ROMEU CHAP CHAP: UMA VIDA EM CONSTRUÇÃO,ÚNICO,,RIO DE JANEIRO,ELSEVIER,2007,,1ª,,
0296/2019,18/06/19,CDU-301(091),1. Sociologia-História,"CUNHA, Flávio Saliba",HISTÓRIA & SOCIOLOGIA,ÚNICO,1,BELO HORIZONTE,AUTÊNTICA,2007,,1ª,,
0297/2019,18/06/19,CDD-371.33523,1. Cinema na sala de aula,"SILVA, Roseli Pereira",CINEMA E EDUCAÇÃO,ÚNICO,1,SÃO PAULO,CORTEZ,2007,,1ª,,
0298/2019,18/06/19,CDD-371.33523,1. Cinema na sala de aula,"SILVA, Roseli Pereira",CINEMA E EDUCAÇÃO,ÚNICO,2,SÃO PAULO,CORTEZ,2007,,1ª,,
0299/2019,18/06/19,CDU-37(081)(091),1. Educação-História-Brasil,VÁRIOS AUTORES,500 ANOS DE EDUCAÇÃO NO BRASIL,ÚNICO,1,BELO HORIZONTE,AUTÊNTICA,2010,,4ª,,
0300/2019,18/06/19,CDU-37(081)(091),1. Educação-História-Brasil,VÁRIOS AUTORES,500 ANOS DE EDUCAÇÃO NO BRASIL,ÚNICO,2,BELO HORIZONTE,AUTÊNTICA,2010,,4ª,,
0301/2019,18/06/19,CDD-333.3181,1. Reforma agrária - Brasil,"PORTELA, Fernando",REFORMA AGRÁRIA,ÚNICO,1,SÃO PAULO,ÁTICA,2010,,13ª,,
0302/2019,18/06/19,CDD-333.3181,1. Reforma agrária - Brasil,"PORTELA, Fernando",REFORMA AGRÁRIA,ÚNICO,2,SÃO PAULO,ÁTICA,2010,,13ª,,
0303/2019,18/06/19,CDD-372.8981,1. Brasil: Escravidão: História: Ensino Fundamental,"QUEVEDO, Júlio",A ESCRAVIDÃO NO BRASIL: TRABALHO E RESISTÊNCIA,ÚNICO,1,SÃO PAULO,FTD,1999,,2ª,,
0304/2019,18/06/19,CDD-372.8981,1. Brasil: Escravidão: História: Ensino Fundamental,"QUEVEDO, Júlio",A ESCRAVIDÃO NO BRASIL: TRABALHO E RESISTÊNCIA,ÚNICO,2,SÃO PAULO,FTD,1999,,2ª,,
0305/2019,18/06/19,CDD-306.08996081,1. Cultura africana: Sociologia,"LOPES, Nei",HISTÓRIA E CULTURA AFRICANA E AFRO-BRASILEIRA,ÚNICO,,SÃO PAULO,BARSA PLANETA,2011,,4ª,,
0306/2019,18/06/19,CDU-37,1. Educação-História-Leitura popular,"GALVÃO, Ana Maria de Oliveira",CORDEL: LEITORES E OUVINTES,ÚNICO,1,BELO HORIZONTE,AUTÊNTICA,2006,,1ª,,
0307/2019,18/06/19,CDU-37,1. Educação-História-Leitura popular,"GALVÃO, Ana Maria de Oliveira",CORDEL: LEITORES E OUVINTES,ÚNICO,2,BELO HORIZONTE,AUTÊNTICA,2006,,1ª,,
0308/2019,18/06/19,CDD-371.1024,1. Artes visuais: Educação,VÁRIOS AUTORES,ARTES VISUAIS NA EDUCAÇÃO INCLUSIVA: METODOLOGIAS E PRÁTICAS DO INSTITUTO RODRIGO MENDES,ÚNICO,1,SÃO PAULO,PEIRÓPOLIS,2010,,1ª,,
0309/2019,18/06/19,CDD-371.1024,1. Artes visuais: Educação,VÁRIOS AUTORES,ARTES VISUAIS NA EDUCAÇÃO INCLUSIVA: METODOLOGIAS E PRÁTICAS DO INSTITUTO RODRIGO MENDES,ÚNICO,2,SÃO PAULO,PEIRÓPOLIS,2010,,1ª,,
0310/2019,18/06/19,CDD-335.411,1. Ideias marxistas: História,"TEIXEIRA, Francisco",MARX NO SÉCULO XXI,ÚNICO,,SÃO PAULO,CORTEZ,2009,,2ª,,
0311/2019,18/06/19,CDD-370.1934,1. Diferenças na sala de aula: Sociologia educacional: Educação,VÁRIOS AUTORES,O DESAFIO DAS DIFERENÇAS NAS ESCOLAS,ÚNICO,1,"PETRÓPOLIS, RJ",VOZES,2011,,4ª,,
0312/2019,18/06/19,CDD-379.81,1. Brasil: Política educaiconal,"MELLO, Guiomar Namo de",CIDADANIA E COMPETITIVIDADE: DESAFIOS EDUCACIONAIS DO TERCEIRO MILÊNIO,ÚNICO,,SÃO PAULO,CORTEZ,1995,,4ª,,
0313/2019,18/06/19,CDU-372.4,1. Educação: Alfabetização,VÁRIOS AUTORES,DIÁLOGOS NA EDUCAÇÃO DE JOVENS E ADULTOS,ÚNICO,,BELO HORIZONTE,AUTÊNTICA,2011,,4ª,,
0314/2019,18/06/19,CDD-374,1. Educação: Jovens e Adultos,"SILVA, Natalino Neves da",JUVENTUDE NEGRA NA EJA: O DIREITO À DIFERENÇA,ÚNICO,1,BELO HORIZONTE,MAZZA EDIÇÕES,2010,,1ª,,
0315/2019,18/06/19,CDD-374,1. Educação: Jovens e Adultos,"SILVA, Natalino Neves da",JUVENTUDE NEGRA NA EJA: O DIREITO À DIFERENÇA,ÚNICO,2,BELO HORIZONTE,MAZZA EDIÇÕES,2010,,1ª,,
0316/2019,18/06/19,CDD-370.1934,1. Diferenças na sala de aula: Sociologia educacional: Educação,VÁRIOS AUTORES,O DESAFIO DAS DIFERENÇAS NAS ESCOLAS,ÚNICO,2,"PETRÓPOLIS, RJ",VOZES,2011,,4ª,,
0317/2019,18/06/19,CDU-37.046.14:94(813.7),1. Ensino de História: Educação secundária,"FREITAS, Itamar",A PEDAGOGIA HISTÓRICA DE JONATHAS SERRANO: UMA TEORIA DO ENSINO DE HISTÓRIA PARA A ESCOLA SECUNDÁRIA BRASILEIRA,ÚNICO,,SÃO CRISTOVÃO,UFS,2008,,1ª,,
0318/2019,18/06/19,CDD-372.13078,1. Textos na escola: Ensino de 1º grau,VÁRIOS AUTORES,APRENDER E ENSINAR COM TEXTOS DIDÁTICOS E PARADIDÁTICOS,V. 2,1,SÃO PAULO,CORTEZ,2007,,5ª,,
0319/2019,18/06/19,CDD-372.13078,1. Textos na escola: Ensino de 1º grau,VÁRIOS AUTORES,APRENDER E ENSINAR COM TEXTOS DIDÁTICOS E PARADIDÁTICOS,V. 2,2,SÃO PAULO,CORTEZ,2007,,5ª,,
0320/2019,18/06/19,CDU-37,1. Educação a distância: Matemática,"BORBA, Marcelo de Carvalho",EDUCAÇÃO A DISTÂNCIA ONLINE,ÚNICO,1,BELO HORIZONTE,AUTÊNTICA,2008,,2ª,,
0321/2019,18/06/19,CDU-37,1. Educação a distância: Matemática,"BORBA, Marcelo de Carvalho",EDUCAÇÃO A DISTÂNCIA ONLINE,ÚNICO,2,BELO HORIZONTE,AUTÊNTICA,2008,,2ª,,
0322/2019,18/06/19,CDD-370.922,1. Educadores: Biografia: Tratamento coletivo,VÁRIOS AUTORES,50 GRANDES EDUCADORES MODERNOS: DE PIAGET A PAULO FREIRE,ÚNICO,,SÃO PAULO,CONTEXTO,2008,,1ª,,
0323/2019,18/06/19,CDU-371.214.14,1. Currículo escolar: Política educacional,"GONÇALVES, Luiz Alberto Oliveira",CURRÍCULO E POLÍTICAS PÚBLICAS,ÚNICO,1,BELO HORIZONTE,AUTÊNTICA,2003,,1ª,,
0324/2019,18/06/19,CDU-371.214.14,1. Currículo escolar: Política educacional,"GONÇALVES, Luiz Alberto Oliveira",CURRÍCULO E POLÍTICAS PÚBLICAS,ÚNICO,2,BELO HORIZONTE,AUTÊNTICA,2003,,1ª,,
0325/2019,18/06/19,CDD-362.29,1. Comportamento social: Violência nas escolas: Drogas,"MEDEIROS, Regina",A ESCOLA NO SINGULAR E NO PLURAL: UM ESTUDO SOBRE VIOLÊNCIA E DROGAS NAS ESCOLAS,ÚNICO,,BELO HORIZONTE,AUTÊNTICA,2006,,1ª,,
0326/2019,18/06/19,CDD-306.089981,1. Cultura indígena brasileira: Sociologia educacional,"MUNDURUKU, Daniel",O CARÁTER EDUCATIVO DO MOVIMENTO INDÍGENA BRASILEIRO (1970-1990),ÚNICO,1,SÃO PAULO,PAULINAS,2012,,1ª,,
0327/2019,18/06/19,CDD-306.089981,1. Cultura indígena brasileira: Sociologia educacional,"MUNDURUKU, Daniel",O CARÁTER EDUCATIVO DO MOVIMENTO INDÍGENA BRASILEIRO (1970-1990),ÚNICO,2,SÃO PAULO,PAULINAS,2012,,1ª,,
0328/2019,18/06/19,CDD-330,1. Economia solidária,"SINGER, Paul",INTRODUÇÃO À ECONOMIA SOLIDÁRIA,ÚNICO,1,SÃO PAULO,EDITORA FUNDAÇÃO PERSEU ABRAMO,2002,,1ª,,
0329/2019,18/06/19,CDD-330,1. Economia solidária,"SINGER, Paul",INTRODUÇÃO À ECONOMIA SOLIDÁRIA,ÚNICO,2,SÃO PAULO,EDITORA FUNDAÇÃO PERSEU ABRAMO,2002,,1ª,,
0330/2019,18/06/19,CDD-330,1. Economia solidária,"SINGER, Paul",INTRODUÇÃO À ECONOMIA SOLIDÁRIA,ÚNICO,3,SÃO PAULO,EDITORA FUNDAÇÃO PERSEU ABRAMO,2002,,1ª,,
0331/2019,18/06/19,CDD-330,1. Economia solidária,"SINGER, Paul",INTRODUÇÃO À ECONOMIA SOLIDÁRIA,ÚNICO,4,SÃO PAULO,EDITORA FUNDAÇÃO PERSEU ABRAMO,2002,,1ª,,
0332/2019,18/06/19,CDD-330,1. Economia solidária,"SINGER, Paul",INTRODUÇÃO À ECONOMIA SOLIDÁRIA,ÚNICO,5,SÃO PAULO,EDITORA FUNDAÇÃO PERSEU ABRAMO,2002,,1ª,,
0333/2019,18/06/19,CDD-374,1. Educação - Jovens e Adultos,VÁRIOS AUTORES,O TRABALHO DE CAMPO COMO ESTRATÉGIA PEDAGÓGICA NO ENSINO DE JOVENS E ADULTOS,ÚNICO,1,BELO HORIZONTE,RHJ,2012,,1ª,,
0334/2019,18/06/19,CDD-374,1. Educação - Jovens e Adultos,VÁRIOS AUTORES,O TRABALHO DE CAMPO COMO ESTRATÉGIA PEDAGÓGICA NO ENSINO DE JOVENS E ADULTOS,ÚNICO,2,BELO HORIZONTE,RHJ,2012,,1ª,,
0335/2019,18/06/19,CDD-333.7,1. Ecodesenvolvimento: Economia,"SACHS, Ignacy",A TERCEIRA MARGEM: EM BUSCA DO ECODESENVOLVIMENTO,ÚNICO,1,SÃO PAULO,COMPANHIA DAS LETRAS,2009,,1ª,,
0336/2019,18/06/19,CDD-333.7,1. Ecodesenvolvimento: Economia,"SACHS, Ignacy",A TERCEIRA MARGEM: EM BUSCA DO ECODESENVOLVIMENTO,ÚNICO,2,SÃO PAULO,COMPANHIA DAS LETRAS,2009,,1ª,,
0337/2019,18/06/19,CDD-305.2350981,1. Hip-hop(Cultura popular) - Brasil,"SOUZA, Ana Lúcia Silva","LETRAMENTOS DE REEXISTÊNCIA: POESIA, GRAFITE, MÚSICA, DANÇA: HIP-HOP",ÚNICO,1,SÃO PAULO,PARÁBOLA EDITORIAL,2011,,1ª,,
0338/2019,18/06/19,CDD-305.2350981,1. Hip-hop(Cultura popular) - Brasil,"SOUZA, Ana Lúcia Silva","LETRAMENTOS DE REEXISTÊNCIA: POESIA, GRAFITE, MÚSICA, DANÇA: HIP-HOP",ÚNICO,2,SÃO PAULO,PARÁBOLA EDITORIAL,2011,,1ª,,
0339/2019,18/06/19,CDD-372.8607,1. Educação física escolar: Estudo e ensino,VÁRIOS AUTORES,METODOLOGIA DO ENSINO DE EDUCAÇÃO FÍSICA,ÚNICO,1,SÃO PAULO,CORTEZ,2009,,2ª,,
0340/2019,18/06/19,CDD-372.8607,1. Educação física escolar: Estudo e ensino,VÁRIOS AUTORES,METODOLOGIA DO ENSINO DE EDUCAÇÃO FÍSICA,ÚNICO,2,SÃO PAULO,CORTEZ,2009,,2ª,,
0341/2019,18/06/19,CDD-374.012,1. Alfabetização de jovens e adultos: Educação,"PAULA, Claúdia Regina de",EDUCAÇÃO DE JOVENS E ADULTOS: A EDUCAÇÃO AO LONGO DA VIDA,ÚNICO,1,CURITIBA,IBPEX,2011,,1ª,,
0342/2019,18/06/19,CDD-374.012,1. Alfabetização de jovens e adultos: Educação,"PAULA, Claúdia Regina de",EDUCAÇÃO DE JOVENS E ADULTOS: A EDUCAÇÃO AO LONGO DA VIDA,ÚNICO,2,CURITIBA,IBPEX,2011,,1ª,,
0343/2019,21/06/19,CDD-370.71,1. Professores de filosofia: Formação profissional: Educação,"SEVERINO, Antônio Joaquim",FILOSOFIA: GUIA DO PROFESSOR,ÚNICO,,SÃO PAULO,CORTEZ,2009,,1ª,,
0344/2019,21/06/19,CDU-371.214,1. Educação artística (Ensino fundamental) - Estudo e ensino,MEC. Secretaria de Educação Fundamental,PARÂMETROS CURRICULARES NACIONAIS: ARTE,V. 6,,BRASÍLIA,A SECRETARIA,2001,,3ª,,
0345/2019,21/06/19,CDU-37.014,1. Política da educação: Planejamento da educação: Educação básica,MEC. Secretaria de Educação Fundamental,PLANO DECENAL DE EDUCAÇÃO PARA TODOS,ÚNICO,,BRASÍLIA,MEC,1993,,1ª,,
0346/2019,21/06/19,CDU-33(81),1. Educação-Brasil,VÁRIOS AUTORES,RUMOS DA EDUCAÇÃO NO BRASIL,ÚNICO,,SÃO PAULO,CIEE,2002,,1ª,,
0347/2019,21/06/19,CDD-371.3,1. Professores: Prática de ensino: Educação,"FREIRE, João Batista",EDUCAÇÃO DE CORPO INTEIRO: TEORIA E PRÁTICA DA EDUCAÇÃO FÍSICA,ÚNICO,,SÃO PAULO,SCIPIONE,2009,,5ª,,
0348/2019,21/06/19,CDD-370.15,1. Psicologia educacional,"MOREIRA, Paulo Roberto",PSICOLOGIA DA EDUCAÇÃO: INTEGRAÇÃO E IDENTIDADE,ÚNICO,,SÃO PAULO,FTD,1996,,2ª,,
0349/2019,21/06/19,CDD-370,1. Professores - Formação: Ensino fundamental,VÁRIOS AUTORES,FORMAÇÃO DE PROFESSORES PARA A EDUCAÇÃO BÁSICA: DEZ ANOS DA LDB,ÚNICO,,BELO HORIZONTE,AUTÊNTICA,2007,,1ª,,
0350/2019,21/06/19,CDD-370.1,1. Educação: Filosofia,"MORIN, Edgar",EDUCAÇÃO E COMPLEXIDADE: OS SETE SABERES E OUTROS ENSAIOS,ÚNICO,1,SÃO PAULO,CORTEZ,2009,,5ª,,
0351/2019,21/06/19,CDD-370.15,1. Psicologia educacional: Psicanálise,VÁRIOS AUTORES,A PSICANÁLISE ESCUTA A EDUCAÇÃO,ÚNICO,,BELO HORIZONTE,AUTÊNTICA,2001,,2ª,,
0352/2019,21/06/19,CDD-338.479107,1. Turismo: Estudo e ensino,"BARRETTO, Margarita",MANUAL DE INICIAÇÃO AO ESTUDO DO TURISMO,ÚNICO,6,CAMPINAS-SP,PAPIRUS,2012,,20ª,,
0353/2019,21/06/19,CDD-370.115,1. Educação de jovens e adultos: Educação em direitos humanos,"CAPUCHO, Vera",EDUCAÇÃO DE JOVENS E ADULTOS: PRÁTICA PEDAGÓGICA E FORTALECIMENTO DA CIDADANIA,V. 3,,SÃO PAULO,CORTEZ,2012,,1ª,,
0354/2019,21/06/19,CDD-371.1024,1. Artes visuais na sala de aula: Educação,"PEREIRA, Katia Helena",COMO USAR ARTES VISUAIS NA SALA DE AULA,ÚNICO,,SÃO PAULO,CONTEXTO,2010,,2ª,,
0355/2019,21/06/19,CDU-372.4,1. Educação: Alfabetização,"ALBUQUERQUE, Eliana Borges Correia de",A ALFABETIZAÇÃO DE JOVENS E ADULTOS EM UMA PERSPECTIVA DE LETRAMENTO,ÚNICO,,BELO HORIZONTE,AUTÊNTICA,2010,,3ª,,
0356/2019,21/06/19,CDD-028.05,1. Natureza - Literatura Infantojuvenil,"ALEGRIA, João",MANUAL DO DEFENSOR DO PLANETA ,ÚNICO,1,RIO DE JANEIRO,CASA,2012,,2ª,,
0357/2019,21/06/19,CDD-028.05,1. Natureza - Literatura Infantojuvenil,"ALEGRIA, João",MANUAL DO DEFENSOR DO PLANETA ,ÚNICO,2,RIO DE JANEIRO,CASA,2012,,2ª,,
0358/2019,21/06/19,CDD-470,1. Língua latina: ensino,"RÓNAI, Paulo",GRADUS PRIMUS: CURSO BÁSICO DE LATIM,V. 1,,SÃO PAULO,CULTRIX,2006,,13ª,,
0359/2019,21/06/19,CDD-469.2441,1. Língua portuguesa - Estrangeirismos,VÁRIOS AUTORES,ESTRANGEIRISMOS: GUERRAS EM TORNO DA LÍNGUA,ÚNICO,,SÃO PAULO,PARÁBOLA EDITORIAL,2001,,2ª,,
0360/2019,21/06/19,CDD-415,1. Línguística textual,"KOCH, Ingedore Villaça",O TEXTO E A CONSTRUÇÃO DOS SENTIDOS,ÚNICO,1,SÃO PAULO,CONTEXTO,2010,,9ª,,
0361/2019,21/06/19,CDD-418.407,1. Leitura: Estudo e ensino: Linguística,"SILVA, Ezequiel Theodoro da",LEITURA EM CURSO - TRILOGIA PEDAGÓGICA,ÚNICO,,CAMPINAS-SP,AUTORES ASSOCIADOS,2003,,1ª,,
0362/2019,21/06/19,CDD-463,1. Espanhol - Dicionários - Português,"MONTE, João Bosco",DICIONÁRIO ILUSTRADO: FALSAS SEMELHANÇAS ESPANHOL-PORTUGUÊS,ÚNICO,,FORTALEZA,DIDÁTICOS,2003,,1ª,,
0363/2019,21/06/19,CDD-420.7,1. Inglês: Gramática: Linguística.,"CLARKE, Simon",MACMILLAN ENGLISH GRAMMAR IN CONTEXT,ÚNICO,1,OXFORD,MACMILLAN,2008,,1ª.,,
0364/2019,21/06/19,CDD-420.7,1. Inglês: Gramática: Linguística.,"CLARKE, Simon",MACMILLAN ENGLISH GRAMMAR IN CONTEXT,ÚNICO,2,OXFORD,MACMILLAN,2008,,1ª.,,
0365/2019,21/06/19,CDD-420.7,1. Inglês: Gramática: Linguística.,"CLARKE, Simon",MACMILLAN ENGLISH GRAMMAR IN CONTEXT,ÚNICO,3,OXFORD,MACMILLAN,2008,,1ª.,,
0366/2019,21/06/19,CDD-869.92,1. Teatro Brasileiro,"GOMES, Dias","ROQUE SANTEIRO, OU, O BERÇO DO HERÓI",ÚNICO,,RIO DE JANEIRO,EDIOURO,2001,,4ª,,
0367/2019,21/06/19,CDD-465,1. Gramática: Espanhol,"MORENO, Concha",GRAMÁTICA CONTRASTIVA DEL ESPANOL PARA BRASILENOS,ÚNICO,,ESPANHA,SOCIEDAD GENERAL ESPANOLA DE LIBRERÍA,2007,,1ª,,
0368/2019,21/06/19,CDD-465.82,1. Gramática: Verbos: Espanhol,"RUBIO, Paloma",VERBOS ESPANOLES CONJUGADOS,ÚNICO,,ESPANHA,SOCIEDAD GENERAL ESPANOLA DE LIBRERÍA,2009,,10ª,,
0369/2019,21/06/19,CDD-338.4791023,1. Guia de turismo como profissão,"CHIMENTI, Silvia",GUIA DE TURISMO: O PROFISSIONAL E A PROFISSÃO,ÚNICO,5,SÃO PAULO,SENAC SÃO PAULO,2011,,3ª,,
0370/2019,21/06/19,CDD-509,1. Ciência - História,"CREASE, Robert P.",OS DEZ MAIS BELOS EXPERIMENTOS CIENTÍFICOS,ÚNICO,,RIO DE JANEIRO,JORGE ZAHAR ,2006,,1ª,,
0371/2019,21/06/19,CDD-577.820981,1. Caatinga: Bioma brasileiro: Preservação: Biologia,VÁRIOS AUTORES,CAATINGA,ÚNICO,1,SÃO PAULO,HARBRA,2007,,1ª,,
0372/2019,21/06/19,CDD-577.820981,1. Caatinga: Bioma brasileiro: Preservação: Biologia,VÁRIOS AUTORES,CAATINGA,ÚNICO,2,SÃO PAULO,HARBRA,2007,,1ª,,
0373/2019,21/06/19,CDD-577.0981,1. Manguezais: Bioma brasileiro: Preservação: Biologia,VÁRIOS AUTORES,MATA ATLÂNTICA E MANGUEZAIS,ÚNICO,1,SÃO PAULO,HARBRA,2008,,1ª,,
0374/2019,21/06/19,CDD-577.0981,1. Manguezais: Bioma brasileiro: Preservação: Biologia,VÁRIOS AUTORES,MATA ATLÂNTICA E MANGUEZAIS,ÚNICO,2,SÃO PAULO,HARBRA,2008,,1ª,,
0375/2019,21/06/19,CDD-550,1. Terra: Mudanças climáticas,"FIENNES, Sir Ranulph",TERRA FRÁGIL: O QUE ESTÁ ACONTECENDO COM O NOSSO PLANETA,ÚNICO,1,SÃO PAULO,SENAC SÃO PAULO,2009,,1ª,,
0376/2019,21/06/19,CDD-550,1. Terra: Mudanças climáticas,"FIENNES, Sir Ranulph",TERRA FRÁGIL: O QUE ESTÁ ACONTECENDO COM O NOSSO PLANETA,ÚNICO,2,SÃO PAULO,SENAC SÃO PAULO,2009,,1ª,,
0377/2019,21/06/19,CDD-550,1. Terra: Mudanças climáticas,"FIENNES, Sir Ranulph",TERRA FRÁGIL: O QUE ESTÁ ACONTECENDO COM O NOSSO PLANETA,ÚNICO,3,SÃO PAULO,SENAC SÃO PAULO,2009,,1ª,,
0378/2019,21/06/19,CDD-550,1. Terra: Mudanças climáticas,"FIENNES, Sir Ranulph",TERRA FRÁGIL: O QUE ESTÁ ACONTECENDO COM O NOSSO PLANETA,ÚNICO,4,SÃO PAULO,SENAC SÃO PAULO,2009,,1ª,,
0379/2019,21/06/19,CDD-519.5,1. Estatística,"CRESPO, Antônio Arnot",ESTATÍSTICA FÁCIL,ÚNICO,1,SÃO PAULO,SARAIVA,2009,,19ª,,
0380/2019,21/06/19,CDD-519.5,1. Estatística,"CRESPO, Antônio Arnot",ESTATÍSTICA FÁCIL,ÚNICO,2,SÃO PAULO,SARAIVA,2009,,19ª,,
0381/2019,21/06/19,CDD-530,1. Física,"VALADARES, Eduardo de Campos",FÍSICA MAIS QUE DIVERTIDA: INVENTOS ELETRIZANTES BASEADOS EM MATERIAIS RECICLADOS E DE BAIXO CUSTO,ÚNICO,,BELO HORIZONTE,UFMG,2002,,2ª,,
0382/2019,21/06/19,CDD-551.5253,1. Aquecimento global: Temperaturas: Ciências da Terra,"VEIGA, José Eli",AQUECIMENTO GLOBAL: FRIAS CONTENDAS CIENTÍFICAS,ÚNICO,1,SÃO PAULO,SENAC SÃO PAULO,2008,,1ª,,
0383/2019,21/06/19,CDD-551.5253,1. Aquecimento global: Temperaturas: Ciências da Terra,"VEIGA, José Eli",AQUECIMENTO GLOBAL: FRIAS CONTENDAS CIENTÍFICAS,ÚNICO,2,SÃO PAULO,SENAC SÃO PAULO,2008,,1ª,,
0384/2019,21/06/19,CDD-581,1. Botânica,"RAVEN, Peter H.",BIOLOGIA VEGETAL,ÚNICO,,RIO DE JANEIRO,GUANABARA KOOGAN,2010,,1ª,,
0385/2019,21/06/19,CDU-576,1. Biologia celular: Biologia molecular,"COOPER, Geoffrey M.",A CÉLULA: UMA ABORDAGEM MOLECULAR,ÚNICO,,PORTO ALEGRE,ARTMED,2007,,3ª,,
0386/2019,21/06/19,CDD-509,1. Ciência: História,"CHASSOT, ATTICO",A CIÊNCIA ATRAVÉS DOS TEMPOS,ÚNICO,1,SÃO PAULO,MODERNA,2004,,2ª,,
0387/2019,21/06/19,CDD-301,1. Cultura negra. 2. Antropologia,VÁRIOS AUTORES,UM OLHAR ALÉM DAS FRONTEIRAS: EDUCAÇÃO E RELAÇÕES RACIAIS,ÚNICO,,BELO HORIZONTE,AUTÊNTICA,2010,,1ª,,
0388/2019,21/06/19,CDU-51,1. Matemática: Formação de professores,"CURY, Helena Noronha",ANÁLISE DE ERROS: O QUE PODEMOS APRENDER COM AS RESPOSTAS DOS ALUNOS,ÚNICO,,BELO HORIZONTE,AUTÊNTICA,2007,,1ª,,
0389/2019,21/06/19,CDD-570,1. Genoma – Pesquisa. Dignidade humana.,"AUFFRAY, Charles",O GENOMA HUMANO,V. 82,,LISBOA,INSTITUTO PIAGET,1996,,1ª,,
0390/2019,21/06/19,CDD-530.7,1. Física: estudo e ensino,"CAVALCANTE, Marisa Almeida",FÍSICA MODERNA EXPERIMENTAL,ÚNICO,,BARUERI-SP,MANOLE,2007,,2ª,,
0391/2019,21/06/19,CDD-510,1. Solução de problemas: Matemática,"KRULIK, Stephen",A RESOLUÇÃO DE PROBLEMAS NA MATEMÁTICA ESCOLAR,ÚNICO,,SÃO PAULO,ATUAL,1997,,1ª,,
0392/2019,21/06/19,CDU-51,1. Matemática-histórica,"D'AMBROSIO, Ubiratan",ETNOMATEMÁTICA - ELO ENTRE AS TRADIÇÕES E A MODERNIDADE,ÚNICO,1,BELO HORIZONTE,AUTÊNTICA,2009,,3ª,,
0393/2019,21/06/19,CDU-51,1. Matemática-histórica,"D'AMBROSIO, Ubiratan",ETNOMATEMÁTICA - ELO ENTRE AS TRADIÇÕES E A MODERNIDADE,ÚNICO,2,BELO HORIZONTE,AUTÊNTICA,2009,,3ª,,
0394/2019,21/06/19,CDD-306,1. Antropologia-Brasil: Cultura afro-brasileira,"FONSECA, Maria Nazareth Soares",BRASIL AFRO-BRASILEIRO,ÚNICO,1,BELO HORIZONTE,AUTÊNTICA,2010,,3ª,,
0395/2019,21/06/19,CDD-306,1. Antropologia-Brasil: Cultura afro-brasileira,"FONSECA, Maria Nazareth Soares",BRASIL AFRO-BRASILEIRO,ÚNICO,2,BELO HORIZONTE,AUTÊNTICA,2010,,3ª,,
0396/2019,21/06/19,CDD-574,"1. Biologia, Atividades Lúdicas","TORRES, Cícero Magérbio Gomes",ATIVIDADES PEDAGÓGICAS LÚDICAS NO ENSINO DE BIOLOGIA,ÚNICO,1,CRATO-CE,RDS,2014,,1ª,,
0397/2019,21/06/19,CDD-574,"1. Biologia, Atividades Lúdicas","TORRES, Cícero Magérbio Gomes",ATIVIDADES PEDAGÓGICAS LÚDICAS NO ENSINO DE BIOLOGIA,ÚNICO,2,CRATO-CE,RDS,2014,,1ª,,
0398/2019,21/06/19,CDD-960,1. África: História,"D'AMORIM, Eduardo",ÁFRICA: ESSA MÃE QUASE DESCONHECIDA,ÚNICO,,SÃO PAULO,FTD,1997,,1ª,,
0399/2019,21/06/19,CDD-469.152,1. Ortografia: Português: Vocabulário: Linguística,VÁRIOS AUTORES,VOCABULÁRIO ORTOGRÁFICO DA LÍNGUA PORTUGUESA,ÚNICO,1,SÃO PAULO,GLOBAL,2009,,5ª,,
0400/2019,21/06/19,CDD-469.152,1. Ortografia: Português: Vocabulário: Linguística,VÁRIOS AUTORES,VOCABULÁRIO ORTOGRÁFICO DA LÍNGUA PORTUGUESA,ÚNICO,2,SÃO PAULO,GLOBAL,2009,,5ª,,
0401/2019,21/06/19,CDD-920,1. Biografias gerais.,VÁRIOS AUTORES,DICIONÁRIO UNIVERSAL DE BIOGRAFIAS,ÚNICO,1,BARCELONA,OCEANO,2011,,1ª,,
0402/2019,21/06/19,CDD-920,1. Biografias gerais.,VÁRIOS AUTORES,DICIONÁRIO UNIVERSAL DE BIOGRAFIAS,ÚNICO,2,BARCELONA,OCEANO,2011,,1ª,,
0403/2019,21/06/19,CDD-469.3,1. Língua portuguesa - Dicionários,"HOUAISS, Antônio e VILLAR, Mauro de Salles",DICIONÁRIO HOUAISS DA LÍNGUA PORTUGUESA,ÚNICO,,RIO DE JANEIRO,OBJETIVA,2009,,1ª,,
0404/2019,21/06/19,CDD-469.3,1. Dicionários: Português,VÁRIOS AUTORES,DICIONÁRIO DIDÁTICO DE LÍNGUA PORTUGUESA,ÚNICO,1,SÃO PAULO,EDIÇÕES SM,2011,,2ª,,
0405/2019,21/06/19,CDD-469.3,1. Dicionários: Português,VÁRIOS AUTORES,DICIONÁRIO DIDÁTICO DE LÍNGUA PORTUGUESA,ÚNICO,2,SÃO PAULO,EDIÇÕES SM,2011,,2ª,,
0406/2019,21/06/19,CDD-469.3,1. Dicionários: Português,VÁRIOS AUTORES,DICIONÁRIO DIDÁTICO DE LÍNGUA PORTUGUESA,ÚNICO,3,SÃO PAULO,EDIÇÕES SM,2011,,2ª,,
0407/2019,21/06/19,CDD-469.3,1. Dicionários: Português,VÁRIOS AUTORES,DICIONÁRIO DIDÁTICO DE LÍNGUA PORTUGUESA,ÚNICO,4,SÃO PAULO,EDIÇÕES SM,2011,,2ª,,
0408/2019,21/06/19,CDD-469.3,1. Dicionários: Português,VÁRIOS AUTORES,DICIONÁRIO DIDÁTICO DE LÍNGUA PORTUGUESA,ÚNICO,5,SÃO PAULO,EDIÇÕES SM,2011,,2ª,,
0409/2019,21/06/19,CDD-469.3,1. Dicionários: Português,VÁRIOS AUTORES,DICIONÁRIO DIDÁTICO DE LÍNGUA PORTUGUESA,ÚNICO,6,SÃO PAULO,EDIÇÕES SM,2011,,2ª,,
0410/2019,21/06/19,CDD-469.3,1. Dicionários: Português,VÁRIOS AUTORES,DICIONÁRIO DIDÁTICO DE LÍNGUA PORTUGUESA,ÚNICO,7,SÃO PAULO,EDIÇÕES SM,2011,,2ª,,
0411/2019,21/06/19,CDD-469.3,1. Dicionários: Português,VÁRIOS AUTORES,DICIONÁRIO DIDÁTICO DE LÍNGUA PORTUGUESA,ÚNICO,8,SÃO PAULO,EDIÇÕES SM,2011,,2ª,,
0412/2019,21/06/19,CDD-469.3,1. Dicionários: Português,VÁRIOS AUTORES,DICIONÁRIO DIDÁTICO DE LÍNGUA PORTUGUESA,ÚNICO,9,SÃO PAULO,EDIÇÕES SM,2011,,2ª,,
0413/2019,21/06/19,CDD-469.3,1. Dicionários: Português,VÁRIOS AUTORES,DICIONÁRIO DIDÁTICO DE LÍNGUA PORTUGUESA,ÚNICO,10,SÃO PAULO,EDIÇÕES SM,2011,,2ª,,
0414/2019,21/06/19,CDD-469.3,1. Dicionários: Português,VÁRIOS AUTORES,SARAIVA JOVEM: DICIONÁRIO DA LÍNGUA PORTUGUESA,ÚNICO,1,SÃO PAULO,SARAIVA,2010,,1ª,,
0415/2019,21/06/19,CDD-469.3,1. Dicionários: Português,VÁRIOS AUTORES,SARAIVA JOVEM: DICIONÁRIO DA LÍNGUA PORTUGUESA,ÚNICO,2,SÃO PAULO,SARAIVA,2010,,1ª,,
0416/2019,21/06/19,CDD-469.3,1. Dicionários: Português,VÁRIOS AUTORES,SARAIVA JOVEM: DICIONÁRIO DA LÍNGUA PORTUGUESA,ÚNICO,3,SÃO PAULO,SARAIVA,2010,,1ª,,
0417/2019,21/06/19,CDD-469.3,1. Dicionários: Português,VÁRIOS AUTORES,SARAIVA JOVEM: DICIONÁRIO DA LÍNGUA PORTUGUESA,ÚNICO,4,SÃO PAULO,SARAIVA,2010,,1ª,,
0418/2019,21/06/19,CDD-469.3,1. Dicionários: Português,VÁRIOS AUTORES,SARAIVA JOVEM: DICIONÁRIO DA LÍNGUA PORTUGUESA,ÚNICO,5,SÃO PAULO,SARAIVA,2010,,1ª,,
0419/2019,21/06/19,CDD-469.3,1. Dicionários: Português,VÁRIOS AUTORES,SARAIVA JOVEM: DICIONÁRIO DA LÍNGUA PORTUGUESA,ÚNICO,6,SÃO PAULO,SARAIVA,2010,,1ª,,
0420/2019,21/06/19,CDD-469.3,1. Dicionários: Português,VÁRIOS AUTORES,SARAIVA JOVEM: DICIONÁRIO DA LÍNGUA PORTUGUESA,ÚNICO,7,SÃO PAULO,SARAIVA,2010,,1ª,,
0421/2019,21/06/19,CDD-469.3,1. Dicionários: Português,VÁRIOS AUTORES,SARAIVA JOVEM: DICIONÁRIO DA LÍNGUA PORTUGUESA,ÚNICO,8,SÃO PAULO,SARAIVA,2010,,1ª,,
0422/2019,21/06/19,CDD-469.3,1. Dicionários: Português,"BECHARA, Evanildo",DICIONÁRIO ESCOLAR DA ACADEMIA BRASILEIRA DE LETRAS: LÍNGUA PORTUGUESA,ÚNICO,1,SÃO PAULO,COMPANHIA EDITORIAL NACIONAL,2011,,3ª,,
0423/2019,21/06/19,CDD-469.3,1. Dicionários: Português,"BECHARA, Evanildo",DICIONÁRIO ESCOLAR DA ACADEMIA BRASILEIRA DE LETRAS: LÍNGUA PORTUGUESA,ÚNICO,2,SÃO PAULO,COMPANHIA EDITORIAL NACIONAL,2011,,3ª,,
0424/2019,21/06/19,CDD-469.3,1. Dicionários: Português,"BECHARA, Evanildo",DICIONÁRIO ESCOLAR DA ACADEMIA BRASILEIRA DE LETRAS: LÍNGUA PORTUGUESA,ÚNICO,3,SÃO PAULO,COMPANHIA EDITORIAL NACIONAL,2011,,3ª,,
0425/2019,21/06/19,CDD-469.3,1. Dicionários: Português,"BECHARA, Evanildo",DICIONÁRIO ESCOLAR DA ACADEMIA BRASILEIRA DE LETRAS: LÍNGUA PORTUGUESA,ÚNICO,4,SÃO PAULO,COMPANHIA EDITORIAL NACIONAL,2011,,3ª,,
0426/2019,21/06/19,CDD-469.3,1. Dicionários: Português,"BECHARA, Evanildo",DICIONÁRIO ESCOLAR DA ACADEMIA BRASILEIRA DE LETRAS: LÍNGUA PORTUGUESA,ÚNICO,5,SÃO PAULO,COMPANHIA EDITORIAL NACIONAL,2011,,3ª,,
0427/2019,21/06/19,CDU-030=690,1. Língua portuguesa - Dicionários,"FERREIRA, Aurélio Buarque de Holanda",AURÉLIO JÚNIOR: DICIONÁRIO ESCOLAR DA LÍNGUA PORTUGUESA,ÚNICO,1,CURITIBA,POSITIVO,2011,,2ª,,
0428/2019,21/06/19,CDU-030=690,1. Língua portuguesa - Dicionários,"FERREIRA, Aurélio Buarque de Holanda",AURÉLIO JÚNIOR: DICIONÁRIO ESCOLAR DA LÍNGUA PORTUGUESA,ÚNICO,2,CURITIBA,POSITIVO,2011,,2ª,,
0429/2019,21/06/19,CDU-030=690,1. Língua portuguesa - Dicionários,"FERREIRA, Aurélio Buarque de Holanda",AURÉLIO JÚNIOR: DICIONÁRIO ESCOLAR DA LÍNGUA PORTUGUESA,ÚNICO,3,CURITIBA,POSITIVO,2011,,2ª,,
0430/2019,21/06/19,CDD-469.3,1. Língua portuguesa - Dicionários,"AULETE, Caldas",CALDAS AULETE MINIDICIONÁRIO CONTEMPORÂNEO DA LÍNGUA PORTUGUESA,ÚNICO,1,RIO DE JANEIRO,LEXIKON,2011,,3ª,,
0431/2019,21/06/19,CDD-469.3,1. Língua portuguesa - Dicionários,"AULETE, Caldas",CALDAS AULETE MINIDICIONÁRIO CONTEMPORÂNEO DA LÍNGUA PORTUGUESA,ÚNICO,2,RIO DE JANEIRO,LEXIKON,2011,,3ª,,
0432/2019,21/06/19,CDD-469.3,1. Língua portuguesa - Dicionários,"AULETE, Caldas",CALDAS AULETE MINIDICIONÁRIO CONTEMPORÂNEO DA LÍNGUA PORTUGUESA,ÚNICO,3,RIO DE JANEIRO,LEXIKON,2011,,3ª,,
0433/2019,21/06/19,CDD-469.3,1. Língua portuguesa - Dicionários,"AULETE, Caldas",CALDAS AULETE MINIDICIONÁRIO CONTEMPORÂNEO DA LÍNGUA PORTUGUESA,ÚNICO,4,RIO DE JANEIRO,LEXIKON,2011,,3ª,,
0434/2019,21/06/19,CDD-469.3,1. Língua portuguesa - Dicionários,"AULETE, Caldas",CALDAS AULETE MINIDICIONÁRIO CONTEMPORÂNEO DA LÍNGUA PORTUGUESA,ÚNICO,5,RIO DE JANEIRO,LEXIKON,2011,,3ª,,
0435/2019,21/06/19,CDD-469.3,1. Língua portuguesa - Dicionários,"AULETE, Caldas",CALDAS AULETE MINIDICIONÁRIO CONTEMPORÂNEO DA LÍNGUA PORTUGUESA,ÚNICO,6,RIO DE JANEIRO,LEXIKON,2011,,3ª,,
0436/2019,21/06/19,CDD-469.3,1. Língua portuguesa - Dicionários,"AULETE, Caldas",CALDAS AULETE MINIDICIONÁRIO CONTEMPORÂNEO DA LÍNGUA PORTUGUESA,ÚNICO,7,RIO DE JANEIRO,LEXIKON,2011,,3ª,,
0437/2019,21/06/19,CDD-469.3,1. Língua portuguesa - Dicionários,"AULETE, Caldas",CALDAS AULETE MINIDICIONÁRIO CONTEMPORÂNEO DA LÍNGUA PORTUGUESA,ÚNICO,8,RIO DE JANEIRO,LEXIKON,2011,,3ª,,
0438/2019,21/06/19,CDD-469.3,1. Língua portuguesa - Dicionários,"AULETE, Caldas",CALDAS AULETE MINIDICIONÁRIO CONTEMPORÂNEO DA LÍNGUA PORTUGUESA,ÚNICO,9,RIO DE JANEIRO,LEXIKON,2011,,3ª,,
0439/2019,21/06/19,CDD-469.3,1. Língua portuguesa - Dicionários,"AULETE, Caldas",CALDAS AULETE MINIDICIONÁRIO CONTEMPORÂNEO DA LÍNGUA PORTUGUESA,ÚNICO,10,RIO DE JANEIRO,LEXIKON,2011,,3ª,,
0440/2019,21/06/19,CDD-469.3,1. Dicionários: Português,"XIMENES, Sérgio",MINIDICIONÁRIO EDIOURO DA LÍNGUA PORTUGUESA,ÚNICO,,SÃO PAULO,EDIOURO,2000,,2ª,,
0441/2019,21/06/19,CDD-469.3,1. Dicionários: Português,"LUFT, Celso Pedro",MINI DICIONÁRIO LUFT,ÚNICO,,SÃO PAULO,SCIPIONE,1991,,2ª,,
0442/2019,21/06/19,CDU-811.134.3(038),1. Língua portuguesa - Dicionários,"TERSARIOL, Alpheu",MINIDICIONÁRIO DA LÍNGUA PORTUGUESA,ÚNICO,,ERECHIM-RS,EDELBRA,2000,,1ª,,
0443/2019,21/06/19,CDD-463.69,1. Espanhol: Português: Dicionários,VÁRIOS AUTORES,MICHAELIS: DICIONÁRIO ESCOLAR ESPANHOL,ÚNICO,,SÃO PAULO,EDITORA MELHORAMENTOS,2008,,2ª,,
0444/2019,21/06/19,CDD-463.69,1. Espanhol: Português: Dicionários,VÁRIOS AUTORES,MICHAELIS: DICIONÁRIO ESCOLAR ESPANHOL,ÚNICO,,SÃO PAULO,EDITORA MELHORAMENTOS,2008,,2ª,,
0445/2019,21/06/19,CDD-469.3,1. Dicionários: Português,"MATTOS, Geraldo",DICIONÁRIO JÚNIOR DA LÍNGUA PORTUGUESA,ÚNICO,,SÃO PAULO,FTD,1996,,1ª,,
0446/2019,21/06/19,CDD-469.3,1. Dicionários: Português,"AMORA, Antônio Soares",MINIDICIONÁRIO SOARES AMORA DA LÍNGUA PORTUGUESA,ÚNICO,,SÃO PAULO,SARAIVA,2009,,19ª,,
0447/2019,21/06/19,CDD-463.69,1. Espanhol: Dicionários: Português,"DIAZ Y GARCÍA-TALAVERA, Miguel",DICIONÁRIO SANTILLANA PARA ESTUDANTES,ÚNICO,,SÃO PAULO,MODERNA,2008,,2ª,,
0448/2019,25/06/19,CDD-635,1. Olericultura: Hortaliças - Comercialização,"FILGUEIRA, Fernando Antonio Reis",NOVO MANUAL DE OLERICULTURA: AGROTECNOLOGIA MODERNA NA PRODUÇÃO E COMERCIALIZAÇÃO DE HORTALIÇAS,ÚNICO,1,VIÇOSA-MG,ED. UFV,2007,,3ª,,
0449/2019,25/06/19,CDD-635,1. Olericultura: Hortaliças - Comercialização,"FILGUEIRA, Fernando Antonio Reis",NOVO MANUAL DE OLERICULTURA: AGROTECNOLOGIA MODERNA NA PRODUÇÃO E COMERCIALIZAÇÃO DE HORTALIÇAS,ÚNICO,2,VIÇOSA-MG,ED. UFV,2007,,3ª,,
0450/2019,25/06/19,CDD-635,1. Olericultura: Hortaliças - Comercialização,"FILGUEIRA, Fernando Antonio Reis",NOVO MANUAL DE OLERICULTURA: AGROTECNOLOGIA MODERNA NA PRODUÇÃO E COMERCIALIZAÇÃO DE HORTALIÇAS,ÚNICO,3,VIÇOSA-MG,ED. UFV,2007,,3ª,,
0451/2019,25/06/19,CDD-635,1. Olericultura: Hortaliças - Comercialização,"FILGUEIRA, Fernando Antonio Reis",NOVO MANUAL DE OLERICULTURA: AGROTECNOLOGIA MODERNA NA PRODUÇÃO E COMERCIALIZAÇÃO DE HORTALIÇAS,ÚNICO,4,VIÇOSA-MG,ED. UFV,2007,,3ª,,
0452/2019,25/06/19,CDD-633.1821,1. Arroz - Semente - Produção,"RABELO, Raimundo Ricardo",PRODUÇÃO COMUNITÁRIA DE SEMENTE DE ARROZ POR PEQUENOS AGRICULTORES: O USO DA TECNOLOGIA COM ALCANCE SOCIAL,ÚNICO,,SANTO ANTÔNIO DE GOIÁS,EMBRAPA,2006,,1ª,,
0453/2019,25/06/19,CDD-630.81,1. Agricultura familiar: Pesquisa: Política agrícola,EMBRAPA,SOLUÇÕES TECNOLÓGICAS E INOVAÇÃO: A EMBRAPA NO ANO INTERNACIONAL DA AGRICULTURA FAMILIAR,ÚNICO,1,BRASÍLIA,EMBRAPA,2014,,1ª,,
0454/2019,25/06/19,CDD-630.81,1. Agricultura familiar: Pesquisa: Política agrícola,EMBRAPA,SOLUÇÕES TECNOLÓGICAS E INOVAÇÃO: A EMBRAPA NO ANO INTERNACIONAL DA AGRICULTURA FAMILIAR,ÚNICO,2,BRASÍLIA,EMBRAPA,2014,,1ª,,
0455/2019,25/06/19,CDD-630.81,1. Agricultura familiar: Pesquisa: Política agrícola,EMBRAPA,SOLUÇÕES TECNOLÓGICAS E INOVAÇÃO: A EMBRAPA NO ANO INTERNACIONAL DA AGRICULTURA FAMILIAR,ÚNICO,3,BRASÍLIA,EMBRAPA,2014,,1ª,,
0456/2019,25/06/19,CDD-630.81,1. Agricultura familiar: Pesquisa: Política agrícola,EMBRAPA,SOLUÇÕES TECNOLÓGICAS E INOVAÇÃO: A EMBRAPA NO ANO INTERNACIONAL DA AGRICULTURA FAMILIAR,ÚNICO,4,BRASÍLIA,EMBRAPA,2014,,1ª,,
0457/2019,25/06/19,CDD-630.81,1. Agricultura familiar: Pesquisa: Política agrícola,EMBRAPA,SOLUÇÕES TECNOLÓGICAS E INOVAÇÃO: A EMBRAPA NO ANO INTERNACIONAL DA AGRICULTURA FAMILIAR,ÚNICO,5,BRASÍLIA,EMBRAPA,2014,,1ª,,
0458/2019,25/06/19,CDD-630.81,1. Agricultura familiar: Pesquisa: Política agrícola,EMBRAPA,SOLUÇÕES TECNOLÓGICAS E INOVAÇÃO: A EMBRAPA NO ANO INTERNACIONAL DA AGRICULTURA FAMILIAR,ÚNICO,6,BRASÍLIA,EMBRAPA,2014,,1ª,,
0459/2019,25/06/19,CDD-630.81,1. Agricultura familiar: Pesquisa: Política agrícola,EMBRAPA,SOLUÇÕES TECNOLÓGICAS E INOVAÇÃO: A EMBRAPA NO ANO INTERNACIONAL DA AGRICULTURA FAMILIAR,ÚNICO,7,BRASÍLIA,EMBRAPA,2014,,1ª,,
0460/2019,25/06/19,CDD-630.81,1. Agricultura familiar: Pesquisa: Política agrícola,EMBRAPA,SOLUÇÕES TECNOLÓGICAS E INOVAÇÃO: A EMBRAPA NO ANO INTERNACIONAL DA AGRICULTURA FAMILIAR,ÚNICO,8,BRASÍLIA,EMBRAPA,2014,,1ª,,
0461/2019,25/06/19,CDD-630.81,1. Agricultura familiar: Pesquisa: Política agrícola,EMBRAPA,SOLUÇÕES TECNOLÓGICAS E INOVAÇÃO: A EMBRAPA NO ANO INTERNACIONAL DA AGRICULTURA FAMILIAR,ÚNICO,9,BRASÍLIA,EMBRAPA,2014,,1ª,,
0462/2019,25/06/19,CDD-631.4 ,1. Estudo do solo: Fertilidade,"TROEH, Frederick R. THOMPSON, Louis M.",SOLOS E FERTILIDADE DO SOLO,ÚNICO,1,SÃO PAULO,ORGANIZAÇÃO ANDREI EDITORA LTDA,2007,,1ª,,
0463/2019,25/06/19,CDD-631.4 ,1. Estudo do solo: Fertilidade,"TROEH, Frederick R. THOMPSON, Louis M.",SOLOS E FERTILIDADE DO SOLO,ÚNICO,2,SÃO PAULO,ORGANIZAÇÃO ANDREI EDITORA LTDA,2007,,1ª,,
0464/2019,25/06/19,CDD-658.408,1. Organizações: Responsabilidade social e ética: Administração de empresas,VÁRIOS AUTORES,ÉTICA E RESPONSABILIDADE SOCIAL NOS NEGÓCIOS,ÚNICO,1,SÃO PAULO,SARAIVA,2005,,2ª,,
0465/2019,25/06/19,CDD-658.408,1. Organizações: Responsabilidade social e ética: Administração de empresas,VÁRIOS AUTORES,ÉTICA E RESPONSABILIDADE SOCIAL NOS NEGÓCIOS,ÚNICO,2,SÃO PAULO,SARAIVA,2005,,2ª,,
0466/2019,25/06/19,CDD-658.408,1. Organizações: Responsabilidade social e ética: Administração de empresas,VÁRIOS AUTORES,ÉTICA E RESPONSABILIDADE SOCIAL NOS NEGÓCIOS,ÚNICO,3,SÃO PAULO,SARAIVA,2005,,2ª,,
0467/2019,25/06/19,CDD-658.408,1. Organizações: Responsabilidade social e ética: Administração de empresas,VÁRIOS AUTORES,ÉTICA E RESPONSABILIDADE SOCIAL NOS NEGÓCIOS,ÚNICO,4,SÃO PAULO,SARAIVA,2005,,2ª,,
0468/2019,25/06/19,CDD-658.408,1. Organizações: Responsabilidade social e ética: Administração de empresas,VÁRIOS AUTORES,ÉTICA E RESPONSABILIDADE SOCIAL NOS NEGÓCIOS,ÚNICO,5,SÃO PAULO,SARAIVA,2005,,2ª,,
0469/2019,25/06/19,CDD-633.202,1. Pastagens - Ecologia: Agroecologia - Tecnologia,"MACHADO, Luiz Carlos Pinheiro",PASTOREIO RACIONAL VOISIN: TECNOLOGIA AGROECOLÓGICA PARA O TERCEIRO MILÊNIO,ÚNICO,1,SÃO PAULO,EXPRESSÃO POPULAR,2013,,3ª,,
0470/2019,25/06/19,CDD-633.202,1. Pastagens - Ecologia: Agroecologia - Tecnologia,"MACHADO, Luiz Carlos Pinheiro",PASTOREIO RACIONAL VOISIN: TECNOLOGIA AGROECOLÓGICA PARA O TERCEIRO MILÊNIO,ÚNICO,2,SÃO PAULO,EXPRESSÃO POPULAR,2013,,3ª,,
0471/2019,25/06/19,CDD-633.202,1. Pastagens - Ecologia: Agroecologia - Tecnologia,"MACHADO, Luiz Carlos Pinheiro",PASTOREIO RACIONAL VOISIN: TECNOLOGIA AGROECOLÓGICA PARA O TERCEIRO MILÊNIO,ÚNICO,3,SÃO PAULO,EXPRESSÃO POPULAR,2013,,3ª,,
0472/2019,25/06/19,CDD-633.202,1. Pastagens - Ecologia: Agroecologia - Tecnologia,"MACHADO, Luiz Carlos Pinheiro",PASTOREIO RACIONAL VOISIN: TECNOLOGIA AGROECOLÓGICA PARA O TERCEIRO MILÊNIO,ÚNICO,4,SÃO PAULO,EXPRESSÃO POPULAR,2013,,3ª,,
0473/2019,25/06/19,CDD-633.202,1. Pastagens - Ecologia: Agroecologia - Tecnologia,"MACHADO, Luiz Carlos Pinheiro",PASTOREIO RACIONAL VOISIN: TECNOLOGIA AGROECOLÓGICA PARA O TERCEIRO MILÊNIO,ÚNICO,5,SÃO PAULO,EXPRESSÃO POPULAR,2013,,3ª,,
0474/2019,25/06/19,CDD-633.202,1. Pastagens - Ecologia: Agroecologia - Tecnologia,"MACHADO, Luiz Carlos Pinheiro",PASTOREIO RACIONAL VOISIN: TECNOLOGIA AGROECOLÓGICA PARA O TERCEIRO MILÊNIO,ÚNICO,6,SÃO PAULO,EXPRESSÃO POPULAR,2013,,3ª,,
0475/2019,25/06/19,CDU-631.44,1. Solo: Classificação do solo: Aptidão Agrícola,"SCHNEIDER, Paulo",CLASSIFICAÇÃO DA APTIDÃO AGRÍCOLA DAS TERRAS,ÚNICO,1,GUAÍBA,AGROLIVROS,2007,,1ª,,
0476/2019,25/06/19,CDU-631.44,1. Solo: Classificação do solo: Aptidão Agrícola,"SCHNEIDER, Paulo",CLASSIFICAÇÃO DA APTIDÃO AGRÍCOLA DAS TERRAS,ÚNICO,2,GUAÍBA,AGROLIVROS,2007,,1ª,,
0477/2019,25/06/19,CDU-631.44,1. Solo: Classificação do solo: Aptidão Agrícola,"SCHNEIDER, Paulo",CLASSIFICAÇÃO DA APTIDÃO AGRÍCOLA DAS TERRAS,ÚNICO,3,GUAÍBA,AGROLIVROS,2007,,1ª,,
0478/2019,25/06/19,CDU-631.44,1. Solo: Classificação do solo: Aptidão Agrícola,"SCHNEIDER, Paulo",CLASSIFICAÇÃO DA APTIDÃO AGRÍCOLA DAS TERRAS,ÚNICO,4,GUAÍBA,AGROLIVROS,2007,,1ª,,
0479/2019,25/06/19,CDU-631.44,1. Solo: Classificação do solo: Aptidão Agrícola,"SCHNEIDER, Paulo",CLASSIFICAÇÃO DA APTIDÃO AGRÍCOLA DAS TERRAS,ÚNICO,5,GUAÍBA,AGROLIVROS,2007,,1ª,,
0480/2019,25/06/19,CDU-631.44,1. Solo: Classificação do solo: Aptidão Agrícola,"SCHNEIDER, Paulo",CLASSIFICAÇÃO DA APTIDÃO AGRÍCOLA DAS TERRAS,ÚNICO,6,GUAÍBA,AGROLIVROS,2007,,1ª,,
0481/2019,25/06/19,CDD-631.587,1. Irrigação agrícola,"BERNARDO, Salassier",MANUAL DE IRRIGAÇÃO,ÚNICO,1,VIÇOSA-MG,ED. UFV,2006,,8ª,,
0482/2019,25/06/19,CDD-631.587,1. Irrigação agrícola,"BERNARDO, Salassier",MANUAL DE IRRIGAÇÃO,ÚNICO,2,VIÇOSA-MG,ED. UFV,2006,,8ª,,
0483/2019,25/06/19,CDD-638.1,1. Apicultura,"GUIMARÃES, Neif Pereira",APICULTURA: A CIÊNCIA DA LONGA VIDA,V.13,1,BELO HORIZONTE,EDITORA ITATIAIA LIMITADA,1989,,1ª,,
0484/2019,25/06/19,CDD-638.1,1. Apicultura,"GUIMARÃES, Neif Pereira",APICULTURA: A CIÊNCIA DA LONGA VIDA,V.13,2,BELO HORIZONTE,EDITORA ITATIAIA LIMITADA,1989,,1ª,,
0485/2019,25/06/19,CDD-638.1,1. Apicultura,"GUIMARÃES, Neif Pereira",APICULTURA: A CIÊNCIA DA LONGA VIDA,V.13,3,BELO HORIZONTE,EDITORA ITATIAIA LIMITADA,1989,,1ª,,
0486/2019,25/06/19,CDD-638.1,1. Apicultura,"GUIMARÃES, Neif Pereira",APICULTURA: A CIÊNCIA DA LONGA VIDA,V.13,4,BELO HORIZONTE,EDITORA ITATIAIA LIMITADA,1989,,1ª,,
0487/2019,25/06/19,CDD-638.1,1. Apicultura,"GUIMARÃES, Neif Pereira",APICULTURA: A CIÊNCIA DA LONGA VIDA,V.13,5,BELO HORIZONTE,EDITORA ITATIAIA LIMITADA,1989,,1ª,,
0488/2019,25/06/19,CDD-638.1,1. Apicultura,"GUIMARÃES, Neif Pereira",APICULTURA: A CIÊNCIA DA LONGA VIDA,V.13,6,BELO HORIZONTE,EDITORA ITATIAIA LIMITADA,1989,,1ª,,
0489/2019,25/06/19,CDD-631.523,1. Melhoramento genético: Recurso genético,VÁRIOS AUTORES,MELHORAMENTO GENÉTICO DE PLANTAS NO NORDESTE,ÚNICO,1,BRASÍLIA,EMBRAPA,2013,,1ª,,
0490/2019,25/06/19,CDD-631.523,1. Melhoramento genético: Recurso genético,VÁRIOS AUTORES,MELHORAMENTO GENÉTICO DE PLANTAS NO NORDESTE,ÚNICO,2,BRASÍLIA,EMBRAPA,2013,,1ª,,
0491/2019,25/06/19,CDD-632.95,1. Plantas - Pesticidas - Efeito,"CHABOUSSOU, Francis",PLANTAS DOENTES PELO USO DE AGROTÓXICOS: NOVAS BASES DE UMA PREVENÇÃO CONTRA DOENÇAS E PARASITAS: A TEORIA DA TROFOBIOSE,ÚNICO,1,SÃO PAULO,EXPRESSÃO POPULAR,2006,,1ª,,
0492/2019,25/06/19,CDD-632.95,1. Plantas - Pesticidas - Efeito,"CHABOUSSOU, Francis",PLANTAS DOENTES PELO USO DE AGROTÓXICOS: NOVAS BASES DE UMA PREVENÇÃO CONTRA DOENÇAS E PARASITAS: A TEORIA DA TROFOBIOSE,ÚNICO,2,SÃO PAULO,EXPRESSÃO POPULAR,2006,,1ª,,
0493/2019,25/06/19,CDD-658.8,1. Marketing e serviço,"RIBEIRO, Áurea",MARKETING E SERVIÇO QUE AINDA FAZEM A DIFERENÇA,ÚNICO,1,SÃO PAULO,SARAIVA,2006,,1ª,,
0494/2019,25/06/19,CDD-630.715,1. Extensão rural: Agricultura sustentável,VÁRIOS AUTORES,AGROECOLOGIA: UM NOVO CAMINHO PARA EXTENSÃO RURAL SUSTENTÁVEL,ÚNICO,1,RIO DE JANEIRO,GARAMOND,2009,,1ª,,
0495/2019,25/06/19,CDD-630.715,1. Extensão rural: Agricultura sustentável,VÁRIOS AUTORES,AGROECOLOGIA: UM NOVO CAMINHO PARA EXTENSÃO RURAL SUSTENTÁVEL,ÚNICO,2,RIO DE JANEIRO,GARAMOND,2009,,1ª,,
0496/2019,25/06/19,CDD-630.715,1. Extensão rural: Agricultura sustentável,VÁRIOS AUTORES,AGROECOLOGIA: UM NOVO CAMINHO PARA EXTENSÃO RURAL SUSTENTÁVEL,ÚNICO,3,RIO DE JANEIRO,GARAMOND,2009,,1ª,,
0497/2019,25/06/19,CDD-630.715,1. Extensão rural: Agricultura sustentável,VÁRIOS AUTORES,AGROECOLOGIA: UM NOVO CAMINHO PARA EXTENSÃO RURAL SUSTENTÁVEL,ÚNICO,4,RIO DE JANEIRO,GARAMOND,2009,,1ª,,
0498/2019,25/06/19,CDD-630.715,1. Extensão rural: Agricultura sustentável,VÁRIOS AUTORES,AGROECOLOGIA: UM NOVO CAMINHO PARA EXTENSÃO RURAL SUSTENTÁVEL,ÚNICO,5,RIO DE JANEIRO,GARAMOND,2009,,1ª,,
0499/2019,25/06/19,CDD-631.8,1. Agrotóxicos: Brasil,"BULL, David",PRAGAS E VENENOS: AGROTÓXICOS NO BRASIL E NO TERCEIRO MUNDO,ÚNICO,,"PETRÓPOLIS, RJ",EDITORA VOZES,1986,,1ª,,
0500/2019,25/06/19,CDD-614.8,1. Máquinas agrícolas: Acidentes de trabalho,"MONTEIRO, Leonardo de Almeida",SEGURANÇA NA OPERAÇÃO COM MÁQUINAS AGRÍCOLAS,ÚNICO,1,FORTALEZA,UFC,2013,,1ª,,
0501/2019,25/06/19,CDD-614.8,1. Máquinas agrícolas: Acidentes de trabalho,"MONTEIRO, Leonardo de Almeida",SEGURANÇA NA OPERAÇÃO COM MÁQUINAS AGRÍCOLAS,ÚNICO,2,FORTALEZA,UFC,2013,,1ª,,
0502/2019,25/06/19,CDD-614.8,1. Máquinas agrícolas: Acidentes de trabalho,"MONTEIRO, Leonardo de Almeida",SEGURANÇA NA OPERAÇÃO COM MÁQUINAS AGRÍCOLAS,ÚNICO,3,FORTALEZA,UFC,2013,,1ª,,
0503/2019,25/06/19,CDD-614.8,1. Máquinas agrícolas: Acidentes de trabalho,"MONTEIRO, Leonardo de Almeida",SEGURANÇA NA OPERAÇÃO COM MÁQUINAS AGRÍCOLAS,ÚNICO,4,FORTALEZA,UFC,2013,,1ª,,
0504/2019,25/06/19,CDD-641.3,1. Alimento orgânico - Teoria,"AZEVEDO, Elaine de","ALIMENTOS ORGÂNICOS: AMPLIANDO OS CONCEITOS DE SAÚDE HUMANA, AMBIENTAL E SOCIAL",ÚNICO,1,SÃO PAULO,EDITORA SENAC SÃO PAULO,2012,,1ª,,
0505/2019,25/06/19,CDD-641.3,1. Alimento orgânico - Teoria,"AZEVEDO, Elaine de","ALIMENTOS ORGÂNICOS: AMPLIANDO OS CONCEITOS DE SAÚDE HUMANA, AMBIENTAL E SOCIAL",ÚNICO,2,SÃO PAULO,EDITORA SENAC SÃO PAULO,2012,,1ª,,
0506/2019,25/06/19,CDD-639.3,1. Psicultura ecológica,"GARUTTI, Valdener",PSICULTURA ECOLÓGICA,ÚNICO,1,SÃO PAULO,EDITORA UNESP,2003,,1ª,,
0507/2019,25/06/19,CDD-639.3,1. Psicultura ecológica,"GARUTTI, Valdener",PSICULTURA ECOLÓGICA,ÚNICO,2,SÃO PAULO,EDITORA UNESP,2003,,1ª,,
0508/2019,25/06/19,CDD-639.3,1. Psicultura ecológica,"GARUTTI, Valdener",PSICULTURA ECOLÓGICA,ÚNICO,3,SÃO PAULO,EDITORA UNESP,2003,,1ª,,
0509/2019,25/06/19,CDD-639.3,1. Psicultura ecológica,"GARUTTI, Valdener",PSICULTURA ECOLÓGICA,ÚNICO,4,SÃO PAULO,EDITORA UNESP,2003,,1ª,,
0510/2019,25/06/19,CDD-639.3,1. Psicultura ecológica,"GARUTTI, Valdener",PSICULTURA ECOLÓGICA,ÚNICO,5,SÃO PAULO,EDITORA UNESP,2003,,1ª,,
0511/2019,25/06/19,CDD-639.3,1. Psicultura ecológica,"GARUTTI, Valdener",PSICULTURA ECOLÓGICA,ÚNICO,6,SÃO PAULO,EDITORA UNESP,2003,,1ª,,
0512/2019,25/06/19,CDD-632.95,1. Plantas - Pesticidas - Efeito,"CHABOUSSOU, Francis",PLANTAS DOENTES PELO USO DE AGROTÓXICOS: NOVAS BASES DE UMA PREVENÇÃO CONTRA DOENÇAS E PARASITAS: A TEORIA DA TROFOBIOSE,ÚNICO,3,SÃO PAULO,EXPRESSÃO POPULAR,2006,,1ª,,
0513/2019,25/06/19,CDD-632.95,1. Plantas - Pesticidas - Efeito,"CHABOUSSOU, Francis",PLANTAS DOENTES PELO USO DE AGROTÓXICOS: NOVAS BASES DE UMA PREVENÇÃO CONTRA DOENÇAS E PARASITAS: A TEORIA DA TROFOBIOSE,ÚNICO,4,SÃO PAULO,EXPRESSÃO POPULAR,2006,,1ª,,
0514/2019,25/06/19,CDD-658,1. Gestão das organizações,"FARIA, José Henrique de",GESTÃO PARTICIPATIVA: RELAÇÕES DE PODER E DE TRABALHO NAS ORGANIZAÇÕES,ÚNICO,1,SÃO PAULO,ATLAS,2009,,1ª,,
0515/2019,25/06/19,CDD-658,1. Gestão das organizações,"FARIA, José Henrique de",GESTÃO PARTICIPATIVA: RELAÇÕES DE PODER E DE TRABALHO NAS ORGANIZAÇÕES,ÚNICO,2,SÃO PAULO,ATLAS,2009,,1ª,,
0516/2019,25/06/19,CDD-658,1. Gestão das organizações,"FARIA, José Henrique de",GESTÃO PARTICIPATIVA: RELAÇÕES DE PODER E DE TRABALHO NAS ORGANIZAÇÕES,ÚNICO,3,SÃO PAULO,ATLAS,2009,,1ª,,
0517/2019,25/06/19,CDD-658,1. Gestão das organizações,"FARIA, José Henrique de",GESTÃO PARTICIPATIVA: RELAÇÕES DE PODER E DE TRABALHO NAS ORGANIZAÇÕES,ÚNICO,4,SÃO PAULO,ATLAS,2009,,1ª,,
0518/2019,25/06/19,CDD-658,1. Gestão das organizações,"FARIA, José Henrique de",GESTÃO PARTICIPATIVA: RELAÇÕES DE PODER E DE TRABALHO NAS ORGANIZAÇÕES,ÚNICO,5,SÃO PAULO,ATLAS,2009,,1ª,,
0519/2019,25/06/19,CDD-658,1. Gestão das organizações,"FARIA, José Henrique de",GESTÃO PARTICIPATIVA: RELAÇÕES DE PODER E DE TRABALHO NAS ORGANIZAÇÕES,ÚNICO,6,SÃO PAULO,ATLAS,2009,,1ª,,
0520/2019,25/06/19,CDD-647.94,1. Administração de sistemas hoteleiros,"DUARTE, Vladir Vieira",ADMINISTRAÇÃO DE SISTEMAS HOTELEIROS: CONCEITOS BÁSICOS,ÚNICO,1,SÃO PAULO,EDITORA SENAC SÃO PAULO,1997,,3ª,,
0521/2019,25/06/19,CDD-647.94,1. Administração de sistemas hoteleiros,"DUARTE, Vladir Vieira",ADMINISTRAÇÃO DE SISTEMAS HOTELEIROS: CONCEITOS BÁSICOS,ÚNICO,2,SÃO PAULO,EDITORA SENAC SÃO PAULO,1997,,3ª,,
0522/2019,25/06/19,CDD-647.94,1. Administração de sistemas hoteleiros,"DUARTE, Vladir Vieira",ADMINISTRAÇÃO DE SISTEMAS HOTELEIROS: CONCEITOS BÁSICOS,ÚNICO,3,SÃO PAULO,EDITORA SENAC SÃO PAULO,1997,,3ª,,
0523/2019,25/06/19,CDD-647.94,1. Administração de sistemas hoteleiros,"DUARTE, Vladir Vieira",ADMINISTRAÇÃO DE SISTEMAS HOTELEIROS: CONCEITOS BÁSICOS,ÚNICO,4,SÃO PAULO,EDITORA SENAC SÃO PAULO,1997,,3ª,,
0524/2019,25/06/19,CDD-647.94,1. Administração de sistemas hoteleiros,"DUARTE, Vladir Vieira",ADMINISTRAÇÃO DE SISTEMAS HOTELEIROS: CONCEITOS BÁSICOS,ÚNICO,5,SÃO PAULO,EDITORA SENAC SÃO PAULO,1997,,3ª,,
0525/2019,25/06/19,CDD-647.94,1. Administração de sistemas hoteleiros,"DUARTE, Vladir Vieira",ADMINISTRAÇÃO DE SISTEMAS HOTELEIROS: CONCEITOS BÁSICOS,ÚNICO,6,SÃO PAULO,EDITORA SENAC SÃO PAULO,1997,,3ª,,
0526/2019,25/06/19,CDD-614.8,1. Máquinas agrícolas: Acidentes de trabalho,"MONTEIRO, Leonardo de Almeida",SEGURANÇA NA OPERAÇÃO COM MÁQUINAS AGRÍCOLAS,ÚNICO,5,FORTALEZA,UFC,2013,,1ª,,
0527/2019,25/06/19,CDD-613.707,1. Educação física - Estudo e ensino,"DAOLIO, Jocimar",DA CULTURA DO CORPO,ÚNICO,,CAMPINAS-SP,PAPIRUS,1995,,16ª,,
0528/2019,25/06/19,CDD-639.34,1. Peixe: Produção: Ciência animal,VÁRIOS AUTORES,MANUAL DE PSICULTURA FAMILIAR EM VIVEIROS ESCAVADOS,ÚNICO,,"BRASÍLIA, DF",EMBRAPA,2015,,1ª,,
0529/2019,25/06/19,CDD-613.0438,1. Idosos - Saúde e Higiene,"HERMÓGENES, José",SAÚDE NA TERCEIRA IDADE,ÚNICO,,RIO DE JANEIRO,RECORD,1998,,9ª,,
0530/2019,25/06/19,CDD-616.978,1.AIDS (Doença): Prevenção,"BARONE, Antônio A. ",AIDS: INFORMAÇÃO E PREVENÇÃO,ÚNICO,,SÃO PAULO,ÁTICA,2005,,12ª,,
0531/2019,25/06/19,CDU-615.32:018.591(083.13),1. Uso de drogas - prevenção,"SEIDL, Eliane Maria Fleury",CURSO DE PREVENÇÃO DO USO DE DROGAS PARA EDUCADORES DE ESCOLAS PÚBLICAS: CONSTRUINDO O PROJETO DE PREVENÇÃO DO USO DE DROGAS DA ESCOLA: CADERNO DE ORIENTAÇÕES,ÚNICO,,BRASÍLIA,MINISTÉRIO DA JUSTIÇA E DA EDUCAÇÃO,2014,,2ª,,
0532/2019,25/06/19,CDD-613.9507,1. Educação sexual,"DUARTE, Ruth de Gouvêa","SEXO, SEXUALIDADE E DOENÇAS SEXUALMENTE TRANSMISSÍVEIS",ÚNICO,,SÃO PAULO,MODERNA,2005,,2ª,,
0533/2019,25/06/19,CDD-658.047,1. Cooperativas: Gestão: Administração de empresas,"OLIVEIRA, Djalma de Pinho Rebouças de ",MANUAL DE GESTÃO DAS COOPERATIVAS: UMA ABORDAGEM PRÁTICA,ÚNICO,1,SÃO PAULO,ATLAS,2012,,6ª,,
0534/2019,25/06/19,CDD-658.047,1. Cooperativas: Gestão: Administração de empresas,"OLIVEIRA, Djalma de Pinho Rebouças de ",MANUAL DE GESTÃO DAS COOPERATIVAS: UMA ABORDAGEM PRÁTICA,ÚNICO,2,SÃO PAULO,ATLAS,2012,,6ª,,
0535/2019,25/06/19,CDD-658.047,1. Cooperativas: Gestão: Administração de empresas,"OLIVEIRA, Djalma de Pinho Rebouças de ",MANUAL DE GESTÃO DAS COOPERATIVAS: UMA ABORDAGEM PRÁTICA,ÚNICO,3,SÃO PAULO,ATLAS,2012,,6ª,,
0536/2019,25/06/19,CDD-658.047,1. Cooperativas: Gestão: Administração de empresas,"OLIVEIRA, Djalma de Pinho Rebouças de ",MANUAL DE GESTÃO DAS COOPERATIVAS: UMA ABORDAGEM PRÁTICA,ÚNICO,4,SÃO PAULO,ATLAS,2012,,6ª,,
0537/2019,25/06/19,CDD-658.047,1. Cooperativas: Gestão: Administração de empresas,"OLIVEIRA, Djalma de Pinho Rebouças de ",MANUAL DE GESTÃO DAS COOPERATIVAS: UMA ABORDAGEM PRÁTICA,ÚNICO,5,SÃO PAULO,ATLAS,2012,,6ª,,
0538/2019,25/06/19,CDD-660.65,1. Transgênicos: Engenharia genética: Biotecnologia,VÁRIOS AUTORES,TRANSGÊNICOS: SEMENTES DA DISCÓRDIA,ÚNICO,1,SÃO PAULO,EDITORA SENAC SÃO PAULO,2007,,1ª,,
0539/2019,25/06/19,CDD-660.65,1. Transgênicos: Engenharia genética: Biotecnologia,VÁRIOS AUTORES,TRANSGÊNICOS: SEMENTES DA DISCÓRDIA,ÚNICO,2,SÃO PAULO,EDITORA SENAC SÃO PAULO,2007,,1ª,,
0540/2019,25/06/19,CDD-660.65,1. Transgênicos: Engenharia genética: Biotecnologia,VÁRIOS AUTORES,TRANSGÊNICOS: SEMENTES DA DISCÓRDIA,ÚNICO,3,SÃO PAULO,EDITORA SENAC SÃO PAULO,2007,,1ª,,
0541/2019,26/06/19,CDD-635.6592,1. Vigna unguiculata. Feijão-caupi - Tecnologia de alimento,VÁRIOS AUTORES,FEIJÃO-CAUPI,ÚNICO,1,FORTALEZA,EMBRAPA AGROINDÚSTRIA TROPICAL,2008,,1ª,,
0542/2019,26/06/19,CDD-635.6592,1. Vigna unguiculata. Feijão-caupi - Tecnologia de alimento,VÁRIOS AUTORES,FEIJÃO-CAUPI,ÚNICO,2,FORTALEZA,EMBRAPA AGROINDÚSTRIA TROPICAL,2008,,1ª,,
0543/2019,26/06/19,CDD-635.6592,1. Vigna unguiculata. Feijão-caupi - Tecnologia de alimento,VÁRIOS AUTORES,FEIJÃO-CAUPI,ÚNICO,3,FORTALEZA,EMBRAPA AGROINDÚSTRIA TROPICAL,2008,,1ª,,
0544/2019,26/06/19,CDD-613.2,1. Alimentos: Poder medicinal: Promoção da saúde,"ROGER, Jorge Pamplona",O PODER MEDICINAL DOS ALIMENTOS,ÚNICO,,"TATUÍ, SP",CASA PUBLICADORA BRASILEIRA,2006,,1ª,,
0545/2019,26/06/19,CDD-613.7,1. Educação física (Ensino Médio),"MATOS, Mauro Gomes de",EDUCAÇÃO FÍSICA NA ADOLESCÊNCIA: CONSTRUINDO O CONHECIMENTO NA ESCOLA,ÚNICO,,SÃO PAULO,PHORTE,2008,,5ª,,
0546/2019,26/06/19,CDD-658.11,1. Empreendiementos: Criatividade nos negócios,"DURO, Jorge",DESPERTE O EMPREENDEDOR EM VOCÊ,ÚNICO,,RIO DE JANEIRO,ED. SENAC RIO,2012,,4ª,,
0547/2019,26/06/19,CDU-301(091),1. Sociologia-História,"CUNHA, Flávio Saliba",HISTÓRIA & SOCIOLOGIA,ÚNICO,2,BELO HORIZONTE,AUTÊNTICA,2007,,1ª,,
0548/2019,26/06/19,CDD-631.8,1. Compostagem: Resíduos orgânicos: Uso agrícola,"INÁCIO, Caio de Teves",COMPOSTAGEM: CIÊNCIA E PRÁTICA PARA GESTÃO DE RESÍDUOS ORGÂNICOS,ÚNICO,,RIO DE JANEIRO,EMBRAPA SOLOS,2009,,1ª,,
0549/2019,26/06/19,CDD-792,1. Theatro José de Alencar - Arquitetura,"BARROSO, Oswald",THEATRO JOSÉ DE ALENCAR: O TETRO E A CIDADE,ÚNICO,1,FORTALEZA,TERRA DA LUZ EDITORIAL,2002,,1ª,,
0550/2019,26/06/19,CDD-792,1. Theatro José de Alencar - Arquitetura,"BARROSO, Oswald",THEATRO JOSÉ DE ALENCAR: O TETRO E A CIDADE,ÚNICO,2,FORTALEZA,TERRA DA LUZ EDITORIAL,2002,,1ª,,
0551/2019,26/06/19,CDD-792,1. Theatro José de Alencar - Arquitetura,"BARROSO, Oswald",THEATRO JOSÉ DE ALENCAR: O TETRO E A CIDADE,ÚNICO,3,FORTALEZA,TERRA DA LUZ EDITORIAL,2002,,1ª,,
0552/2019,26/06/19,CDD-792,1. Theatro José de Alencar - Arquitetura,"BARROSO, Oswald",THEATRO JOSÉ DE ALENCAR: O TETRO E A CIDADE,ÚNICO,4,FORTALEZA,TERRA DA LUZ EDITORIAL,2002,,1ª,,
0553/2019,26/06/19,CDD-792,1. Theatro José de Alencar - Arquitetura,"BARROSO, Oswald",THEATRO JOSÉ DE ALENCAR: O TETRO E A CIDADE,ÚNICO,5,FORTALEZA,TERRA DA LUZ EDITORIAL,2002,,1ª,,
0554/2019,26/06/19,CDD-792,1. Theatro José de Alencar - Arquitetura,"BARROSO, Oswald",THEATRO JOSÉ DE ALENCAR: O TETRO E A CIDADE,ÚNICO,6,FORTALEZA,TERRA DA LUZ EDITORIAL,2002,,1ª,,
0555/2019,26/06/19,CDD-372.86,1. Educação física escolar: Esportes,"DARIDO, Suraya Cristina",PARA ENSINAR EDUCAÇÃO FÍSICA: POSSIBILIDADES DE INTERVENÇÃO NA ESCOLA,ÚNICO,1,CAMPINAS-SP,PAPIRUS,2007,,4ª,,
0556/2019,26/06/19,CDD-372.86,1. Educação física escolar: Esportes,"DARIDO, Suraya Cristina",PARA ENSINAR EDUCAÇÃO FÍSICA: POSSIBILIDADES DE INTERVENÇÃO NA ESCOLA,ÚNICO,2,CAMPINAS-SP,PAPIRUS,2007,,4ª,,
0557/2019,26/06/19,CDD-741.5,1. História em quadrinhos,"ASSIS, Machado de",O ALIENISTA,ÚNICO,1,SÃO PAULO,ESCALA EDUCACIONAL,2006,,1ª,,
0558/2019,26/06/19,CDD-741.5,1. História em quadrinhos,"ADAMS, Scott",DILBERT: TRABALHANDO EM CASA,V. 4,,SANTA MARIA-RS,L&PM POCKET,,,1ª,,
0559/2019,26/06/19,CDD-707,1. Arte - Estudo e ensino: Profesores de arte - Formação,"BUORO, Anamelia Bueno",OLHOS QUE PINTAM: A LEITURA DA IMAGEM E O ENSINO DE ARTE,ÚNICO,1,SÃO PAULO,EDUC/FAPESP/CORTEZ,2003,,2ª,,
0560/2019,26/06/19,CDD-707,1. Arte - Estudo e ensino: Profesores de arte - Formação,"BUORO, Anamelia Bueno",OLHOS QUE PINTAM: A LEITURA DA IMAGEM E O ENSINO DE ARTE,ÚNICO,2,SÃO PAULO,EDUC/FAPESP/CORTEZ,2003,,2ª,,
0561/2019,26/06/19,CDD-792.0981,1. Brasil: Teatro: História e crítica,"MAGALDI, Sábato",TEATRO DA OBSESSÃO,ÚNICO,1,SÃO PAULO,GLOBAL,2004,,1ª,,
0562/2019,26/06/19,CDD-792.0981,1. Brasil: Teatro: História e crítica,"MAGALDI, Sábato",TEATRO DA OBSESSÃO,ÚNICO,2,SÃO PAULO,GLOBAL,2004,,1ª,,
0563/2019,26/06/19,CDD-869,1. Teatro Brasileiro: Dramaturgia,"CARDOSO, Eduardo",OS MÁGICOS MASCARADOS,ÚNICO,,FORTALEZA,SECULT,2011,,1ª,,
0564/2019,26/06/19,CDD-792,1. Teatro: Artes da representação,"PEIXOTO, Fernando",O QUE É TEATRO,ÚNICO,,SÃO PAULO,BRASILIENSE,2007,,14ª,,
0565/2019,26/06/19,CDD-709,1. Arte - História,"ARNOLD, Dana",INTRODUÇÃO À HISTÓRIA DA ARTE,ÚNICO,1,SÃO PAULO,ÁTICA,2008,,1ª,,
0566/2019,26/06/19,CDD-709,1. Arte - História,"ARNOLD, Dana",INTRODUÇÃO À HISTÓRIA DA ARTE,ÚNICO,2,SÃO PAULO,ÁTICA,2008,,1ª,,
0567/2019,26/06/19,CDD-709,1. Arte - História,"ARNOLD, Dana",INTRODUÇÃO À HISTÓRIA DA ARTE,ÚNICO,3,SÃO PAULO,ÁTICA,2008,,1ª,,
0568/2019,26/06/19,CDD-709,1. Arte - História,"ARNOLD, Dana",INTRODUÇÃO À HISTÓRIA DA ARTE,ÚNICO,4,SÃO PAULO,ÁTICA,2008,,1ª,,
0569/2019,26/06/19,CDD-709,1. Arte - História,"ARNOLD, Dana",INTRODUÇÃO À HISTÓRIA DA ARTE,ÚNICO,5,SÃO PAULO,ÁTICA,2008,,1ª,,
0570/2019,26/06/19,CDD-730,1. Arte – Comunicação social.,"MUNARI, Bruno",ARTISTA E DESIGNER,ÚNICO,1,LISBOA,EDIÇÕES 70,2001,,1ª,,
0571/2019,26/06/19,CDD-730,1. Arte – Comunicação social.,"MUNARI, Bruno",ARTISTA E DESIGNER,ÚNICO,2,LISBOA,EDIÇÕES 70,2001,,1ª,,
0572/2019,26/06/19,CDD-707,1. Arte: Ensino,VÁRIOS AUTORES,INQUIETAÇÕES E MUDANÇAS NO ENSINO DA ARTE,ÚNICO,,SÃO PAULO,CORTEZ,2008,,5ª,,
0573/2019,26/06/19,CDD-707,1. Arte-Educação,VÁRIOS AUTORES,ARTE/EDUCAÇÃO CONTEMPORÂNEA: CONSONÂNCIAS INTERNACIONAIS,ÚNICO,1,SÃO PAULO,CORTEZ,2010,,3ª,,
0574/2019,26/06/19,CDD-707,1. Arte-Educação,VÁRIOS AUTORES,ARTE/EDUCAÇÃO CONTEMPORÂNEA: CONSONÂNCIAS INTERNACIONAIS,ÚNICO,2,SÃO PAULO,CORTEZ,2010,,3ª,,
0575/2019,26/06/19,CDD-801,1. Campo literário: Literatura: Teoria,"BOURDIEU, Pierre",AS REGRAS DA ARTE: GÊNESE E ESTRUTURA DO CAMPO LITERÁRIO,ÚNICO,1,SÃO PAULO,COMPANHIA DAS LETRAS,2010,,1ª,,
0576/2019,26/06/19,CDD-801,1. Campo literário: Literatura: Teoria,"BOURDIEU, Pierre",AS REGRAS DA ARTE: GÊNESE E ESTRUTURA DO CAMPO LITERÁRIO,ÚNICO,2,SÃO PAULO,COMPANHIA DAS LETRAS,2010,,1ª,,
0577/2019,26/06/19,CDD-741.5,1. Romance: Literatura francesa: Histórias em quadrinho,VOLTAIRE,"CÂNDIDO, OU, O OTIMISMO",ÚNICO,,SÃO PAULO,ESCALA EDUCACIONAL,2008,,1ª,,
0578/2019,26/06/19,CDD-780.7,1. Músicas: Estudo e ensino,"SCHAFER, R. Murray",O OUVIDO PENSANTE,ÚNICO,1,SÃO PAULO,EDITORA UNESP,1991,,1ª,,
0579/2019,26/06/19,CDU-94(81),1. Brasileiros - História: Quilombos - Brasil,"PEREIRA, Mateus",QUILOMBOLAS E QUILOMBOS: HISTÓRIA DO POVO BRASILEIRO,ÚNICO,1,BELO HORIZONTE,RONA,2012,,1ª,,
0580/2019,26/06/19,CDU-94(81),1. Brasileiros - História: Quilombos - Brasil,"PEREIRA, Mateus",QUILOMBOLAS E QUILOMBOS: HISTÓRIA DO POVO BRASILEIRO,ÚNICO,2,BELO HORIZONTE,RONA,2012,,1ª,,
0581/2019,26/06/19,CDD-374.012,1. Alfabetização de adultos,"FUCK, Irene Terezinha",ALFABETIZAÇÃO DE ADULTOS: RELATO DE UMA EXPERIÊNCIA CONSTRUTIVA,ÚNICO,,"PETRÓPOLIS, RJ",EDITORA VOZES,2003,,9ª,,
0582/2019,26/06/19,CDD-028.5,1. Literatura infantojuvenil,"NEIVA, Jucy",CIRANDA DO PETRÓLEO,ÚNICO,,RIO DE JANEIRO,EXPRESSÃO E CULTURA,1989,,2ª,,
0583/2019,26/06/19,CDU-347.9,1. Brasil: Processo civil,"CINTRA, Antonio Carlos de Araújo",TEORIA GERAL DO PROCESSO,ÚNICO,,SÃO PAULO,ED. REVISTA DOS TRIBUNAIS,1984,,4ª,,
0584/2019,26/06/19,CDD-960,1. Africanos - Brasil - História,KABENGELE MUNANGA,"ORIGENS AFRICANAS DO BRASIL CONTEMPORÂNEO: HISTÓRIAS, LÍNGUAS, CULTURAS E CIVILIZAÇÕES",ÚNICO,1,SÃO PAULO,GAUDÍ EDITORIAL,2012,,3ª,,
0585/2019,26/06/19,CDD-960,1. Africanos - Brasil - História,KABENGELE MUNANGA,"ORIGENS AFRICANAS DO BRASIL CONTEMPORÂNEO: HISTÓRIAS, LÍNGUAS, CULTURAS E CIVILIZAÇÕES",ÚNICO,2,SÃO PAULO,GAUDÍ EDITORIAL,2012,,3ª,,
0586/2019,26/06/19,CDD-920,1. Biografia: Autorses cearenses,"ALVES, Joaquim",AUTORS CARENSES,ÚNICO,,FORTALEZA,UFC,1997,,2ª,,
0587/2019,26/06/19,CDD-907,1. História Geral e do Brasil: ,"IGLÉSIAS, Francisco",HISTÓRIA GERAL E DO BRASIL,ÚNICO,,SÃO PAULO,ÁTICA,1994,,2ª,,
0588/2019,26/06/19,CDD-920.9306362,1. Escravos - Estados Unidos - Biografia,"NORTHUP, Solomon",DOZE ANOS DE ESCRAVIDÃO,ÚNICO,,SÃO PAULO,SEOMAN,2014,,1ª,,
0589/2019,26/06/19,CDD-918.1,1. Geografia - Brasil,"VESENTINI, José William",BRASIL: SOCIEDADE & ESPAÇO: GEOGRAFIA DO BRASIL,ÚNICO,,SÃO PAULO,ÁTICA,1994,,22ª,,
0590/2019,26/06/19,CDD-981.0521,1. Campanha de Canudos: Brasil: História,"MOCELLIN, Renato",CANUDOS: FANATISMO OU LUTA PELA TERRA?,ÚNICO,1,SÃO PAULO,EDITORA DO BRASIL,1998,,1ª,,
0591/2019,26/06/19,CDD-981.0521,1. Campanha de Canudos: Brasil: História,"MOCELLIN, Renato",CANUDOS: FANATISMO OU LUTA PELA TERRA?,ÚNICO,2,SÃO PAULO,EDITORA DO BRASIL,1998,,1ª,,
0592/2019,26/06/19,CDD-960,1. História africana,"SILVÉRIO, Valter Roberto",SÍNTESE DA COLEÇÃO HISTÓRIA GERAL DA ÁFRICA: SÉCULO XVI AO SÉCULO XX,ÚNICO,1,BRASÍLIA,UNESCO/MEC/UFSCar,2013,,1ª,,
0593/2019,26/06/19,CDD-960,1. História africana,"SILVÉRIO, Valter Roberto",SÍNTESE DA COLEÇÃO HISTÓRIA GERAL DA ÁFRICA: SÉCULO XVI AO SÉCULO XX,ÚNICO,2,BRASÍLIA,UNESCO/MEC/UFSCar,2013,,1ª,,
0594/2019,26/06/19,CDD-960,1. História africana,"SILVÉRIO, Valter Roberto",SÍNTESE DA COLEÇÃO HISTÓRIA GERAL DA ÁFRICA: SÉCULO XVI AO SÉCULO XX,ÚNICO,3,BRASÍLIA,UNESCO/MEC/UFSCar,2013,,1ª,,
0595/2019,26/06/19,CDD-960,1. História africana,"SILVÉRIO, Valter Roberto",SÍNTESE DA COLEÇÃO HISTÓRIA GERAL DA ÁFRICA: PRÉ-HISTÓRIA AO SÉCULO XVI,ÚNICO,1,BRASÍLIA,UNESCO/MEC/UFSCar,2013,,1ª,,
0596/2019,26/06/19,CDD-960,1. História africana,"SILVÉRIO, Valter Roberto",SÍNTESE DA COLEÇÃO HISTÓRIA GERAL DA ÁFRICA: PRÉ-HISTÓRIA AO SÉCULO XVI,ÚNICO,2,BRASÍLIA,UNESCO/MEC/UFSCar,2013,,1ª,,
0597/2019,26/06/19,CDD-960,1. História africana,"SILVÉRIO, Valter Roberto",SÍNTESE DA COLEÇÃO HISTÓRIA GERAL DA ÁFRICA: PRÉ-HISTÓRIA AO SÉCULO XVI,ÚNICO,3,BRASÍLIA,UNESCO/MEC/UFSCar,2013,,1ª,,
0598/2019,26/06/19,CDD-900,1. História - Periódicos,VÁRIOS AUTORES,TRAJETOS. REVISTA DO PROGRAMA DA PÓS-GRADUAÇÃO EM HISTÓRIA SOCIAL E DO DEPARTAMENTO DE HISTÓRIA DA UNIVERSIDADE FEDERAL DO CEARÁ,V. 4,,FORTALEZA,DEPARTAMENTO DE HISTÓRIA DA UFC,2006,,1ª,,
0599/2019,26/06/19,CDD-980.41,1. Índios da América do Sul - Brasil,"PIMENTEL, Spency",O ÍNDIO QUE MORA NA NOSSA CABEÇA: SOBRE AS DIFICULDADES PARA ENTENDER OS POVOS ÍNDIGENAS,ÚNICO,1,SÃO PAULO,PRUMO,2012,,1ª,,
0600/2019,26/06/19,CDD-980.41,1. Índios da América do Sul - Brasil,"PIMENTEL, Spency",O ÍNDIO QUE MORA NA NOSSA CABEÇA: SOBRE AS DIFICULDADES PARA ENTENDER OS POVOS ÍNDIGENAS,ÚNICO,2,SÃO PAULO,PRUMO,2012,,1ª,,
0601/2019,26/06/19,CDD-981,1. Quilombos - Amazonas - Brasil,"VASCONCELOS, águida",O FIO D'ÁGUA DO QUILOMBO: UMA NARRATIVA DO ZAMBEZE NO AMAZONAS?,ÚNICO,,SÃO PAULO,PRUMO,2012,,1ª,,
0602/2019,26/06/19,CDD-981,1. Brasil - História - Aspectos sociais,"BARROS, Souza",MESSIANISMO E VIOLÊNCIA DE MASSA NO BRASIL,ÚNICO,,RIO DE JANEIRO,CIVILIZAÇÃO BRASILEIRA,1986,,1ª,,
0603/2019,26/06/19,CDD-916,1. África: Geografia: Ensino médio,"OLIC, Nelson Bacic","ÁFRICA: TERRA, SOCIEDADES E CONFLITOS",ÚNICO,1,SÃO PAULO,MODERNA,2004,,1ª,,
0604/2019,26/06/19,CDD-981,1. Juazeiro: História: Brasil,"BARTHOLOMEU, Floro",JUAZEIRO E O PADRE CÍCERO: DEPOIMENTO PARA A HISTÓRIA,ÚNICO,,FORTALEZA,EDIÇÕES URCA,2010,,1ª,,
0605/2019,26/06/19,CDD-981,1. Brasil: Escravidão: História,VÁRIOS AUTORES,LIBERDADE POR UM FIO: HISTÓRIA DOS QUILOMBOS NO BRASIL,ÚNICO,1,SÃO PAULO,CLARO ENIGMA,2012,,1ª,,
0606/2019,26/06/19,CDD-981,1. Brasil: Escravidão: História,VÁRIOS AUTORES,LIBERDADE POR UM FIO: HISTÓRIA DOS QUILOMBOS NO BRASIL,ÚNICO,2,SÃO PAULO,CLARO ENIGMA,2012,,1ª,,
0607/2019,26/06/19,CDD-920.9363.7,1. Ambientalistas: Brasil: Entrevistas,"CORRÊA, Marcos Sá",ÁGUA MOLE EM PEDRA DURA: DEZ HISTÓRIAS DA LUTA PELO MEIO AMBIENTE,ÚNICO,1,RIO DE JANEIRO,AEROPLANO,2006,,1ª,DOADO PARA A CASA PITIA,
0608/2019,26/06/19,CDD-920.9363.7,1. Ambientalistas: Brasil: Entrevistas,"CORRÊA, Marcos Sá",ÁGUA MOLE EM PEDRA DURA: DEZ HISTÓRIAS DA LUTA PELO MEIO AMBIENTE,ÚNICO,2,RIO DE JANEIRO,AEROPLANO,2006,,1ª,,
0609/2019,26/06/19,CDD-920.9363.7,1. Ambientalistas: Brasil: Entrevistas,"CORRÊA, Marcos Sá",ÁGUA MOLE EM PEDRA DURA: DEZ HISTÓRIAS DA LUTA PELO MEIO AMBIENTE,ÚNICO,3,RIO DE JANEIRO,AEROPLANO,2006,,1ª,,
0610/2019,26/06/19,CDD-980.4109,1. Brasil: Povos indígenas: Cultura,"FIGUEIREDO, Cláudio",HISTÓRIA E CULTURA DOS POVOS INDÍGENAS NO BRASIL,ÚNICO,,SÃO PAULO,BARSA PLANETA,2011,,4ª,,
0611/2019,26/06/19,CDD-960,1. África: História,"SOUZA, Marina de Mello e",ÁFRICA E BRASIL AFRICANO,ÚNICO,1,SÃO PAULO,ÁTICA,2014,,1ª,,
0612/2019,26/06/19,CDD-960,1. África: História,"SOUZA, Marina de Mello e",ÁFRICA E BRASIL AFRICANO,ÚNICO,2,SÃO PAULO,ÁTICA,2014,,1ª,,
0613/2019,26/06/19,CDD-133.93,1. Romance espírita,"XAVIER, Francisco Cândido",HÁ DOIS MIL ANOS: EPISÓDIOS DA HISTÓRIA DO CRISTIANISMO NO SÉCULO I,ÚNICO,,RIO DE JANEIRO,FEDERAÇÃO ESPÍRITA BRASILEIRA,2010,,48ª,,
0614/2019,26/06/19,CDD-920,1. Biografias gerais.,"DUARTE OLIVEIRA, Jânio",A BIOGRAFIA MANOEL DE GOES FILHO,ÚNICO,,CARIÚS,EDITORA SUPERNOVA SOLUÇÕES GRÁFICAS,2014,,1ª,,
0615/2019,26/06/19,CDD-980,1. História da América Latina,"CHAUNU, Pierre",HISTÓRIA DA AMÉRICA LATINA,ÚNICO,,RIO DE JANEIRO,EDITORA BERTRAND BRASIL,1989,,8ª,,
0616/2019,26/06/19,CDD-900,1. Globalização. Espaço Latino-americano. Mapa.,VÁRIOS AUTORES,O NOVO MAPA DO MUNDO: GLOBALIZAÇÃO E ESPAÇO LATINO-AMERICANO,ÚNICO,,SÃO PAULO,HUCITEC,1994,,2ª,,
0617/2019,26/06/19,CDU-372,1. Educação: Africanidades: Relações Étnico-raciais,"ARRUDA, Jorge Bezerra",AFRICANIDADE E BRASILIDADE: ORIENTAÇÕES METODOLÓGICAS PARA A IMPLEMENTAÇÃO DA LEI 10.639/03,ÚNICO,,SÃO PAULO,DIÁSPORA,2008,,1ª,,
0618/2019,26/06/19,CDD-398.20981,1. Literatura popular: Brasileira,"BOCHECO, Eloí Elisabete","BATA COZIDA, MINGAU DE CARÁ",ÚNICO,1,BRASÍLIA,MEC,2006,,1ª,,
0619/2019,26/06/19,CDD-741.5,1. Histórias em quadrinho,"BARRETO, Lima",UM MÚSICO EXTRAORDINÁRIO,ÚNICO,,SÃO PAULO,ESCALA EDUCACIONAL,,,1ª,,
0620/2019,26/06/19,CDD-869.93,1. Romances: Literatura brasileira,"ALENCAR, José de ",GUERRA DOS MASCATES,ÚNICO,,SÃO PAULO,RIDEEL,1997,,1ª,,
0621/2019,26/06/19,CDD-869.93,1. Romances: Literatura brasileira,"ALENCAR, José de ",IRACEMA; UBIRAJARA,ÚNICO,,SÃO PAULO,RIDEEL,1997,,1ª,,
0622/2019,26/06/19,CDD-869.93,1. Romances: Literatura brasileira,"ALENCAR, José de ",O SERTANEJO,ÚNICO,1,SÃO PAULO,RIDEEL,1997,,1ª,,
0623/2019,26/06/19,CDD-869.935,1. Romances: Século 20: Literatura brasileira,"BARRETO, Lima",TRISTE FIM DE POLICARPO QUARESMA,ÚNICO,1,SÃO PAULO,RIDEEL,2000,,1ª,,
0624/2019,26/06/19,CDD-869.92,1. Teatro: Literatura brasileira,"OLIVEIRA, Domingos",DOMINGOS OLIVEIRA,ÚNICO,,SÃO PAULO,GLOBAL,2004,,1ª,,
0625/2019,26/06/19,CDD-869.935,1. Contos: Século 20: Literatura brasileira,"BRANDÃO, Ignácio de Loyola",MELHORES CONTOS IGNÁCIO DE LOYOLA BRANDÃO,ÚNICO,2,SÃO PAULO,GLOBAL,2001,,5ª,,
0626/2019,26/06/19,CDD-869.935,1. Contos: Século 20: Literatura brasileira,"TELLES, Lygia Fagundes",MELHORES CONTOS DE LYGIA FAGUNDES TELLES,ÚNICO,,SÃO PAULO,GLOBAL,2003,,1ª,,
0627/2019,26/06/19,CDD-869.3,1. Romances: Literatura portuguesa,"QUEIRÓS, Eça de",A CIDADE E AS SERRAS,ÚNICO,1,SÃO PAULO,RIDEEL,2000,,1ª,,
0628/2019,26/06/19,CDD-028.5,1. Conflito social: Literatura infantojuvenil,"SABINO, Fernando",OS RESTOS MORTAIS,ÚNICO,,SÃO PAULO,ÁTICA,2007,,7ª,,
0629/2019,26/06/19,CDD-236,1. Escatologia: Teologia cristã,"WHITE, Ellen G.",A GRANDE ESPERANÇA: VIVA COM A CERTEZA DE QUE VAI TERMINAR TUDO BEM,ÚNICO,1,"TATUÍ, SP",CASA PUBLICADORA BRASILEIRA,2011,,2ª,,
0630/2019,26/06/19,CDD-398.20981,1. Brasil: Cordelistas: Biográfia e obra: Literatura folclórica,"ATHAYDE, João Martins de",CORDEL,ÚNICO,,SÃO PAULO,HEDRA,2000,,1ª,,
0631/2019,26/06/19,CDD-793.74,1. Matemática recreativa,"STEWART, Ian",MANIA DE MATEMÁTICA: DIVERSÃO E JOGOS DE LÓGICA MATEMÁTICA,ÚNICO,,RIO DE JANEIRO,JORGE ZAHAR ,2005,,1ª,,
0632/2019,26/06/19,CDD-869.935,1. Contos: Literatura brasileira,VÁRIOS AUTORES,CONTOS BRASILEIROS,ÚNICO,,SÃO PAULO,ÁTICA,2007,,1ª,,
0633/2019,26/06/19,CDD-920,1. Biografias gerais.,"MARTINS, Manoel Soares",A MARCA DO TEMPO EM DUAS VIDAS,ÚNICO,,"JUAZEIRO DO NORTE, CE",GRÁFICA UNIVERSITÁRIA,2003,,1ª,,
0634/2019,26/06/19,CDD-030,1. Enciclopédias gerais.,"VICENTE, Orlando",GECU - GRANDE ENCICLOPÉDIA DO CONHECIMENTO UNIVERSAL,VOL. 1,,SÃO PAULO,IRACEMA,2009,,1ª,,
0635/2019,26/06/19,CDD-030,1. Enciclopédias gerais.,"VICENTE, Orlando",GECU - GRANDE ENCICLOPÉDIA DO CONHECIMENTO UNIVERSAL,VOL. 2,,SÃO PAULO,IRACEMA,2009,,1ª,,
0636/2019,26/06/19,CDD-030,1. Enciclopédias gerais.,"VICENTE, Orlando",GECU - GRANDE ENCICLOPÉDIA DO CONHECIMENTO UNIVERSAL,VOL. 3,,SÃO PAULO,IRACEMA,2009,,1ª,,
0637/2019,26/06/19,CDD-030,1. Enciclopédias gerais.,"VICENTE, Orlando",GECU - GRANDE ENCICLOPÉDIA DO CONHECIMENTO UNIVERSAL,VOL. 4,,SÃO PAULO,IRACEMA,2009,,1ª,,
0638/2019,26/06/19,CDD-030,1. Enciclopédias gerais.,"VICENTE, Orlando",GECU - GRANDE ENCICLOPÉDIA DO CONHECIMENTO UNIVERSAL,VOL. 5,,SÃO PAULO,IRACEMA,2009,,1ª,,
0639/2019,26/06/19,CDD-030,1. Enciclopédias gerais.,"VICENTE, Orlando",GECU - GRANDE ENCICLOPÉDIA DO CONHECIMENTO UNIVERSAL,VOL. 6,,SÃO PAULO,IRACEMA,2009,,1ª,EXTRAVIADO,
0640/2019,26/06/19,CDD-030,1. Enciclopédias gerais.,"VICENTE, Orlando",GECU - GRANDE ENCICLOPÉDIA DO CONHECIMENTO UNIVERSAL,VOL. 7,,SÃO PAULO,IRACEMA,2009,,1ª,,
0641/2019,26/06/19,CDD-030,1. Enciclopédias gerais.,"VICENTE, Orlando",GECU - GRANDE ENCICLOPÉDIA DO CONHECIMENTO UNIVERSAL,VOL. 8,,SÃO PAULO,IRACEMA,2009,,1ª,,
0642/2019,26/06/19,CDD-030,1. Enciclopédias gerais.,"VICENTE, Orlando",GECU - GRANDE ENCICLOPÉDIA DO CONHECIMENTO UNIVERSAL,VOL. 9,,SÃO PAULO,IRACEMA,2009,,1ª,,
0643/2019,26/06/19,CDD-030,1. Enciclopédias gerais.,"VICENTE, Orlando",GECU - GRANDE ENCICLOPÉDIA DO CONHECIMENTO UNIVERSAL,VOL. 10,,SÃO PAULO,IRACEMA,2009,,1ª,,
0644/2019,26/06/19,CDD-030,1. Enciclopédias gerais.,"VICENTE, Orlando",GECU - GRANDE ENCICLOPÉDIA DO CONHECIMENTO UNIVERSAL,VOL. 11,,SÃO PAULO,IRACEMA,2009,,1ª,,
0645/2019,26/06/19,CDD-469.3,1. Língua Portuguesa: Dicionários,VÁRIOS AUTORES,DICIONÁRIO BARSA DA LÍNGUA PORTUGUESA,VOL. 1,,SÃO PAULO,BARSA PLANETA,2005,,1ª,,
0646/2019,26/06/19,CDD-469.3,1. Língua Portuguesa: Dicionários,VÁRIOS AUTORES,DICIONÁRIO BARSA DA LÍNGUA PORTUGUESA,VOL. 2,,SÃO PAULO,BARSA PLANETA,2005,,1ª,,
0647/2019,26/06/19,CDD-808.066,1. Redação técnica: Oficial: Língua Portuguesa,VÁRIOS AUTORES,MANUAL DE REDAÇÃO BARSA,ÚNICO,,SÃO PAULO,BARSA PLANETA,2005,,1ª,,
0648/2019,26/06/19,CDD-469.31,1. Língua Portuguesa: Sinônimos e antônimos: Dicionário,VÁRIOS AUTORES,DICIONÁRIO BARSA DE SINÔNIMOS E ANTÔNIMOS,ÚNICO,,SÃO PAULO,BARSA PLANETA,2005,,1ª,,
0649/2019,26/06/19,CCD-036.9,1. Enciclopédias gerais.,VÁRIOS AUTORES,ENCICLOPÉDIA BARSA UNIVERSAL,VOL. 1,1,ESPANHA,PLANETA,2010,,3ª,,
0650/2019,26/06/19,CCD-036.9,1. Enciclopédias gerais.,VÁRIOS AUTORES,ENCICLOPÉDIA BARSA UNIVERSAL,VOL. 2,1,ESPANHA,PLANETA,2010,,3ª,,
0651/2019,26/06/19,CCD-036.9,1. Enciclopédias gerais.,VÁRIOS AUTORES,ENCICLOPÉDIA BARSA UNIVERSAL,VOL. 3,1,ESPANHA,PLANETA,2010,,3ª,,
0652/2019,26/06/19,CCD-036.9,1. Enciclopédias gerais.,VÁRIOS AUTORES,ENCICLOPÉDIA BARSA UNIVERSAL,VOL. 4,1,ESPANHA,PLANETA,2010,,3ª,,
0653/2019,26/06/19,CCD-036.9,1. Enciclopédias gerais.,VÁRIOS AUTORES,ENCICLOPÉDIA BARSA UNIVERSAL,VOL. 5,1,ESPANHA,PLANETA,2010,,3ª,,
0654/2019,26/06/19,CCD-036.9,1. Enciclopédias gerais.,VÁRIOS AUTORES,ENCICLOPÉDIA BARSA UNIVERSAL,VOL. 6,1,ESPANHA,PLANETA,2010,,3ª,,
0655/2019,26/06/19,CCD-036.9,1. Enciclopédias gerais.,VÁRIOS AUTORES,ENCICLOPÉDIA BARSA UNIVERSAL,VOL. 7,1,ESPANHA,PLANETA,2010,,3ª,,
0656/2019,26/06/19,CCD-036.9,1. Enciclopédias gerais.,VÁRIOS AUTORES,ENCICLOPÉDIA BARSA UNIVERSAL,VOL. 8,1,ESPANHA,PLANETA,2010,,3ª,,
0657/2019,26/06/19,CCD-036.9,1. Enciclopédias gerais.,VÁRIOS AUTORES,ENCICLOPÉDIA BARSA UNIVERSAL,VOL. 9,1,ESPANHA,PLANETA,2010,,3ª,,
0658/2019,26/06/19,CCD-036.9,1. Enciclopédias gerais.,VÁRIOS AUTORES,ENCICLOPÉDIA BARSA UNIVERSAL,VOL. 10,1,ESPANHA,PLANETA,2010,,3ª,,
0659/2019,26/06/19,CCD-036.9,1. Enciclopédias gerais.,VÁRIOS AUTORES,ENCICLOPÉDIA BARSA UNIVERSAL,VOL. 11,1,ESPANHA,PLANETA,2010,,3ª,,
0660/2019,26/06/19,CCD-036.9,1. Enciclopédias gerais.,VÁRIOS AUTORES,ENCICLOPÉDIA BARSA UNIVERSAL,VOL. 12,1,ESPANHA,PLANETA,2010,,3ª,,
0661/2019,26/06/19,CCD-036.9,1. Enciclopédias gerais.,VÁRIOS AUTORES,ENCICLOPÉDIA BARSA UNIVERSAL,VOL. 13,1,ESPANHA,PLANETA,2010,,3ª,,
0662/2019,26/06/19,CCD-036.9,1. Enciclopédias gerais.,VÁRIOS AUTORES,ENCICLOPÉDIA BARSA UNIVERSAL,VOL. 14,1,ESPANHA,PLANETA,2010,,3ª,,
0663/2019,26/06/19,CCD-036.9,1. Enciclopédias gerais.,VÁRIOS AUTORES,ENCICLOPÉDIA BARSA UNIVERSAL,VOL. 15,1,ESPANHA,PLANETA,2010,,3ª,,
0664/2019,26/06/19,CCD-036.9,1. Enciclopédias gerais.,VÁRIOS AUTORES,ENCICLOPÉDIA BARSA UNIVERSAL,VOL. 16,1,ESPANHA,PLANETA,2010,,3ª,,
0665/2019,26/06/19,CCD-036.9,1. Enciclopédias gerais.,VÁRIOS AUTORES,ENCICLOPÉDIA BARSA UNIVERSAL,VOL. 17,1,ESPANHA,PLANETA,2010,,3ª,,
0666/2019,26/06/19,CCD-036.9,1. Enciclopédias gerais.,VÁRIOS AUTORES,ENCICLOPÉDIA BARSA UNIVERSAL,VOL. 18,1,ESPANHA,PLANETA,2010,,3ª,,
0667/2019,26/06/19,CCD-036.9,1. Enciclopédias gerais.,VÁRIOS AUTORES,ENCICLOPÉDIA BARSA UNIVERSAL,VOL. 1,2,ESPANHA,PLANETA,2010,,3ª,,
0668/2019,26/06/19,CCD-036.9,1. Enciclopédias gerais.,VÁRIOS AUTORES,ENCICLOPÉDIA BARSA UNIVERSAL,VOL. 2,2,ESPANHA,PLANETA,2010,,3ª,,
0669/2019,26/06/19,CCD-036.9,1. Enciclopédias gerais.,VÁRIOS AUTORES,ENCICLOPÉDIA BARSA UNIVERSAL,VOL. 3,2,ESPANHA,PLANETA,2010,,3ª,,
0670/2019,26/06/19,CCD-036.9,1. Enciclopédias gerais.,VÁRIOS AUTORES,ENCICLOPÉDIA BARSA UNIVERSAL,VOL. 4,2,ESPANHA,PLANETA,2010,,3ª,,
0671/2019,26/06/19,CCD-036.9,1. Enciclopédias gerais.,VÁRIOS AUTORES,ENCICLOPÉDIA BARSA UNIVERSAL,VOL. 5,2,ESPANHA,PLANETA,2010,,3ª,,
0672/2019,26/06/19,CCD-036.9,1. Enciclopédias gerais.,VÁRIOS AUTORES,ENCICLOPÉDIA BARSA UNIVERSAL,VOL. 6,2,ESPANHA,PLANETA,2010,,3ª,,
0673/2019,26/06/19,CCD-036.9,1. Enciclopédias gerais.,VÁRIOS AUTORES,ENCICLOPÉDIA BARSA UNIVERSAL,VOL. 7,2,ESPANHA,PLANETA,2010,,3ª,,
0674/2019,26/06/19,CCD-036.9,1. Enciclopédias gerais.,VÁRIOS AUTORES,ENCICLOPÉDIA BARSA UNIVERSAL,VOL. 8,2,ESPANHA,PLANETA,2010,,3ª,,
0675/2019,26/06/19,CCD-036.9,1. Enciclopédias gerais.,VÁRIOS AUTORES,ENCICLOPÉDIA BARSA UNIVERSAL,VOL. 9,2,ESPANHA,PLANETA,2010,,3ª,,
0676/2019,26/06/19,CCD-036.9,1. Enciclopédias gerais.,VÁRIOS AUTORES,ENCICLOPÉDIA BARSA UNIVERSAL,VOL. 10,2,ESPANHA,PLANETA,2010,,3ª,,
0677/2019,26/06/19,CCD-036.9,1. Enciclopédias gerais.,VÁRIOS AUTORES,ENCICLOPÉDIA BARSA UNIVERSAL,VOL. 11,2,ESPANHA,PLANETA,2010,,3ª,,
0678/2019,26/06/19,CCD-036.9,1. Enciclopédias gerais.,VÁRIOS AUTORES,ENCICLOPÉDIA BARSA UNIVERSAL,VOL. 12,2,ESPANHA,PLANETA,2010,,3ª,,
0679/2019,26/06/19,CCD-036.9,1. Enciclopédias gerais.,VÁRIOS AUTORES,ENCICLOPÉDIA BARSA UNIVERSAL,VOL. 13,2,ESPANHA,PLANETA,2010,,3ª,,
0680/2019,26/06/19,CCD-036.9,1. Enciclopédias gerais.,VÁRIOS AUTORES,ENCICLOPÉDIA BARSA UNIVERSAL,VOL. 14,2,ESPANHA,PLANETA,2010,,3ª,,
0681/2019,26/06/19,CCD-036.9,1. Enciclopédias gerais.,VÁRIOS AUTORES,ENCICLOPÉDIA BARSA UNIVERSAL,VOL. 15,2,ESPANHA,PLANETA,2010,,3ª,,
0682/2019,26/06/19,CCD-036.9,1. Enciclopédias gerais.,VÁRIOS AUTORES,ENCICLOPÉDIA BARSA UNIVERSAL,VOL. 16,2,ESPANHA,PLANETA,2010,,3ª,,
0683/2019,26/06/19,CCD-036.9,1. Enciclopédias gerais.,VÁRIOS AUTORES,ENCICLOPÉDIA BARSA UNIVERSAL,VOL. 17,2,ESPANHA,PLANETA,2010,,3ª,,
0684/2019,26/06/19,CCD-036.9,1. Enciclopédias gerais.,VÁRIOS AUTORES,ENCICLOPÉDIA BARSA UNIVERSAL,VOL. 18,2,ESPANHA,PLANETA,2010,,3ª,,
0685/2019,27/06/19,CDD-306.09,1. História: Metodologia,"BURKE, Peter",O QUE É HISTÓRIA CULTURAL,ÚNICO,1,RIO DE JANEIRO,ZAHAR,2008,,2ª,,
0686/2019,27/06/19,CDD-306.09,1. História: Metodologia,"BURKE, Peter",O QUE É HISTÓRIA CULTURAL,ÚNICO,2,RIO DE JANEIRO,ZAHAR,2008,,2ª,,
0687/2019,27/06/19,CDD-306.09,1. História: Metodologia,"BURKE, Peter",O QUE É HISTÓRIA CULTURAL,ÚNICO,3,RIO DE JANEIRO,ZAHAR,2008,,2ª,,
0688/2019,27/06/19,CDD-306.09,1. História: Metodologia,"BURKE, Peter",O QUE É HISTÓRIA CULTURAL,ÚNICO,4,RIO DE JANEIRO,ZAHAR,2008,,2ª,,
0689/2019,27/06/19,CDD-306.09,1. História: Metodologia,"BURKE, Peter",O QUE É HISTÓRIA CULTURAL,ÚNICO,5,RIO DE JANEIRO,ZAHAR,2008,,2ª,DOADO PARA A CASA PITIA,
0690/2019,27/06/19,CDD-981.31,1. Ceará: História,"BARROSO, Parsifal",O CEARENSE,ÚNICO,1,SÃO PAULO,ESCRITURAS EDITORA E INSTITUTO MYRA ELIANE,2017,,2ª,DOADO PARA A CASA PITIA,
0691/2019,27/06/19,CDD-981.31,1. Ceará: História,"BARROSO, Parsifal",O CEARENSE,ÚNICO,2,SÃO PAULO,ESCRITURAS EDITORA E INSTITUTO MYRA ELIANE,2017,,2ª,,
0692/2019,27/06/19,CDD-981.31,1. Ceará: História,"BARROSO, Parsifal",O CEARENSE,ÚNICO,3,SÃO PAULO,ESCRITURAS EDITORA E INSTITUTO MYRA ELIANE,2017,,2ª,,
0693/2019,27/06/19,CDD-338.4791,1. Turismo sustentável: Economia,"DIAS, Reinaldo",TURISMO SUSTENTÁVEL E MEIO AMBIENTE,ÚNICO,5,SÃO PAULO,ATLAS,2008,,1ª,,
0694/2019,27/06/19,CDD-338.4791023,1. Guia de turismo como profissão,"CHIMENTI, Silvia",GUIA DE TURISMO: O PROFISSIONAL E A PROFISSÃO,ÚNICO,6,SÃO PAULO,SENAC SÃO PAULO,2011,,3ª,,
0695/2019,27/06/19,CDD-469.152,1. Ortografia: Português: Linguística,INSTITUTO ANTÔNIO HOUAISS,ESCREVENDO PELA NOVA ORTOGRAFIA: COMO USAR AS REGRAS DO NOVO ACORDO ORTOGRÁFICO DA LÍNGUA PORTUGUESA,ÚNICO,,SÃO PAULO,PUBLIFOLHA,2009,,3ª,,
0696/2019,27/06/19,CDD-370.91734,1. Educação do campo,"CARVALHO, Deborah de","NOVOS TEMPOS, NOVAS ENGRENAGENS: AS TRANSFORMAÇÕES NO CAMPO E SUAS DINÂMICAS URBANAS",ÚNICO,1,SÃO PAULO,EDITORA DO BRASIL,2012,,1ª,,
0697/2019,27/06/19,CDD-613.85,1. Cigarro: Abuso: Prevenção: Higiene: Ciêncais médicas,"SOUZA, Celso Lopes de",A ÚLTIMA TRAGADA,ÚNICO,,SÃO PAULO,HARBRA,2005,,1ª,,
0698/2019,27/06/19,CDD-842,1. Teatro: Literatura francesa,"ROSTAND, Edmond",CYRANO DE BERGERAC,ÚNICO,2,SÃO PAULO,OBJETIVO,,,,,
0699/2019,27/06/19,CDD-616.8527,1. Depressão: Recuperação,VÁRIOS AUTORES,RECUPERAÇÃO EM DEPRESSÃO,ÚNICO,,SÃO PAULO,LIVRE,2003,,1ª,,
0700/2019,27/06/19,CDD-370,1. Juventude – Ciências sociais: Educação: Formação de professores.,"CORTI, Ana Paula",DIÁLOGOS COM O MUNDO JUVENIL: SUBSÍDIOS PARA EDUCADORES,ÚNICO,1,SÃO PAULO,AÇÃO EDUCATIVA,2012,,2ª,,
0701/2019,27/06/19,CDD-370,1. Juventude – Ciências sociais: Educação: Formação de professores.,"CORTI, Ana Paula",DIÁLOGOS COM O MUNDO JUVENIL: SUBSÍDIOS PARA EDUCADORES,ÚNICO,2,SÃO PAULO,AÇÃO EDUCATIVA,2012,,2ª,,
0702/2019,27/06/19,CDD-981.31,1. História de Fortaleza,VÁRIOS AUTORES,"AH, FORTALEZA",ÚNICO,1,FORTALEZA,TERRA DA LUZ EDITORIAL,2009,,1ª,,
0703/2019,27/06/19,CDD-981.31,1. História de Fortaleza,VÁRIOS AUTORES,"AH, FORTALEZA",ÚNICO,2,FORTALEZA,TERRA DA LUZ EDITORIAL,2009,,1ª,,
0704/2019,27/06/19,CDD-981.31,1. História de Fortaleza,VÁRIOS AUTORES,"AH, FORTALEZA",ÚNICO,3,FORTALEZA,TERRA DA LUZ EDITORIAL,2009,,1ª,,
0705/2019,27/06/19,CDD-981.31,1. História de Fortaleza,VÁRIOS AUTORES,"AH, FORTALEZA",ÚNICO,4,FORTALEZA,TERRA DA LUZ EDITORIAL,2009,,1ª,,
0706/2019,27/06/19,CDD-981.31,1. História de Fortaleza,VÁRIOS AUTORES,"AH, FORTALEZA",ÚNICO,5,FORTALEZA,TERRA DA LUZ EDITORIAL,2009,,1ª,,
0707/2019,27/06/19,CDD-807,1. Leitura literária: Ensino,VÁRIOS AUTORES,CÍRCULOS DE LEITURA: A ARTE DO ENCONTRO,ÚNICO,1,SÃO PAULO,RECRIAR,2018,,1ª,,
0708/2019,27/06/19,CDD-807,1. Leitura literária: Ensino,VÁRIOS AUTORES,CÍRCULOS DE LEITURA: A ARTE DO ENCONTRO,ÚNICO,2,SÃO PAULO,RECRIAR,2018,,1ª,,
0709/2019,27/06/19,CDD-807,1. Leitura literária: Ensino,VÁRIOS AUTORES,CÍRCULOS DE LEITURA: A ARTE DO ENCONTRO,ÚNICO,3,SÃO PAULO,RECRIAR,2018,,1ª,,
0710/2019,27/06/19,CDD-807,1. Leitura literária: Ensino,VÁRIOS AUTORES,CÍRCULOS DE LEITURA: A ARTE DO ENCONTRO,ÚNICO,4,SÃO PAULO,RECRIAR,2018,,1ª,,
0711/2019,27/06/19,CDD-807,1. Leitura literária: Ensino,VÁRIOS AUTORES,CÍRCULOS DE LEITURA: A ARTE DO ENCONTRO,ÚNICO,5,SÃO PAULO,RECRIAR,2018,,1ª,,
0712/2019,27/06/19,CDD-807,1. Leitura literária: Ensino,VÁRIOS AUTORES,CÍRCULOS DE LEITURA: A ARTE DO ENCONTRO,ÚNICO,6,SÃO PAULO,RECRIAR,2018,,1ª,,
0713/2019,27/06/19,CDD-807,1. Leitura literária: Ensino,VÁRIOS AUTORES,CÍRCULOS DE LEITURA: A ARTE DO ENCONTRO,ÚNICO,7,SÃO PAULO,RECRIAR,2018,,1ª,,
0714/2019,27/06/19,CDD-807,1. Leitura literária: Ensino,VÁRIOS AUTORES,CÍRCULOS DE LEITURA: A ARTE DO ENCONTRO,ÚNICO,8,SÃO PAULO,RECRIAR,2018,,1ª,,
0715/2019,27/06/19,CDD-807,1. Leitura literária: Ensino,VÁRIOS AUTORES,CÍRCULOS DE LEITURA: A ARTE DO ENCONTRO,ÚNICO,9,SÃO PAULO,RECRIAR,2018,,1ª,,
0716/2019,27/06/19,CDD-807,1. Leitura literária: Ensino,VÁRIOS AUTORES,CÍRCULOS DE LEITURA: A ARTE DO ENCONTRO,ÚNICO,10,SÃO PAULO,RECRIAR,2018,,1ª,,
0717/2019,27/06/19,CDD-158,"1. Paz de espírito: Problemas, questões, exercícios","PRATHER, Hugh",NÃO LEVE A VIDA TÃO A SÉRIO,ÚNICO,,RIO DE JANEIRO,SEXTANTE,2003,"DOAÇÃO PROJETO ""ESTOU ANSIOSO POR ESSE MOMENTO""",1ª,,
0718/2019,27/06/19,CDD-158.1,1. Crônicas: Ansiedade: Autodomínio: Felicidade,"ROCHA, Mateus",PRESSA DE SER FELIZ,ÚNICO,,SÃO PAULO,PLANETA DO BRASIL,2018,"DOAÇÃO PROJETO ""ESTOU ANSIOSO POR ESSE MOMENTO""",1ª,,
0719/2019,27/06/19,CDD-869.8,1. Crônicas autobiográficas,"TATI, Bernardi",DEPOIS A LOUCA SOU EU,ÚNICO,,SÃO PAULO,COMPANHIA DAS LETRAS,2016,"DOAÇÃO PROJETO ""ESTOU ANSIOSO POR ESSE MOMENTO""",1ª,,
0720/2019,27/06/19,CDD-158.1,1. Teoria do autoconhecimento: Autorrealização (Psicologia),"SEGAL, Raquel",SEMPRE FAÇO TUDO ERRADO QUANDO ESTOU FELIZ,ÚNICO,,SÃO PAULO,PLANETA,2018,"DOAÇÃO PROJETO ""ESTOU ANSIOSO POR ESSE MOMENTO""",1ª,,
0721/2019,27/06/19,CDD-B869,1. Literatura brasileira: Ficção,"CURY, Augusto",A TURMA DA FLORESTA VIVA: ANSIEDADE PARA FILHOS E ALUNOS,ÚNICO,,SÃO PAULO,SARAIVA,2015,"DOAÇÃO PROJETO ""ESTOU ANSIOSO POR ESSE MOMENTO""",1ª,,
0722/2019,27/06/19,CDD-158.3,1.Automotivação,"SOBRINHO, Francisco Barros",COMO VENCER OS OBSTÁCULOS,ÚNICO,,"JUAZEIRO DO NORTE, CE",GRÁFICA NOBRE,2006,"DOAÇÃO PROJETO ""ESTOU ANSIOSO POR ESSE MOMENTO""",1ª,,
0723/2019,27/06/19,CDD-158.1,1. Autoconsciência: Filosofia da mente: Teoria do autoconhecimento,"CURY, Augusto",A FASCINANTE CONSTRUÇÃO DO EU,ÚNICO,1,BRASIL,PLANETA,2014,"DOAÇÃO PROJETO ""ESTOU ANSIOSO POR ESSE MOMENTO""",2ª,,
0724/2019,27/06/19,CDD-981,1. Brasil: História,"CALMON, Pedro",HISTÓRIA DO BRASIL,VOL. 2,,RIO DE JANEIRO,J. OLYMPIO,1981,,4ª,,
0725/2019,27/06/19,CDD-981,1. Brasil: História,"CALMON, Pedro",HISTÓRIA DO BRASIL,VOL. 3,,RIO DE JANEIRO,J. OLYMPIO,1981,,4ª,,
0726/2019,27/06/19,CDD-981,1. Brasil: História,"CALMON, Pedro",HISTÓRIA DO BRASIL,VOL. 4,,RIO DE JANEIRO,J. OLYMPIO,1981,,4ª,,
0727/2019,27/06/19,CDD-981,1. Brasil: História,"CALMON, Pedro",HISTÓRIA DO BRASIL,VOL. 5,,RIO DE JANEIRO,J. OLYMPIO,1981,,4ª,,
0728/2019,27/06/19,CDD-981,1. Brasil: História,"CALMON, Pedro",HISTÓRIA DO BRASIL,VOL. 6,,RIO DE JANEIRO,J. OLYMPIO,1981,,4ª,,
0729/2019,27/06/19,CDD-981,1. Brasil: História,"CALMON, Pedro",HISTÓRIA DO BRASIL,VOL. 7,,RIO DE JANEIRO,J. OLYMPIO,1981,,4ª,,
0730/2019,27/06/19,CDD-036.9,1. Almanaque,VÁRIOS AUTORES,ALMANAQUE ABRIL 2010,ÚNICO,1,SÃO PAULO,ABRIL,2010,,1ª,,
0731/2019,27/06/19,CDD-036.9,1. Almanaque,VÁRIOS AUTORES,ALMANAQUE ABRIL 2010,ÚNICO,2,SÃO PAULO,ABRIL,2010,,1ª,,
0732/2019,27/06/19,CDU-806.90-3,1. Língua Portuguesa: Dicionário,VÁRIOS AUTORES,PRIMEIROS PASSOS - DICIONÁRIO ILUSTRADO DA LÍNGUA PORTUGUESA,ÚNICO,,BELO HORIZONTE,DIMENSÃO,2005,,1ª,,
0733/2019,28/06/19,CDD-600,1. Informática – Redes.,"TORRES, Gabriel",REDES DE COMPUTADORES,ÚNICO,1,RIO DE JANEIRO,NOVATERRA,2013,,2ª,,
0734/2019,28/06/19,CDD-600,1. Informática – Redes.,"TORRES, Gabriel",REDES DE COMPUTADORES,ÚNICO,2,RIO DE JANEIRO,NOVATERRA,2013,,2ª,,
0735/2019,28/06/19,CDD-600,1. Informática – Redes.,"TORRES, Gabriel",REDES DE COMPUTADORES,ÚNICO,3,RIO DE JANEIRO,NOVATERRA,2013,,2ª,,
0736/2019,28/06/19,CDD-600,1. Informática – Redes.,"TORRES, Gabriel",REDES DE COMPUTADORES,ÚNICO,4,RIO DE JANEIRO,NOVATERRA,2013,,2ª,,
0737/2019,28/06/19,CDD-600,1. Informática – Redes.,"TORRES, Gabriel",REDES DE COMPUTADORES,ÚNICO,5,RIO DE JANEIRO,NOVATERRA,2013,,2ª,,
0738/2019,28/06/19,CDD-600,1. Informática – Redes.,"TORRES, Gabriel",REDES DE COMPUTADORES,ÚNICO,6,RIO DE JANEIRO,NOVATERRA,2013,,2ª,,
0739/2019,28/06/19,CDD-600,1. Informática – Redes.,"TORRES, Gabriel",REDES DE COMPUTADORES,ÚNICO,7,RIO DE JANEIRO,NOVATERRA,2013,,2ª,,
0740/2019,28/06/19,CDD-600,1. Informática – Redes.,"TORRES, Gabriel",REDES DE COMPUTADORES,ÚNICO,8,RIO DE JANEIRO,NOVATERRA,2013,,2ª,,
0741/2019,28/06/19,CDD-600,1. Informática – Redes.,"TORRES, Gabriel",REDES DE COMPUTADORES,ÚNICO,9,RIO DE JANEIRO,NOVATERRA,2013,,2ª,,
0742/2019,28/06/19,CDD-600,1. Informática – Redes.,"TORRES, Gabriel",REDES DE COMPUTADORES,ÚNICO,10,RIO DE JANEIRO,NOVATERRA,2013,,2ª,,
0743/2019,28/06/19,CDD-600,1. Informática – Redes.,"TORRES, Gabriel",REDES DE COMPUTADORES,ÚNICO,11,RIO DE JANEIRO,NOVATERRA,2013,,2ª,,
0744/2019,28/06/19,CDD-600,1. Informática – Redes.,"TORRES, Gabriel",REDES DE COMPUTADORES,ÚNICO,12,RIO DE JANEIRO,NOVATERRA,2013,,2ª,,
0745/2019,28/06/19,CDD-600,1. Informática – Redes.,"TORRES, Gabriel",REDES DE COMPUTADORES,ÚNICO,13,RIO DE JANEIRO,NOVATERRA,2013,,2ª,,
0746/2019,28/06/19,CDD-600,1. Informática – Redes.,"TORRES, Gabriel",REDES DE COMPUTADORES,ÚNICO,14,RIO DE JANEIRO,NOVATERRA,2013,,2ª,,
0747/2019,28/06/19,CDD-600,1. Informática – Redes.,"TORRES, Gabriel",REDES DE COMPUTADORES,ÚNICO,15,RIO DE JANEIRO,NOVATERRA,2013,,2ª,,
0748/2019,28/06/19,CDD-600,1. Informática – Redes.,"TORRES, Gabriel",REDES DE COMPUTADORES,ÚNICO,16,RIO DE JANEIRO,NOVATERRA,2013,,2ª,,
0749/2019,28/06/19,CDD-600,1. Informática – Redes.,"TORRES, Gabriel",REDES DE COMPUTADORES,ÚNICO,17,RIO DE JANEIRO,NOVATERRA,2013,,2ª,,
0750/2019,28/06/19,CDD-600,1. Informática – Redes.,"TORRES, Gabriel",REDES DE COMPUTADORES,ÚNICO,18,RIO DE JANEIRO,NOVATERRA,2013,,2ª,,
0751/2019,28/06/19,CDD-600,1. Informática – Redes.,"TORRES, Gabriel",REDES DE COMPUTADORES,ÚNICO,19,RIO DE JANEIRO,NOVATERRA,2013,,2ª,,
0752/2019,28/06/19,CDD-600,1. Informática – Redes.,"TORRES, Gabriel",REDES DE COMPUTADORES,ÚNICO,20,RIO DE JANEIRO,NOVATERRA,2013,,2ª,,
0753/2019,28/06/19,CDD-600,1. Informática – Redes.,"TORRES, Gabriel",REDES DE COMPUTADORES,ÚNICO,21,RIO DE JANEIRO,NOVATERRA,2013,,2ª,,
0754/2019,28/06/19,CDD-600,1. Informática – Redes.,"TORRES, Gabriel",REDES DE COMPUTADORES,ÚNICO,22,RIO DE JANEIRO,NOVATERRA,2013,,2ª,,
0755/2019,28/06/19,CDD-600,1. Informática – Redes.,"TORRES, Gabriel",REDES DE COMPUTADORES,ÚNICO,23,RIO DE JANEIRO,NOVATERRA,2013,,2ª,,
0756/2019,28/06/19,CDD-600,1. Informática – Redes.,"TORRES, Gabriel",REDES DE COMPUTADORES,ÚNICO,24,RIO DE JANEIRO,NOVATERRA,2013,,2ª,,
0757/2019,28/06/19,CDD-600,1. Informática – Redes.,"TORRES, Gabriel",REDES DE COMPUTADORES,ÚNICO,25,RIO DE JANEIRO,NOVATERRA,2013,,2ª,,
0758/2019,28/06/19,CDD-600,1. Informática – Redes.,"TORRES, Gabriel",REDES DE COMPUTADORES,ÚNICO,26,RIO DE JANEIRO,NOVATERRA,2013,,2ª,,
0759/2019,28/06/19,CDD-600,1. Informática – Redes.,"TORRES, Gabriel",REDES DE COMPUTADORES,ÚNICO,27,RIO DE JANEIRO,NOVATERRA,2013,,2ª,,
0760/2019,28/06/19,CDD-600,1. Informática – Redes.,"TORRES, Gabriel",REDES DE COMPUTADORES,ÚNICO,28,RIO DE JANEIRO,NOVATERRA,2013,,2ª,,
0761/2019,28/06/19,CDD-600,1. Informática – Redes.,"TORRES, Gabriel",REDES DE COMPUTADORES,ÚNICO,29,RIO DE JANEIRO,NOVATERRA,2013,,2ª,,
0762/2019,28/06/19,CDD-600,1. Informática – Redes.,"TORRES, Gabriel",REDES DE COMPUTADORES,ÚNICO,30,RIO DE JANEIRO,NOVATERRA,2013,,2ª,,
0763/2019,28/06/19,CDD-600,1. Informática – Redes.,"TORRES, Gabriel",REDES DE COMPUTADORES,ÚNICO,31,RIO DE JANEIRO,NOVATERRA,2013,,2ª,,
0764/2019,28/06/19,CDD-600,1. Informática – Redes.,"TORRES, Gabriel",REDES DE COMPUTADORES,ÚNICO,32,RIO DE JANEIRO,NOVATERRA,2013,,2ª,,
0765/2019,28/06/19,CDD-600,1. Informática – Redes.,"TORRES, Gabriel",REDES DE COMPUTADORES,ÚNICO,33,RIO DE JANEIRO,NOVATERRA,2013,,2ª,,
0766/2019,28/06/19,CDD-600,1. Informática – Redes.,"TORRES, Gabriel",REDES DE COMPUTADORES,ÚNICO,34,RIO DE JANEIRO,NOVATERRA,2013,,2ª,,
0767/2019,28/06/19,CDD-600,1. Informática – Redes.,"TORRES, Gabriel",REDES DE COMPUTADORES,ÚNICO,35,RIO DE JANEIRO,NOVATERRA,2013,,2ª,,
0768/2019,28/06/19,CDD-600,1. Informática – Redes.,"TORRES, Gabriel",REDES DE COMPUTADORES,ÚNICO,36,RIO DE JANEIRO,NOVATERRA,2013,,2ª,,
0769/2019,28/06/19,CDD-600,1. Informática – Redes.,"TORRES, Gabriel",REDES DE COMPUTADORES,ÚNICO,37,RIO DE JANEIRO,NOVATERRA,2013,,2ª,,
0770/2019,28/06/19,CDD-600,1. Informática – Redes.,"TORRES, Gabriel",REDES DE COMPUTADORES,ÚNICO,38,RIO DE JANEIRO,NOVATERRA,2013,,2ª,,
0771/2019,28/06/19,CDD-600,1. Informática – Redes.,"TORRES, Gabriel",REDES DE COMPUTADORES,ÚNICO,39,RIO DE JANEIRO,NOVATERRA,2013,,2ª,,
0772/2019,28/06/19,CDD-600,1. Informática – Redes.,"TORRES, Gabriel",REDES DE COMPUTADORES,ÚNICO,40,RIO DE JANEIRO,NOVATERRA,2013,,2ª,,
0773/2019,28/06/19,CDD-600,1. Informática – Redes.,"TORRES, Gabriel",REDES DE COMPUTADORES,ÚNICO,41,RIO DE JANEIRO,NOVATERRA,2013,,2ª,,
0774/2019,28/06/19,CDD-600,1. Informática – Redes.,"TORRES, Gabriel",REDES DE COMPUTADORES,ÚNICO,42,RIO DE JANEIRO,NOVATERRA,2013,,2ª,,
0775/2019,28/06/19,CDD-600,1. Informática – Redes.,"TORRES, Gabriel",REDES DE COMPUTADORES,ÚNICO,43,RIO DE JANEIRO,NOVATERRA,2013,,2ª,,
0776/2019,03/07/19,CDD-741.5,1. Histórias em quadrinhos,"ASSIS, Machado de",O ALIENISTA,ÚNICO,2,SÃO PAULO,ESCALA EDUCACIONAL,2006,,1ª,,
0777/2019,03/07/19,CDD-869.93,1. Crônicas: Literatura brasileira,"ALENCAR, José de ",MELHORES CRÔNICAS,ÚNICO,,SÃO PAULO,GLOBAL,2003,,1ª,,
0778/2019,03/07/19,CDD-551.5223,1. Aquecimento global: Temperaturas: Ciências da Terra,VÁRIOS AUTORES,AQUECIMENTO GLOBAL: FRIAS CONTENDAS CIENTÍFICAS,ÚNICO,,SÃO PAULO,SENAC SÃO PAULO,2008,,1ª,,
0779/2019,03/07/19,CDD-658.8,1. Marketing e serviço,"RIBEIRO, Áurea",MARKETING E SERVIÇO QUE AINDA FAZEM A DIFERENÇA,ÚNICO,2,SÃO PAULO,SARAIVA,2006,,1ª,,
0780/2019,03/07/19,CDD-107.12,1. Filosofia: Ensino de 2º grau,"SEVERINO, Antônio Joaquim",FILOSOFIA,ÚNICO,,SÃO PAULO,CORTTEZ,2007,,2ª,,
0781/2019,03/07/19,CDD-028.5,1. Literatura infantojuvenil,"OSÓRIO, Ramiro S.",TODOS OS CONTOS DO LÁPIS SURDO,ÚNICO,,SÃO PAULO,PAULINAS,2010,,1ª,,
0782/2019,03/07/19,CDD-869.93,1. Romances: Literatura Brasileira,"ALENCAR, José de ",O GAÚCHO,ÚNICO,,SÃO PAULO,RIDEEL,1997,,1ª,,
0783/2019,03/07/19,CDD-842,1. Teatro: Literatura francesa,"ROSTAND, Edmond",CYRANO DE BERGERAC,ÚNICO,3,SÃO PAULO,OBJETIVO,,,,,
0784/2019,03/07/19,CDU-821.134.3(81)-3,1. Romances: Literatura Brasileira,"MAMBRINI, Miriam",AS PEDRAS NÃO MORREM,ÚNICO,,RIO DE JANEIRO,BOM TEXTO,2007,,1ª,,
0785/2019,03/07/19,CDD-869.93,1. Romances: Literatura Brasileira,"ANDRADE, Mário de",MACUNAÍMA,ÚNICO,1,RIO DE JANEIRO,AGIR,2007,,1ª,,
0786/2019,03/07/19,CDD-869.93,1. Romances: Literatura Brasileira,"ASSIS, Machado de",ESAÚ E JACÓ,ÚNICO,2,SÃO PAULO,MARTIN CLARET,2001,,4ª,,
0787/2019,03/07/19,CDD-370.981,1. Educação - Brasil - História: Escravidão,VÁRIOS AUTORES,O NEGRO NO BRASIL: TRAJETÓRIAS E LUTAS EM DEZ AULA DE HISTÓRIA,ÚNICO,1,RIO DE JANEIRO,OBJETIVA,2012,,1ª,,
0788/2019,03/07/19,CDD-323.09,1. Direitos humanos: Ciência política: História,"HUNT, LYNN",A INVENÇÃO DOS DIREITOS HUMANOS: UMA HISTÓRIA,ÚNICO,,CURITIBA,A PÁGINA,2012,,1ª,,
0789/2019,04/07/19,CDD-869.93,1. Romances: Literatura Brasileira,"ASSIS, Machado de",QUINCAS BORBA,VOL. 51,1,"PORTO ALEGRE, RS",L&PM POCKET,2019,"DOAÇÃO PROJETO ""LEITURA QUE CONSTRÓI""",1ª,,
0790/2019,04/07/19,CDD-869.93,1. Romances: Literatura Brasileira,"ASSIS, Machado de",QUINCAS BORBA,VOL. 59,2,SÃO PAULO,MARTIN CLARET,2012,"DOAÇÃO PROJETO ""LEITURA QUE CONSTRÓI""",4ª,,
0791/2019,04/07/19,CDD-869.931,1. Ficção brasileira - Contos,"ASSIS, Machado de",O ALIENISTA,VOL. 97,3,"PORTO ALEGRE, RS",L&PM POCKET,2018,"DOAÇÃO PROJETO ""LEITURA QUE CONSTRÓI""",1ª,,
0792/2019,04/07/19,CDD-869.93,1. Romances: Literatura Brasileira,"ASSIS, Machado de",DOM CASMURRO,ÚNICO,1,NÃO CONSTA,CIRANDA CULTURAL,NÃO CONSTA,"DOAÇÃO PROJETO ""LEITURA QUE CONSTRÓI""",NÃO CONSTA,EXTRAVIADO,
0793/2019,04/07/19,CDD-869.93,1. Romances: Literatura Brasileira,"ASSIS, Machado de",DOM CASMURRO,ÚNICO,2,SÃO PAULO,DCL,2011,"DOAÇÃO PROJETO ""LEITURA QUE CONSTRÓI""",1ª,,
0794/2019,04/07/19,CDD-869.93,1. Romances: Literatura Brasileira,"ALENCAR, José de ",SENHORA,VOL. 73,1,SÃO PAULO,MARTIN CLARET,2012,"DOAÇÃO PROJETO ""LEITURA QUE CONSTRÓI""",5ª,EXTRAVIADO,
0795/2019,04/07/19,CDD-869.93,1. Romances: Literatura Brasileira,"ALENCAR, José de ",SENHORA,ÚNICO,2,SÃO PAULO,DCL,2005,"DOAÇÃO PROJETO ""LEITURA QUE CONSTRÓI""",1ª,,
0796/2019,04/07/19,CDD-821,1. Poesia: Literatura inglesa,"HUGHES, Ted",O QUE É VERDADE,ÚNICO,,SÃO PAULO,COMPANHIA DAS LETRAS,2005,"DOAÇÃO PROJETO ""LEITURA QUE CONSTRÓI""",1ª,,
0797/2019,04/07/19,CDD-823,1. Romance sul-africano em inglês,"GALGUT, Damon",O BOM MÉDICO,ÚNICO,,SÃO PAULO,COMPANHIA DAS LETRAS,2005,"DOAÇÃO PROJETO ""LEITURA QUE CONSTRÓI""",1ª,,
0798/2019,04/07/19,CDD-813,1. Romances: Literatura americana,"ROBERTS, Nora",A ARTE DA ILUSÃO,ÚNICO,,RIO DE JANEIRO,HARPERCOLLINS BRASIL,2015,"DOAÇÃO PROJETO ""LEITURA QUE CONSTRÓI""",1ª,,
0799/2019,04/07/19,CDD-869.93,1. Romances: Literatura Brasileira,"AZEVEDO, Aluísio",O CORTIÇO,VOL. 72,1,SÃO PAULO,MARTIN CLARET,2012,"DOAÇÃO PROJETO ""LEITURA QUE CONSTRÓI""",8ª,,
0800/2019,04/07/19,CDD-869.93,1. Romances: Literatura Brasileira,"AZEVEDO, Aluísio",O CORTIÇO,ÚNICO,2,SÃO PAULO,DCL,2009,"DOAÇÃO PROJETO ""LEITURA QUE CONSTRÓI""",1ª,,
0801/2019,04/07/19,CDD-869.93,1. Romances: Literatura Brasileira,"AZEVEDO, Aluísio",O CORTIÇO,ÚNICO,3,SÃO PAULO,PAULUS,2005,"DOAÇÃO PROJETO ""LEITURA QUE CONSTRÓI""",1ª,DANIFICADO,
0802/2019,04/07/19,CDD-869.93,1. Romances: Literatura Brasileira,"AZEVEDO, Aluísio",O CORTIÇO,ÚNICO,4,SÃO PAULO,CIRANDA CULTURAL,2018,"DOAÇÃO PROJETO ""LEITURA QUE CONSTRÓI""",2ª,,
0803/2019,04/07/19,CDD-869.93,1. Romances: Literatura Brasileira,"ALENCAR, José de ",TIL,VOL. 1030,1,"PORTO ALEGRE, RS",L&PM POCKET,2014,"DOAÇÃO PROJETO ""LEITURA QUE CONSTRÓI""",1ª,,
0804/2019,04/07/19,CDD-869.93,1. Romances: Literatura Brasileira,"ALENCAR, José de ",TIL,VOL. 319,2,SÃO PAULO,MARTIN CLARET,2012,"DOAÇÃO PROJETO ""LEITURA QUE CONSTRÓI""",2ª,,
0805/2019,04/07/19,CDD-869.93,1. Romances: Literatura Brasileira,"ALENCAR, José de ",LUCÍOLA,VOL. 100,1,SÃO PAULO,MARTIN CLARET,2011,"DOAÇÃO PROJETO ""LEITURA QUE CONSTRÓI""",3ª,,
0806/2019,04/07/19,CDD-869.93,1. Romances: Literatura Brasileira,"ASSIS, Machado de",HELENA,ÚNICO,1,SÃO PAULO,CIRANDA CULTURAL,2008,"DOAÇÃO PROJETO ""LEITURA QUE CONSTRÓI""",2ª,,
0807/2019,04/07/19,CDD-869.93,1. Romances: Literatura Brasileira,"BARRETO, Lima",TRISTE FIM DE POLICARPO QUARESMA,ÚNICO,2,SÃO PAULO,DCL,2005,"DOAÇÃO PROJETO ""LEITURA QUE CONSTRÓI""",1ª,,
0808/2019,04/07/19,CDD-869.93,1. Conto brasileiro,"LISPECTOR, Clarice",FELICIDADE CLANDESTINA,ÚNICO,1,RIO DE JANEIRO,ROCCO,1998,"DOAÇÃO PROJETO ""LEITURA QUE CONSTRÓI""",1ª,,
0809/2019,04/07/19,CDD-869.93,1. Novela brasileira,"LISPECTOR, Clarice",A HORA DA ESTRELA,ÚNICO,1,RIO DE JANEIRO,ROCCO,1998,"DOAÇÃO PROJETO ""LEITURA QUE CONSTRÓI""",1ª,,
0810/2019,04/07/19,CDD-920,1. Brasil: História: Revolta da Chibata,"GRANATO, Fernando",O NEGRO DA CHIBATA,ÚNICO,,RIO DE JANEIRO,OBJETIVA,2001,"DOAÇÃO PROJETO ""LEITURA QUE CONSTRÓI""",1ª,,
0811/2019,04/07/19,CDD-869.91,1. Poesia: Literatura brasileira,"AZEVEDO, Aluísio",LIRA DOS VINTE ANOS,ÚNICO,,SÃO PAULO,CIRANDA CULTURAL,2009,"DOAÇÃO PROJETO ""LEITURA QUE CONSTRÓI""",1ª,,
0812/2019,04/07/19,CDD-284.4,1. Vidã cristã: Deus,"LUCADO, Max",O CAFÉ DOS ANJOS,ÚNICO,,RIO DE JANEIRO,THOMAS NELSON BRASIL,2015,"DOAÇÃO PROJETO ""LEITURA QUE CONSTRÓI""",1ª,EXTRAVIADO,
0813/2019,04/07/19,CDD-028.5,1. Literatura infantojuvenil,"BOJUNGA, Lygia",CORDA BAMBA,ÚNICO,,RIO DE JANEIRO,CASA LYGIA BOJUNGA,2006,"DOAÇÃO PROJETO ""LEITURA QUE CONSTRÓI""",22ª,,
0814/2019,04/07/19,CDD-028.5,1. Romance: Literatura infantojuvenil,"ALENCAR, José de ",UBIRAJARA,ÚNICO,1,SÃO PAULO,MARTINS FONTES,2003,"DOAÇÃO PROJETO ""LEITURA QUE CONSTRÓI""",1ª,,
0815/2019,04/07/19,CDD-869.93,1. Romances: Literatura Brasileira,"ALENCAR, José de ",CINCO MINUTOS E A VIUVINHA,ÚNICO,1,SÃO PAULO,DCL,2014,"DOAÇÃO PROJETO ""LEITURA QUE CONSTRÓI""",1ª,,
0816/2019,04/07/19,CDD-869.3Br,1. Romances: Literatura Brasileira,"TAUNAY, Visconde de",INOCÊNCIA,ÚNICO,1,"SÃO PAULO, SP",CIRANDA CULTURAL,2007,"DOAÇÃO PROJETO ""LEITURA QUE CONSTRÓI""",1ª,,
0817/2019,04/07/19,CDD-869.93,1. Contos: Literatura brasileira,"ASSIS, Machado de",HISTÓRIAS SEM DATA,ÚNICO,,SÃO PAULO,GLOBO,1997,"DOAÇÃO PROJETO ""LEITURA QUE CONSTRÓI""",1ª,,
0818/2019,04/07/19,CDD-028.5,1. Literatura infantojuvenil,"MEIRELES, Cecília",CÂNTICOS,ÚNICO,,SÃO PAULO,MODERNA,2003,"DOAÇÃO PROJETO ""LEITURA QUE CONSTRÓI""",3ª,,
0819/2019,04/07/19,CDD-028.5,1. Brasil: Índios: Cultura: Literatura infantojuvenil,"YAMÃ, Yaguarê",O CAÇADOR DE HISTÓRIAS,ÚNICO,,SÃO PAULO,MARTINS FONTES,2004,"DOAÇÃO PROJETO ""LEITURA QUE CONSTRÓI""",1ª,,
0820/2019,04/07/19,CDD-869.93,1. Romances: Literatura Brasileira,"ALENCAR, José de ",IRACEMA,ÚNICO,1,SÃO PAULO,DCL,2010,"DOAÇÃO PROJETO ""LEITURA QUE CONSTRÓI""",1ª,,
0821/2019,04/07/19,CDD-869.93,1. Contos: Teatro: Literatura brasileira,"AZEVEDO, Álvares de",NOITE NA TAVERNA; MACÁRIO,VOL. 144,,SÃO PAULO,MARTIN CLARET,2011,"DOAÇÃO PROJETO ""LEITURA QUE CONSTRÓI""",3ª,,
0822/2019,04/07/19,CDD-869.93,1. Romances: Literatura Brasileira,"ASSIS, Machado de",MEMÓRIAS PÓSTUMAS DE BRÁS CUBAS,ÚNICO,1,SÃO PAULO,DCL,2010,"DOAÇÃO PROJETO ""LEITURA QUE CONSTRÓI""",1ª,,
0823/2019,04/07/19,CDD-869.93,1. Romances: Literatura Brasileira,"ALMEIDA, Manuel Antônio de",MEMÓRIAS DE UM SARGENTO DE MILÍCIAS,ÚNICO,1,SÃO PAULO,CIRANDA CULTURAL,2010,"DOAÇÃO PROJETO ""LEITURA QUE CONSTRÓI""",1ª,,
0824/2019,04/07/19,CDD-823.01,1. Ficção inglesa: Século 20: Literatura inglesa,"ORWELL, George",A REVOLUÇÃO DOS BICHOS,ÚNICO,1,SÃO PAULO,GLOBO,2000,"DOAÇÃO PROJETO ""LEITURA QUE CONSTRÓI""",1ª,,
0825/2019,04/07/19,CDD-869.3,1. Romances: Literatura portuguesa,"QUEIRÓS, Eça de",A RELÍQUIA,VOL. 30,1,SÃO PAULO,MARTIN CLARET,2013,"DOAÇÃO PROJETO ""LEITURA QUE CONSTRÓI""",2ª,,
0826/2019,04/07/19,CDD-869.93,1. Autobiografia romanceada: Literatura brasileira,"AMADO, Jorge",O MENINO GRAPIÚNA,ÚNICO,,SÃO PAULO,COMPANHIA DAS LETRAS,2010,"DOAÇÃO PROJETO ""LEITURA QUE CONSTRÓI""",1ª,EXTRAVIADO,
0827/2019,04/07/19,CDD-869.93,1. Romances: Literatura Brasileira,"COELHO, Paulo",O DEMÔNIO E A SRTA. PRYM,ÚNICO,,"BARUERI, SP",GOLD EDITORA LTDA,,"DOAÇÃO PROJETO ""LEITURA QUE CONSTRÓI""",1ª,,
0828/2019,04/07/19,CDD-028.5,1. Histórias de detetives: Literatura infantojuvenil,"MARINHO, João Carlos",O GÊNIO DO CRIME,ÚNICO,,SÃO PAULO,GLOBAL,2005,"DOAÇÃO PROJETO ""LEITURA QUE CONSTRÓI""",58ª,,
0829/2019,04/07/19,CDD-200,1. Religião: Conflito,"WHITE, Ellen G.",O GRANDE CONFLITO,ÚNICO,1,"TATUÍ, SP",CASA,1995,"DOAÇÃO PROJETO ""LEITURA QUE CONSTRÓI""",9ª,,
0830/2019,04/07/19,CDD-869.3,1. Poesias: Literatura brasileira,"URANO, Geraldo",O FEROLHO DO ABISMO: POESIAS COMPLETAS DE GERALDO URANO,ÚNICO,,FORTALEZA,EXPRESSÃO GRÁFICA E EDITORA ,2015,ACERVO ANTIGO,1ª,,
0831/2019,04/07/19,CDD-869.37,1. Romances: Século 20: Literatura portuguesa,"SARAMAGO, José",ENSAIO SOBRE A CEGUEIRA,ÚNICO,,SÃO PAULO,COMPANHIA DAS LETRAS,1995,ACERVO ANTIGO,1ª,,
0832/2019,04/07/19,CDD-981,1. História: Brasil: Política,"DEUS, Sonia de",O BRASIL NA DÉCADA DE 1940,VOL. 260,,SÃO PAULO,ÁTICA,1999,ACERVO ANTIGO,1ª,,
0833/2019,04/07/19,CDD-869.93,1. Contos: Literatura brasileira,"MACHADO, Alcântara","BRÁS, BEXIGA E BARRA FUNDA",ÚNICO,1,SÃO PAULO,OBJETIVO,,ACERVO ANTIGO,,,
0834/2019,04/07/19,CDD-660.02,1. Tecnologia,"MEDEIROS, José Adelino",O QUE É TECNOLOGIA,VOL. 269,,SÃO PAULO,BRASILIENSE,2010,ACERVO ANTIGO,2ª,,
0835/2019,04/07/19,CDD-823,1. Romance indiano em inglês,"RUSHDIE, Salman",FÚRIA: ROMANCE,ÚNICO,,SÃO PAULO,COMPANHIA DAS LETRAS,2003,"DOAÇÃO PROJETO ""LEITURA QUE CONSTRÓI""",1ª,,
0836/2019,10/07/19,CDD-509,1. Ciência: História,"CHASSOT, Attico",A CIÊNCIA ATRAVÉS DOS TEMPOS,ÚNICO,2,SÃO PAULO,MODERNA,2004,ACERVO ANTIGO,2ª,,
0837/2019,02/08/19,CDD-370,1. Eucação: Avaliação: Processo de Ensino,"HAYDT, Regina Cazaux",AVALIAÇÃO DO PROCESSO ENSINO-APRENDIZAGEM,ÚNICO,,SÃO PAULO,ÁTICA,2008,ACERVO ANTIGO,6ª,,
0838/2019,02/08/19,CDD-370,1. Educação: Estrutura: Ensino Médio,"PILETTI, Nelson",ESTRUTURA E FUNCIONAMENTO DO ENSINO MÉDIO,ÚNICO,,SÃO PAULO,ÁTICA,2010,ACERVO ANTIGO,5ª,,
0839/2019,02/08/19,CDD-638.1,1. Apicultura: Colmeia: Manutenção,"WOLFF, Luís Fernando",COMO INSTALAR COLMEIAS,VOL. 25,,"BRASÍLIA, DF",EMBRAPA,2010,IFCE-CRATO,1ª,,
0840/2019,02/08/19,CDD-636.0855,1. Alimentação na seca: Alimento para animal,EMBRAPA,ALIMENTAÇÃO DAS CRIAÇÕES NA SECA,VOL. 10,,"BRASÍLIA, DF",EMBRAPA,2006,IFCE-CRATO,1ª,,
0841/2019,02/08/19,CDD-632.9,1. Doença: Pesticida: Planta,EMBRAPA,CONTROLE ALTERNATIVO DE PRAGAS E DOENÇAS DAS PLANTAS,VOL. 04,,"BRASÍLIA, DF",EMBRAPA,2006,IFCE-CRATO,1ª,,
0842/2019,02/08/19,CDD-641.5,1.Culinária: Fruta: Indústria Caseira,EMBRAPA,CONSERVAS CASEIRAS DE FRUTAS,VOL. 11,,"BRASÍLIA, DF",EMBRAPA,2006,IFCE-CRATO,1ª,,
0843/2019,02/08/19,CDD-333.91,1. Barraginha: Água de chuva,EMBRAPA,BARRAGINHA: ÁGUA DE CHUVA PARA TODOS,VOL. 21,,"BRASÍLIA, DF",EMBRAPA,2009,IFCE-CRATO,1ª,,
0844/2019,02/08/19,CDD-365.04,1. Horta: Produção de alimentos,"BRITO, Luiza Teixeira de Lima",PRODUÇÃO DE FRUTAS E HORTALIÇAS COM O USO DE ÁGUA DE CHUVA ARMAZENADA EM CISTERNA,VOL. 34,,"BRASÍLIA, DF",EMBRAPA,2013,IFCE-CRATO,1ª,,
0845/2019,02/08/19,CDD-333.9533,1. Biodiversidade: Ecossistema: Preservação da natureza,EMBRAPA,PRESERVAÇÃO E USO DA CAATINGA,VOL. 16,,"BRASÍLIA, DF",EMBRAPA,2007,IFCE-CRATO,1ª,,
0846/2019,02/08/19,CDD-639.75,1. Minhoca: Reprodução: Adubo orgânico,VÁRIOS AUTORES,MINHOCULTURA: PRODUÇÃO DE HÚMUS ,VOL. 24,,"BRASÍLIA, DF",EMBRAPA,2009,IFCE-CRATO,1ª,,
0847/2019,02/08/19,CDD-334,1. Associativismo: Associação rural,EMBRAPA,COMO ORGANIZAR UMA ASSOCIAÇÃO,VOL. 01,,"BRASÍLIA, DF",EMBRAPA,2006,IFCE-CRATO,1ª,,
0848/2019,02/08/19,CDD-333.9111,1. Agricultura familiar: Captação d'água,EMBRAPA,FORMAS DE GARANTIR ÁGUA NAS SECAS,VOL. 13,,"BRASÍLIA, DF",EMBRAPA,2006,IFCE-CRATO,1ª,,
0849/2019,02/08/19,CDD-634.6,1. Adubação: Colheita: Plantio,EMBRAPA,UMBUZEIRO: VALORIZE O QUE É SEU,VOL. 15,,"BRASÍLIA, DF",EMBRAPA,2007,IFCE-CRATO,1ª,,
0850/2019,02/08/19,CDD-636.2142,1. Bovinocultura: Gado leiteiro,EMBRAPA,CRIAÇÃO DE BOVINOS DE LEITE NO SEMIÁRIDO,VOL. 17,,"BRASÍLIA, DF",EMBRAPA,2007,IFCE-CRATO,1ª,,
0851/2019,02/08/19,CDD-638.1,1. Apicultura: Colmeia: Produtividade,"WOLFF, Luís Fernando",COMO CAPTURAR ENXAMES COM CAIXAS-ISCA,VOL. 23,,"BRASÍLIA, DF",EMBRAPA,2009,IFCE-CRATO,1ª,,
0852/2019,02/08/19,CDD-381.029,1. Formação de preço: Agregação de valor: Comercialização,"ALVES, Rosângela Costa",PRODUTO ARTESANAL: PREÇO DE VENDA,VOL. 35,,"BRASÍLIA, DF",EMBRAPA,2014,IFCE-CRATO,1ª,,
0853/2019,02/08/19,CDD-628.7,1. Segurança ambiental: Propriedade rural,"SILVA, Wilson Tadeu Lopes da",SANEAMENTO BÁSICO RURAL,VOL. 37,,"BRASÍLIA, DF",EMBRAPA,2014,IFCE-CRATO,1ª,,
0854/2019,08/08/19,CDD-869.93,1. Ficção: Literatura brasileira,"COELHO, Paulo",A ESPIÃ,ÚNICO,,SÃO PAULO,PARALELA,2016,DOAÇÃO,1ª,,
0855/2019,09/08/19,CDD-922,1. Crianças autistas: Biografia,"GRANDIN, Temple",UMA MENINA ESTRANHA: AUTOBIOGRAFIA DE UMA AUTISTA,ÚNICO,1,SÃO PAULO,EDITORA DAS LETRINHAS,2012,,1ª,,
0856/2019,09/08/19,CDD-398.22,1. Índios do Brasil - Lendas,"MINDLIN, Betty",TERRA GRÁVIDA,ÚNICO,,RIO DE JANEIRO,RECORD,2012,,3ª,,
0857/2019,09/08/19,CDD-869.935,1. Contos: Século 20: Literatura brasileira,"SCLYAR, Moacyr",OS MELHORES CONTOS DE MOACYR SCLIAR,ÚNICO,1,SÃO PAULO,GLOBAL,2003,,6ª,,
0858/2019,09/08/19,CDD-869.93,1. Ficção: Literatura brasileira,"COELHO, Paulo",O ZAHIR,VOL. 1,,SÃO PAULO,GOLD EDITORA LTDA,2005,,1ª,,
0859/2019,09/08/19,CDD-869.93,1. História de terror: Ficção científica brasileira,"TAVARES, Rochett",CRIATURAS,ÚNICO,1,"FORTALEZA, CE",LA BARCA EDITORA,2011,DOAÇÃO,1ª,EXTRAVIADO 2023 E RESSARCIDO,A ERA DA ESCURIDÃO
0860/2019,09/08/19,CDD-869.9,1. Romance,VÁRIOS AUTORES,SELEÇÕES DE LIVROS,,,RIO DE JANEIRO,READER'S DIGEST BRASIL LTDA,2000,,1ª,,
0861/2019,09/08/19,CDD-248.2,1. Experiência (Religião),"POLO, Glória",O LIVRO DA VIDA,ÚNICO,,BLUMENAU,ODORIZZI,2008,,1ª,,
0862/2019,09/08/19,CDD-869.9308,1.Antologia: Contos: Literatura brasileira,VÁRIOS AUTORES,ANTOLOGIA DE CONTOS: CONTOS BRASIELIROS CONTEMPORÂNEOS,ÚNICO,,SÃO PAULO,MODERNA,2005,,2ª,,
0863/2019,09/08/19,CDD-028.5,1. Literatura juvenil,"LOUZEIRO, José",VILLA-LOBOS: O APRENDIZ DE FEITICEIRO,ÚNICO,,RIO DE JANEIRO,EDIOURO,1998,,2ª,,
0864/2019,09/08/19,CDD-613.951,1. Comportamento: Sexo: Relações sexuais,"WENDEL, Fernanda",SEXO: A HORA É AGORA?: O QUE VOCÊ PRECISA SABER PARA TOMAR ESSA DECISÃO,ÚNICO,,SÃO PAULO,ÁTICA,2007,,1ª,,
0865/2019,09/08/19,CDD-869.93,1. Romances: Literatura Brasileira,"GUIMARÃES, Bernardo",A ESCRAVA ISAURA,ÚNICO,1,SÃO PAULO,RIDEEL,2000,,1ª,,
0866/2019,09/08/19,CDD-823,1. Romance: Literatura inglesa,"SHELLEY, Mary","FRANKENSTEIN, OU O PROMETEU MODERNO",ÚNICO,1,SÃO PAULO,ÁTICA,2002,,1ª,,
0867/2019,09/08/19,CDD-813,1. Romance americano,"SUMMERS, Gillian",A FILHA DO PASTOR DAS ÁRVORES,ÚNICO,,RIO DE JANEIRO,BERTRAND BRASIL,2011,DOAÇÃO,1ª,,
0868/2019,09/08/19,CDD-869.93,1. Romances: Literatura Brasileira,"BARRETO, Lima",TRISTE FIM DE POLICARPO QUARESMA,ÚNICO,3,SÃO PAULO,OBJETIVO,,,,,
0869/2019,09/08/19,CDD-869.935,1. Contos: Século 20: Literatura brasileira,"SCLYAR, Moacyr",OS MELHORES CONTOS DE MOACYR SCLIAR,ÚNICO,2,SÃO PAULO,GLOBAL,2003,,6ª,,
0870/2019,09/08/19,CDD-155.7 ,1. Psicologia evolutiva,"ROSA, Merval",PSICOLOGIA EVOLUTIVA: PROBLEMÁTICA DO DESENVOLVIMENTO,VOL. 1,,PETRÓPOLIS,VOZES,1996,,8ª,,
0871/2019,09/08/19,CDD-028.5,1. Literatura infantojuvenil,"SOUZA, Angela Leite de","CABELOS DE FOGO, OLHOS DE ÁGUA",ÚNICO,,SÃO PAULO,CORTEZ,2006,,1ª,,
0872/2019,09/08/19,CDD-028.5,1. Literatura infantojuvenil,"KINNEY, Jeff",DIÁRIO DE UM BANANA,ÚNICO,1,SÃO PAULO,VERGARA & RIBA EDITORA,2012,,2ª,,
0873/2019,09/08/19,CDD-330,1. Economia: Ciência política,"MURARO, Rose Marie",UMA NOVA VISÃO DA POLÍTICA E DA ECONOMIA,VOL. 3,,RIO DE JANEIRO,ZIT,2007,,1ª,,
0874/2019,09/08/19,CDD-869.93,1. Crônicas: Literatura brasileira,"SANT'ANNA, Affonso Romano de",AFFONSO ROMANO DE SANT'ANNA,ÚNICO,2,SÃO PAULO,GLOBAL,2003,,1ª,DOADO PARA A CASA PITIA,
0875/2019,09/08/19,CDD-869.93,1. Contos: Literatura brasileira,VÁRIOS AUTORES,QUEM CONTA UM CONTO... E OUTROS CONTOS,ÚNICO,,,OBJETIVO,,,,,
0876/2019,12/08/19,CDD-869.93,1. Romances: Literatura brasileira,"ALMEIDA, Manuel Antônio de",MEMÓRIAS DE UM SARGENTO DE MILÍCIAS,ÚNICO,2,SÃO PAULO,DCL,2009,,1ª,,
0877/2019,12/08/19,CDD-635.615,1. Adubação: Colheita: Doença: Plantio,EMBRAPA,COMO PRODUZIR MELANCIA,VOL. 9,,"BRASÍLIA, DF",EMBRAPA,2006,IFCE-CRATO,1ª,,
0878/2019,12/08/19,CDD-635.65,1. Colheita: Feijão? Plantio,EMBRAPA,GUANDU PETROLINA: UMA BOA OPÇÃO PARA SUA ALIMENTAÇÃO,VOL. 14,,"BRASÍLIA, DF",EMBRAPA,2007,IFCE-CRATO,1ª,,
0879/2019,12/08/19,CDD-638.1,1. Apicultura: Néctar: Polén,"WOLFF, Luís Fernando",COMO ALIMENTAR ENXAMES,VOL. 31,,"BRASÍLIA, DF",EMBRAPA,2011,IFCE-CRATO,1ª,,
0880/2019,12/08/19,CDD-638.1,1. Apicultura: Colmeia,"WOLFF, Luís Fernando",COMO CAPTURAR ENXAMES EM VOO,VOL.  30,,"BRASÍLIA, DF",EMBRAPA,2011,IFCE-CRATO,1ª,,
0881/2019,12/08/19,CDD-634.774,1. Colheita: Doença: Plantio: Praga,EMBRAPA,COMO PLANTAR ABACAXI,VOL. 2,,"BRASÍLIA, DF",EMBRAPA,2006,IFCE-CRATO,1ª,,
0882/2019,12/08/19,CDD-639.31,1. Psicultura,EMBRAPA,CULTIVO DE PEIXES,VOL. 8,,"BRASÍLIA, DF",EMBRAPA,2006,IFCE-CRATO,1ª,,
0883/2019,12/08/19,CDD-633.33,1. Adubação: Colheita: Doença: Feijão de corda,EMBRAPA,CAUPI: O FEIJÃO DO SERTÃO,VOL. 5,,"BRASÍLIA, DF",EMBRAPA,2006,IFCE-CRATO,1ª,,
0884/2019,12/08/19,CDD-634.772,1. Adubação: Banana: Doença,EMBRAPA,COMO CULTIVAR A BANANEIRA,VOL. 6,,"BRASÍLIA, DF",EMBRAPA,2006,IFCE-CRATO,1ª,,
0885/2019,12/08/19,CDD-638.1,1. Apicultura: Abelha africana: Procedimento,"WOLFF, Luís Fernando",CONFECÇÃO DE JALECO DE PROTEÇÃO PARA APICULTURA,VOL. 22,,"BRASÍLIA, DF",EMBRAPA,2009,IFCE-CRATO,1ª,,
0886/2019,14/08/19,CDD-869.93,1. Romance brasieliro,"AMADO, Jorge",A MORTE E A MORTE DE QUINCAS BERRO D'ÁGUA,ÚNICO,1,RIO DE JANEIRO,RECORD,1998,IFCE-CRATO,74ª,DANIFICADO,
0887/2019,14/08/19,CDD-B869.1,1. Poesia brasileira,"MENDONÇA, Luciana V. P. de.",ABRAÃO E AS FRUTAS,VOL. 9,1,"BRASÍLIA, DF",MEC,2006,IFCE-CRATO,1ª,,
0888/2019,14/08/19,CDD-634.421,1. Comercialização: Doença de planta: Irrigação,VÁRIOS AUTORES,A CULTURA DA GOIABA,VOL. 66,,"BRASÍLIA, DF",EMBRAPA,2010,IFCE-CRATO,1ª,,
0889/2019,14/08/19,CDD-634.6,1. Hancornia speciosa: Implantação de cultura,VÁRIOS AUTORES,A CULTURA DA MANGABA,VOL. 73,,"BRASÍLIA, DF",EMBRAPA,2015,IFCE-CRATO,1ª,,
0890/2019,14/08/19,CDD-634.23,1. Cultivo: Plantio: Pós-colheita,VÁRIOS AUTORES,A CULTURA DA ACEROLA,VOL. 69,,"BRASÍLIA, DF",EMBRAPA,2012,IFCE-CRATO,1ª,,
0891/2019,14/08/19,CDD-635.615,1. Adubação: Calagem: Colheita,VÁRIOS AUTORES,A CULTURA DA MELANCIA,VOL. 57,,"BRASÍLIA, DF",EMBRAPA,2007,IFCE-CRATO,1ª,,
0892/2019,14/08/19,CDD-635.67,1. Colheita: Comercialização: Doença de planta,VÁRIOS AUTORES,A CULTURA DO MINIMILHO,VOL. 63,,"BRASÍLIA, DF",EMBRAPA,2008,IFCE-CRATO,1ª,,
0893/2019,14/08/19,CDD-635.1,1. Plantio: Colheita: Comercialização,VÁRIOS AUTORES,A CULTURA DO GERGELIM,VOL. 72,,"BRASÍLIA, DF",EMBRAPA,2014,IFCE-CRATO,1ª,,
0894/2019,14/08/19,CDD-635.67,1. Colheita: Comercialização: Doença de planta,VÁRIOS AUTORES,A CULTURA DO MILHO-VERDE,VOL. 59,,"BRASÍLIA, DF",EMBRAPA,2008,IFCE-CRATO,1ª,,
0895/2019,14/08/19,CDD-639.31,1. Cultivo: Doença: Manejo,VÁRIOS AUTORES,PISCICULTURA EM TANQUES-REDE,VOL. 6,,"BRASÍLIA, DF",EMBRAPA,2009,IFCE-CRATO,1ª,,
0896/2019,14/08/19,CDD-633.15,1. Doença de planta: Folha: Colmo,VÁRIOS AUTORES,IDENTIFICAÇÃO E CONTROLE DE DOENÇAS NA CULTURA DO MILHO,ÚNICO,,"BRASÍLIA, DF",EMBRAPA,2013,IFCE-CRATO,2ª,,
0897/2019,14/08/19,CDD-634.772,1. Banana: Musa sp.: Doença de planta,VÁRIOS AUTORES,MANUAL DE IDENTIFICAÇÃO DE DOENÇAS E PRAGAS DA CULTURA DA BANANEIRA,ÚNICO,,"BRASÍLIA, DF",EMBRAPA,2016,IFCE-CRATO,1ª,,
0898/2019,14/08/19,CDD-B869.1,1. Poesia brasileira,"MENDONÇA, Luciana V. P. de.",ABRAÃO E AS FRUTAS,VOL. 9,2,"BRASÍLIA, DF",MEC,2006,IFCE-CRATO,1ª,,
0899/2019,14/08/19,CDD-636.4,1. Suíno-Alimentação: Suíno-Manejo: Melhoramento genético animal,VÁRIOS AUTORES,SUÍNOS: O PRODUTOR PERGUNTA,ÚNICO,,"BRASÍLIA, DF",EMBRAPA,1998,IFCE-CRATO,2ª,,
0900/2019,14/08/19,CDD-636.2142,1. Bovinocultura: Gado leiteiro,VÁRIOS AUTORES,"GADO DE LEITE: O PRODUTOR PERGUNTA, A EMBRAPA RESPONDE",ÚNICO,,"BRASÍLIA, DF",EMBRAPA,2012,IFCE-CRATO,3ª,,
0901/2019,14/08/19,CDD-635,1. Horta: Cultivo,VÁRIOS AUTORES,"HORTAS: O PRODUTOR PERGUNTA, A EMBRAPA RESPONDE",ÚNICO,,"BRASÍLIA, DF",EMBRAPA,2009,IFCE-CRATO,1ª,,
0902/2019,14/08/19,CDD-634.573,1. Anacardium occidentale: Produção: Cultivo,VÁRIOS AUTORES,"CAJU: O PRODUTOR PERGUNTA, A EMBRAPA RESPONDE",ÚNICO,,"BRASÍLIA, DF",EMBRAPA,2015,IFCE-CRATO,2ª,,
0903/2019,14/08/19,CDD-635,1. Cultivo: Hortaliça: Horticultura,VÁRIOS AUTORES,"PRODUÇÃO ORGÂNICA DE HORTALIÇAS: O PRODUTOR PERGUNTA, A EMBRAPA RESPONDE",ÚNICO,,"BRASÍLIA, DF",EMBRAPA,2007,IFCE-CRATO,1ª,,
0904/2019,14/08/19,CDD-634.44,1. Colheita: Comercialização: Doença: Irrigação,VÁRIOS AUTORES,"MANGA: O PRODUTOR PERGUNTA, A EMBRAPA RESPONDE",ÚNICO,,"BRASÍLIA, DF",EMBRAPA,2005,IFCE-CRATO,1ª,,
0905/2019,14/08/19,CDD-631.58,1. Sistema de produção: Desenvolvimento sustentável: Agronegócio,VÁRIOS AUTORES,"INTEGRAÇÃO LAVOURA-PECUÁRIA-FLORESTA: O PRODUTOR PERGUNTA, A EMBRAPA RESPONDE",ÚNICO,,"BRASÍLIA, DF",EMBRAPA,2015,IFCE-CRATO,1ª,,
0906/2019,14/08/19,CDD-633.368,1. Biocombustível: Comercialização: Melhoramento: Planta oleaginosa,VÁRIOS AUTORES,"AMENDOIM: O PRODUTOR PERGUNTA, A EMBRAPA RESPONDE",ÚNICO,,"BRASÍLIA, DF",EMBRAPA,2009,IFCE-CRATO,1ª,,
0907/2019,14/08/19,CDD-633.15,1. Cereal: Controle biológico: Nutrição animal,VÁRIOS AUTORES,"MILHO: O PRODUTOR PERGUNTA, A EMBRAPA RESPONDE",ÚNICO,,"BRASÍLIA, DF",EMBRAPA,2011,IFCE-CRATO,1ª,,
0908/2019,15/08/19,CDD-635.04,1. Armazenamento: Comercialização: Embalagem,VÁRIOS AUTORES,"PÓS-COLHEITA DE HORTALIÇAS: O PRODUTOR PERGUNTA, A EMBRAPA RESPONDE",ÚNICO,,"BRASÍLIA, DF",EMBRAPA,2011,IFCE-CRATO,1ª,,
0909/2019,15/08/19,CDD-631.521,1. Sistema de plantio Direto: Plantio,"SALTON, Júlio César","SISTEMA PLANTIO DIRETO. O PRODUTOR PERGUNTA, A EMBRAPA RESPONDE",ÚNICO,,"BRASÍLIA, DF",EMBRAPA,1998,IFCE-CRATO,1ª,,
0910/2019,15/08/19,CDD-634.651,1. Fruta tropical: Cultura: Melhoramento genético,VÁRIOS AUTORES,"MAMÃO: O PRODUTOR PERGUNTA, A EMBRAPA RESPONDE",ÚNICO,,"BRASÍLIA, DF",EMBRAPA,2013,IFCE-CRATO,2ª,,
0911/2019,15/08/19,CDD-633.18,1. Arroz-Produção-Brasil: Cultivo,VÁRIOS AUTORES,"ARROZ: O PRODUTOR PERGUNTA, A EMBRAPA RESPONDE",ÚNICO,,"BRASÍLIA, DF",EMBRAPA,2013,IFCE-CRATO,2ª,,
0912/2019,15/08/19,CDD-635.652,1. Cultivo: Preparo: Processamento,VÁRIOS AUTORES,"FEIJÃO: O PRODUTOR PERGUNTA, A EMBRAPA RESPONDE",ÚNICO,,"BRASÍLIA, DF",EMBRAPA,2014,IFCE-CRATO,2ª,,
0913/2019,15/08/19,CDD-634.7,1. Comercialização: Fruticultura: Plantio,VÁRIOS AUTORES,"PEQUENAS FRUTAS: O PRODUTOR PERGUNTA, A EMBRAPA RESPONDE",ÚNICO,,"BRASÍLIA, DF",EMBRAPA,2012,IFCE-CRATO,1ª,,
0914/2019,15/08/19,CDD-635.7,1. Cultura de Gergelim: Melhoramento genético,VÁRIOS AUTORES,"GERGELIM: O PRODUTOR PERGUNTA, A EMBRAPA RESPONDE",ÚNICO,,"BRASÍLIA, DF",EMBRAPA,2009,IFCE-CRATO,1ª,,
0915/2019,15/08/19,CDD-634.421,1. Fitotecnia: Citricultura,VÁRIOS AUTORES,"FRUTICULTURA: O PRODUTOR PERGUNTA, A EMBRAPA RESPONDE",ÚNICO,,"BRASÍLIA, DF",EMBRAPA,2011,IFCE-CRATO,1ª,,
0916/2019,15/08/19,CDD-633.51,1. Algodão: Produção: Armazenamento,VÁRIOS AUTORES,ALGODÃO EM PLUMA,ÚNICO,,"BRASÍLIA, DF",EMBRAPA,2009,IFCE-CRATO,1ª,,
0917/2019,15/08/19,CDD-637.3,1. Laticínio: Pasteurização: Produto derivado do leite,"SILVA, Fernando Teixeira",QUEIJO PRATO,ÚNICO,,"BRASÍLIA, DF",EMBRAPA,2005,IFCE-CRATO,1ª,,
0918/2019,15/08/19,CDD-664.23,1. Farinha mista: Indústria agrícola,"BEZERRA, Valéria Saldanha",FARINHAS DE MANDIOCA SECA E MISTA,ÚNICO,,"BRASÍLIA, DF",EMBRAPA,2006,IFCE-CRATO,1ª,,
0919/2019,15/08/19,CDD-664.8046,1. Caju: Fruta tropical,"ABREU, Fernando Antônio Pinto de",CAJUÍNA,ÚNICO,,"BRASÍLIA, DF",EMBRAPA,2007,IFCE-CRATO,1ª,,
0920/2019,15/08/19,CDD-635,1. Hortaliça: Indústria agrícola,"GOMES, Carlos Alexandre Oliveira",HORTALIÇAS MINIMAMENTE PROCESSADAS,ÚNICO,,"BRASÍLIA, DF",EMBRAPA,2005,IFCE-CRATO,1ª,,
0921/2019,15/08/19,CDD-635.046,1. Hortaliça: Indústria agrícola,"KROLOW, Ana Cristina Richter",HORTALIÇAS EM CONSERVA,ÚNICO,,"BRASÍLIA, DF",EMBRAPA,2006,IFCE-CRATO,1ª,,
0922/2019,15/08/19,CDD-637.3,1. Laticínio: Pasteurização: Produto derivado do leite,"SILVA, Fernando Teixeira",QUEIJO MINAS FRESCAL,ÚNICO,,"BRASÍLIA, DF",EMBRAPA,2016,IFCE-CRATO,2ª,,
0923/2019,15/08/19,CDD-634,1. Fruta: Indústria agrícola,"MATTA, Virgínia Martins de",POLPA DE FRUTA CONGELADA,ÚNICO,,"BRASÍLIA, DF",EMBRAPA,2005,IFCE-CRATO,1ª,,
0924/2019,15/08/19,CDD-634.94,1. Defumação: Indústria agrícola,VÁRIOS AUTORES,PEIXE DEFUMADO,ÚNICO,,"BRASÍLIA, DF",EMBRAPA,2012,IFCE-CRATO,2ª,,
0925/2019,15/08/19,CDD-664.842,1. Fruta seca: Indústria agrícola,"SOUZA NETO, Manoel Alves",MANGA E MELÃO DESITRATADOS,ÚNICO,,"BRASÍLIA, DF",EMBRAPA,2006,IFCE-CRATO,1ª,,
0926/2019,15/08/19,CDD-06287,1. Tecnologia de alimento: Processamento,"TORREZAN, Renata",DOCE EM MASSA,ÚNICO,,"BRASÍLIA, DF",EMBRAPA,2015,IFCE-CRATO,1ª,,
0927/2019,15/08/19,CDD-637.3,1. Laticínio: Pasteurização: Produto derivado do leite,"SILVA, Fernando Teixeira",QUEIJO MUSSARELA,ÚNICO,,"BRASÍLIA, DF",EMBRAPA,2016,IFCE-CRATO,2ª,,
0928/2019,15/08/19,CDD-664.8,1. Compota: Fruta,"SILVA NETO, Raimundo Marcelino da",DOCE DE FRUTAS EM CALDA,ÚNICO,,"BRASÍLIA, DF",EMBRAPA,2006,IFCE-CRATO,1ª,,
0929/2019,15/08/19,CDD-637.3,1. Laticínio: Pasteurização: Produto derivado do leite,"SILVA, Fernando Teixeira",QUEIJO PARMESÃO,ÚNICO,,"BRASÍLIA, DF",EMBRAPA,2016,IFCE-CRATO,2ª,,
0930/2019,15/08/19,CDD-641.4,1. Fruta: Indústria agrícola,"BASTOS, Maria do Socorro Rocha",PROCESSAMENTO MÍNIMO DE FRUTAS,ÚNICO,,"BRASÍLIA, DF",EMBRAPA,2006,IFCE-CRATO,1ª,,
0931/2019,15/08/19,CDD-637.3,1. Laticínio: Pasteurização: Produto derivado do leite,"NASSU, Renata Tieko",QUEIJO DE COALHO,ÚNICO,,"BRASÍLIA, DF",EMBRAPA,2006,IFCE-CRATO,1ª,,
0932/2019,15/08/19,CDD-633.208,1. Palma forrageira,"LOPES, Edson Batista",PALMA FORRAGEIRA,ÚNICO,,"BRASÍLIA, DF",EMBRAPA,2012,IFCE-CRATO,1ª,,
0933/2019,15/08/19,CDD-635.65,1. Ervilha: Feijão-vagem,VÁRIOS AUTORES,HORTALIÇAS LEGUMINOSAS,ÚNICO,,"BRASÍLIA, DF",EMBRAPA,2016,IFCE-CRATO,1ª,,
0934/2019,15/08/19,CDD-633.682,1. Mandioca: Manihot esculenta: Agroecologia,"SANTOS, Elson Soares dos",MANDIOCA: CULTIVO AGROECOLÓGICO E USO NA ALIMENTAÇÃO HUMANA E ANIMAL,ÚNICO,,"BRASÍLIA, DF",EMBRAPA,2011,IFCE-CRATO,1ª,,
0935/2019,15/08/19,CDD-635.23,1. Inhame: Dioscorea: Agroecologia,"SANTOS, Elson Soares dos",CULTIVO DO INHAME EM BASE AGROECOLÓGICA,ÚNICO,,"BRASÍLIA, DF",EMBRAPA,2012,IFCE-CRATO,1ª,,
0936/2019,15/08/19,CDD-635.615,1. Citrullus Ianatus: Fruta cucurbitácea,"CARVALHO, Raimundo Nonato de",CULTIVO DE MELANCIA PARA A AGRICULTURA FAMILIAR,ÚNICO,,"BRASÍLIA, DF",EMBRAPA,2016,IFCE-CRATO,3ª,,
0937/2019,15/08/19,CDD-635.672,1. Milho-doce: Cultivo,VÁRIOS AUTORES,O CULTIVO DO MILHO-DOCE,ÚNICO,,"BRASÍLIA, DF",EMBRAPA,2016,IFCE-CRATO,1ª,,
0938/2019,15/08/19,CDD-639.75,1. Minhoca: Húmus: Adubo orgânico,VÁRIOS AUTORES,"MINHOCULTURA E VERMICOMPOSTAGEM: INTERFACE COM SISTEMAS DE PRODUÇÃO, MEIO AMBIENTE E AGRICULTURA DE BASE ",ÚNICO,,"BRASÍLIA, DF",EMBRAPA,2015,IFCE-CRATO,1ª,,
0939/2019,15/08/19,CDD-639.8,1. Aquicultura: Piscicultura: Análises: Parasitos,"JERÔNIMO, Gabriela Tomas",MANUAL PARA COLETA DE PARASITOS EM PEIXES DE PISCICULTURA,ÚNICO,,"BRASÍLIA, DF",EMBRAPA,2012,IFCE-CRATO,1ª,,
0940/2019,15/08/19,,1. Barreiro,VÁRIOS AUTORES,BARREIRO-TRINCHEIRA,ÚNICO,,RECIFE,ASA,2014,IFCE-CRATO,5ª,,
0941/2019,15/08/19,,1. Cisterna,VÁRIOS AUTORES,CISTERNA-CALÇADÃO,ÚNICO,,RECIFE,ASA,2014,IFCE-CRATO,9ª,,
0942/2019,15/08/19,CDD-635.652,1. Feijão - Sistema de cultivo,"DI STEFANO, José Geraldo",CONSTRUINDO UMA BOA PLANTA DE FEIJÃO,ÚNICO,,SANTO ANTONIO DE GOIÁS,EMBRAPA,2009,IFCE-CRATO,3ª,,
0943/2019,15/08/19,CDD-633.682,1. Adubo: Biofertilizante,"SANTOS, Amaury da Silva dos",O USO DA MANIPUEIRA NA AGRICULTURA ECOLÓGICA,ÚNICO,,"BRASÍLIA, DF",EMBRAPA,2012,IFCE-CRATO,1ª,,
0944/2019,15/08/19,CDD-375.0083,1. Educação ambiental: Água,"QUEIROZ, Júlio Ferraz de",ÁGUA SEMPRE PRESENTE NA VIDA,VOL. 1,,"JAGUARIÚNA, SP",EMBRAPA,2003,IFCE-CRATO,1ª,,
0945/2019,15/08/19,CDD-375.0083,1. Educação ambiental: Vegetação,"SKORUPA, Ladislau Araújo","NÓS, AS ÁRVORES E AS FLORESTAS",VOL. 3,,"JAGUARIÚNA, SP",EMBRAPA,2004,IFCE-CRATO,1ª,,
0946/2019,15/08/19,CDD-375.0083,1. Educação ambiental: Lixo,"FERRAZ, Jose Maria Guzman",LIXO: QUAL SERÁ A HERANÇA QUE VAMOS DEIXAR,VOL. 4,,"BRASÍLIA, DF",EMBRAPA,2004,IFCE-CRATO,1ª,,
0947/2019,15/08/19,CDD-375.0083,1. Educação ambiental: Qualidade de vida,"FERRACINI, Vera Lúcia","QUALIDADE DE VIDA: NUTRIÇÃO, HIGIENE E SEGURANÇA DOS ALIMENTOS",VOL. 5,,"JAGUARIÚNA, SP",EMBRAPA,2004,IFCE-CRATO,1ª,,
0948/2019,15/08/19,CDD-375.0083,1. Educação ambiental: Ar,"CHAIM, Aldemir",O AR QUE RESPIRAMOS: O QUE ESTAMOS FAZENDO COM O NOSSO AMBIENTE,VOL. 6,,"JAGUARIÚNA, SP",EMBRAPA,2004,IFCE-CRATO,1ª,,
0949/2019,15/08/19,CDD-375.0083,1. Educação ambiental: Fauna,"RODRIGUES, Geraldo Stachetti",VIDA DE BICHO: A FAUNA E O MEIO AMBIENTE,VOL. 7,,"JAGUARIÚNA, SP",EMBRAPA,2004,IFCE-CRATO,1ª,,
0950/2019,15/08/19,CDD-635,1. Consumo alimentar: Hortaliça: Plantio,"LANA, Milza Moreira",HORTALIÇAS PARA CRIANÇAS VOL. 1,VOL. 1,,"BRASÍLIA, DF",EMBRAPA,2014,IFCE-CRATO,1ª,,
0951/2019,15/08/19,CDD-635,1. Consumo alimentar: Hortaliça: Plantio,"LANA, Milza Moreira",HORTALIÇAS PARA CRIANÇAS VOL. 2,VOL. 2,,"BRASÍLIA, DF",EMBRAPA,2014,IFCE-CRATO,1ª,,
0952/2019,15/08/19,CDD-635,1. Consumo alimentar: Hortaliça: Plantio,"LANA, Milza Moreira",HORTALIÇAS PARA CRIANÇAS VOL. 3,VOL. 3,,"BRASÍLIA, DF",EMBRAPA,2014,IFCE-CRATO,1ª,,
0953/2019,15/08/19,CDD-372.357,1. Agricultura orgânica: Meio ambiente: Uso da terra,VÁRIOS AUTORES,"MINHA TERRA, MEU FUTURO: EDUCAÇÃO AMBIENTAL",ÚNICO,,"BRASÍLIA, DF",EMBRAPA,2014,IFCE-CRATO,3ª,,
0954/2019,15/08/19,CDD-631.531,1. Semente - Dispersão: Literatura infanto-juvenil,"CARVALHO, Paulo Ernani Ramalho",A VIAGEM DAS SEMENTES,ÚNICO,,"BRASÍLIA, DF",EMBRAPA,2000,IFCE-CRATO,1ª,,
0955/2019,15/08/19,CDD-809.89282,1. Literatura infantojuvenil: Agricultura-História,"NÓBREGA, Lúcia",A AVENTURA DE PLANTAR. AS LIÇÕES DO GAROTO EMÍLIO A SEUS AMIGOS Ets SOBRE A AGRICULTURA NO BRASIL,ÚNICO,,SÃO PAULO,TEXTONOVO,1998,IFCE-CRATO,1ª,,
0956/2019,15/08/19,CDD-338.04,1. Pequena empresa: Educação comunitária: Literatura infantojuvenil,"HELENO, Guido",NOVOS CAMINHOS EM CERRADINHO,ÚNICO,,"BRASÍLIA, DF",EMBRAPA,2004,IFCE-CRATO,1ª,,
0957/2019,15/08/19,CDD-338.04,1. Pequena empresa: Educação comunitária: Literatura infantojuvenil,"HELENO, Guido",O NEGÓCIO É FAZER NEGÓCIOS,ÚNICO,,"BRASÍLIA, DF",EMBRAPA,2004,IFCE-CRATO,1ª,,
0958/2019,15/08/19,CDD-370.91734,1. Educação rural,"HELENO, Guido",FISGANDO OPORTUNIDADES,ÚNICO,,"BRASÍLIA, DF",EMBRAPA,2004,IFCE-CRATO,1ª,,
0959/2019,15/08/19,CDD-370.91734,1. Educação rural,"HELENO, Guido",UMA FEIRA DE IDEIAS,ÚNICO,,"BRASÍLIA, DF",EMBRAPA,2004,IFCE-CRATO,1ª,,
0960/2019,15/08/19,CDD-370.917.34,1. Educação rural,"HAMMES, Valéria Sucena",SEGREDOS DA SERRA DOS MACACOS,ÚNICO,,"BRASÍLIA, DF",EMBRAPA,2004,IFCE-CRATO,1ª,,
0961/2019,15/08/19,CDD-370.917.34,1. Educação rural,"HAMMES, Valéria Sucena",AMIGOS POR NATUREZA,ÚNICO,,"BRASÍLIA, DF",EMBRAPA,2004,IFCE-CRATO,1ª,,
0962/2019,15/08/19,CDD-869.3,1. Romance português,"QUEIROS, Eça de",O MANDARIM,ÚNICO,,,,,,,,
0963/2019,16/08/19,CDD-B869.1,1. Poesia brasileira,"LIMA, Luiz Paulo Paulino de",AMARELO OURO,ÚNICO,,"PARÁ DE MINAS, MG",VIRTUALBOOKS,2012,,1ª,,
0964/2019,26/08/19,CDD-813,1. Mudança de vida: Ficção americana,"YOUNG, William P. ",A CABANA,ÚNICO,1,SÃO PAULO,ARQUEIRO,2012,DOAÇÃO CORUJÃO DE INFORMÁTICA,1ª,,
0965/2019,26/08/19,CDD-028.5,1. Mitologia grega: Literatura infantojuvenil,"RIORDAN, Rick",O LADRÃO DE RAIOS,ÚNICO,1,RIO DE JANEIRO,INTRÍNSECA,2014,DOAÇÃO CORUJÃO DE INFORMÁTICA,3ª,,
0966/2019,26/08/19,CDD-028.5,1. Romance infantojuvenil brasileiro,"LACERDA, Nilma",BÁRBARA DEBAIXO DA CHUVA,ÚNICO,1,RIO DE JANEIRO,GALERA RECORD,2009,DOAÇÃO CORUJÃO DE INFORMÁTICA,1ª,,
0967/2019,27/08/19,CDD-028.5,1. Literatura infantojuvenil,"SHELDON, Sidney",O ESTRANGULADOR,ÚNICO,,RIO DE JANEIRO,RECORD,2011,DOAÇÃO CORUJÃO DE INFORMÁTICA,10ª,,
0968/2019,27/08/19,CDD-158.1,1. Técnicas de autoajuda,"FREITAS, Isabela","NÃO SE APEGA, NÃO",ÚNICO,1,RIO DE JANEIRO,INTRÍNSECA,2014,DOAÇÃO CORUJÃO DE INFORMÁTICA,1ª,,
0969/2019,27/08/19,CDD-869.935,1. Romance: Século 20: Literatura brasielira,"SOARES, Jô",O HOMEM QUE MATOU GETÚLIO VARGAS,ÚNICO,,SÃO PAULO,COMPANHIA DAS LETRAS,1998,DOAÇÃO CORUJÃO DE INFORMÁTICA,1ª,,
0970/2019,27/08/19,CDD-813,1. Ficção: Literatura norte-americana,"MOYES, Jojo",A GAROTA QUE VOCÊ DEIXOU PARA TRÁS,ÚNICO,1,RIO DE JANEIRO,INTRÍNSECA,2016,DOAÇÃO CORUJÃO DE INFORMÁTICA,1ª,DANIFICADO,
0971/2019,27/08/19,CDD-869.93,1. Romance brasileiro,"ASSIS, Machado de",HELENA,ÚNICO,2,"BARUERI, SP",CIRANDA CULTURAL,2017,DOAÇÃO CORUJÃO DE INFORMÁTICA,2ª,,
0972/2019,27/08/19,CDD-869.3,1. Romance português,"TAUNAY, Visconde de",INOCÊNCIA,ÚNICO,2,"BARUERI, SP",CIRANDA CULTURAL,2017,DOAÇÃO CORUJÃO DE INFORMÁTICA,2ª,EXTRAVIADO,
0973/2019,27/08/19,CDD-869.93,1. Romance brasileiro,"AZEVEDO, Aluísio",O MULATO,ÚNICO,2,"BARUERI, SP",CIRANDA CULTURAL,2017,DOAÇÃO CORUJÃO DE INFORMÁTICA,2ª,,
0974/2019,27/08/19,CDD-823,1. Romance inglês,"PLAIDY, Jean",O PRINCÍPE DAS TREVAS,VOL. 4,,RIO DE JANEIRO,RECORD,1993,DOAÇÃO CORUJÃO DE INFORMÁTICA,2ª,,
0975/2019,27/08/19,CDD-869.93,1. Romance brasileiro,"ASSIS, Machado de",DOM CASMURRO,ÚNICO,3,SÃO PAULO,GLOBO,1997,DOAÇÃO CORUJÃO DE INFORMÁTICA,1ª,,
0976/2019,27/08/19,CDD-B869,1. Literatura brasileira: Ficção,"RIBEIRO, Fabiane",DEUS ESTÁ AO TELEFONE,ÚNICO,,SÃO PAULO,UNIVERSO DOS LIVROS,2018,DOAÇÃO CORUJÃO DE INFORMÁTICA,1ª,,
0977/2019,27/08/19,CDD-823,1. Romances: Literatura inglesa,"ORWELL, George",1984,ÚNICO,1,SÃO PAULO,CLARO ENIGMA,2010,DOAÇÃO CORUJÃO DE INFORMÁTICA,1ª,,
0978/2019,27/08/19,CDD-241.1,1. Amor ágape: Virtude: Aspectos religiosos: Cristianismo,"ROSSI, Marcelo",ÁGAPE,ÚNICO,,SÃO PAULO,GLOBO,2010,DOAÇÃO CORUJÃO DE INFORMÁTICA,2ª,,
0979/2019,27/08/19,CDD-813,1. Ficção: Literatura norte-americana,"SPARKS, Nicholas",UM PORTO SEGURO,ÚNICO,,"RIBEIRÃO PRETO, SP",NOVO CONCEITO EDITORA,2013,DOAÇÃO CORUJÃO DE INFORMÁTICA,1ª,,
0980/2019,27/08/19,CDD-133.9,1. Romance espírita: Espiritismo,"GASPARETTO, Zibia",ESPINHOS DO TEMPO,ÚNICO,,SÃO PAULO,VIDA E CONSCIÊNCIA,2017,DOAÇÃO CORUJÃO DE INFORMÁTICA,1ª,,
0981/2019,27/08/19,CDD-158.1,1. Motivação (Psicologia),"CURY, Augusto",NUNCA DESISTA DOS SEUS SONHOS,ÚNICO,1,RIO DE JANEIRO,SEXTANTE,2004,DOAÇÃO CORUJÃO DE INFORMÁTICA,1ª,EXTRAVIADO,
0982/2019,27/08/19,CDD-028.5,1. Literatura infantojuvenil,"BANDEIRA, Pedro",PEQUENO PODE TUDO,ÚNICO,,SÃO PAULO,MODERNA,1987,DOAÇÃO CORUJÃO DE INFORMÁTICA,1ª,,
0983/2019,27/08/19,CDD-920.9133,1. Ocultistas: Biografia,"COELHO, Paulo",O DIÁRIO DE UM MAGO,ÚNICO,,RIO DE JANEIRO,ROCCO,1990,DOAÇÃO CORUJÃO DE INFORMÁTICA,26ª,,
0984/2019,27/08/19,CDD-823,1. Romance inglês,"AUSTEN, Jane",RAZÃO E SENSIBILIDADE,ÚNICO,1,SÃO PAULO,CIRANDA CULTURAL,2018,DOAÇÃO CORUJÃO DE INFORMÁTICA,1ª,,
0985/2019,27/08/19,CDD-869.3,1. Romance português,"QUEIRÓS, Eça de",O CRIME DO PADRE AMARO,ÚNICO,2,"BARUERI, SP",CIRANDA CULTURAL,2017,DOAÇÃO CORUJÃO DE INFORMÁTICA,2ª,,
0986/2019,27/08/19,CDD-869.93,1. Romance brasileiro,"ALMEIDA, Manuel Antônio de",MEMÓRIAS DE UM SARGENTO DE MILÍCIAS,ÚNICO,3,"BARUERI, SP",CIRANDA CULTURAL,2017,DOAÇÃO CORUJÃO DE INFORMÁTICA,2ª,,
0987/2019,27/08/19,CDD-869.93,1. Romance brasileiro,"AZEVEDO, Aluísio",O CORTIÇO,ÚNICO,5,SÃO PAULO,CIRANDA CULTURAL,2018,DOAÇÃO CORUJÃO DE INFORMÁTICA,2ª,,
0988/2019,27/08/19,CDD-869.93,1. Romance brasileiro,"ASSIS, Machado de",QUINCAS BORBA,ÚNICO,3,"BARUERI, SP",CIRANDA CULTURAL,2017,DOAÇÃO CORUJÃO DE INFORMÁTICA,2ª,,
0989/2019,27/08/19,CDD-869.3,1. Literatura portuguesa: Romance,"QUEIRÓS, Eça de",A RELÍQUIA,ÚNICO,2,"BARUERI, SP",CIRANDA CULTURAL,2018,DOAÇÃO CORUJÃO DE INFORMÁTICA,1ª,,
0990/2019,27/08/19,CDD-869.93,1. Romance brasileiro,"ALENCAR, José de ",CINCO MINUTOS E A VIUVINHA,ÚNICO,2,"BARUERI, SP",CIRANDA CULTURAL,2017,DOAÇÃO CORUJÃO DE INFORMÁTICA,2ª,,
0991/2019,27/08/19,CDD-869.93,1. Romance ,"ALENCAR, José de ",O GUARANI,ÚNICO,2,"BARUERI, SP",CIRANDA CULTURAL,2017,DOAÇÃO CORUJÃO DE INFORMÁTICA,2ª,,
0992/2019,28/08/19,CDD-028.5,1. Literatura infantojuvenil,"AZEVEDO, Ricardo",CHEGA DE SAUDADE,ÚNICO,,SÃO PAULO,MODERNA,2006,DOAÇÃO CORUJÃO DE INFORMÁTICA,2ª,,
0993/2019,28/08/19,CDD-813,1. Ficção norte-americana,"ASIMOV, Isaac","EU, ROBÔ",ÚNICO,,RIO DE JANEIRO,EDIOURO,2004,DOAÇÃO CORUJÃO DE INFORMÁTICA,1ª,,
0994/2019,28/08/19,CDD-843,1. Fábula francesa. Ficção francesa.,"SAINT-EXUPÉRY, Antoine de",O PEQUENO PRÍNCIPE,ÚNICO,1,RIO DE JANEIRO,POCKETOURO,,DOAÇÃO CORUJÃO DE INFORMÁTICA,1ª,,
0995/2019,28/08/19,CDD-028.5,1. Mitologia grega: Literatura infantojuvenil,"RIORDAN, Rick",O LADRÃO DE RAIOS,ÚNICO,2,RIO DE JANEIRO,INTRÍNSECA,2008,DOAÇÃO CORUJÃO DE INFORMÁTICA,1ª,EXTRAVIADO,
0996/2019,28/08/19,CDD-133.9,1. Romance espírita: Espiritismo,"GASPARETTO, Zibia",NINGUÉM É DE NINGUÉM,ÚNICO,1,SÃO PAULO,VIDA E CONSCIÊNCIA,2008,DOAÇÃO CORUJÃO DE INFORMÁTICA,57ª,,
0997/2019,28/08/19,CDD-869.1,1. Poesia portuguesa,"GONZAGA, Tomás Antônio",MARÍLIA DE DIRCEU,ÚNICO,1,"BARUERI, SP",CIRANDA CULTURAL,2017,DOAÇÃO CORUJÃO DE INFORMÁTICA,2ª,,
0998/2019,28/08/19,CDD-869.3,1. Romance português,"BRANCO, Camilo Castelo",AMOR DE PERDIÇÃO,ÚNICO,1,"BARUERI, SP",CIRANDA CULTURAL,2017,DOAÇÃO CORUJÃO DE INFORMÁTICA,2ª,,
0999/2019,28/08/19,CDD-869.93,1. Romance brasileiro,"POMPEIA, Raul",O ATENEU,ÚNICO,1,"BARUERI, SP",CIRANDA CULTURAL,2017,DOAÇÃO CORUJÃO DE INFORMÁTICA,2ª,,
1000/2019,28/08/19,CDD-869.93,1. Romance brasieliro,"ALENCAR, José de ",LUCÍOLA,ÚNICO,2,"BARUERI, SP",CIRANDA CULTURAL,2018,DOAÇÃO CORUJÃO DE INFORMÁTICA,2ª,,
1001/2019,28/08/19,CDD-869.93,1. Romance brasieliro,"ALENCAR, José de ",TIL,ÚNICO,3,"BARUERI, SP",CIRANDA CULTURAL,2017,DOAÇÃO CORUJÃO DE INFORMÁTICA,2ª,,
1002/2019,28/08/19,CDD-869.93,1. Romance brasieliro,"ASSIS, Machado de",MEMÓRIAS PÓSTUMAS DE BRÁS CUBAS,ÚNICO,2,"BARUERI, SP",CIRANDA CULTURAL,2018,DOAÇÃO CORUJÃO DE INFORMÁTICA,2ª,,
1003/2019,28/08/19,CDD-869.9,1. Romance,VÁRIOS AUTORES,SELEÇÕES DE LIVROS,ÚNICO,,RIO DE JANEIRO,READER'S DIGEST BRASIL LTDA,2005,DOAÇÃO CORUJÃO DE INFORMÁTICA,1ª,,
1004/2019,28/08/19,CDD-813,1. Romance norte-americano,"HERMINGWAY, Ernest",O VELHO E O MAR,ÚNICO,,RIO DE JANEIRO,BERTRAND BRASIL,2018,DOAÇÃO CORUJÃO DE INFORMÁTICA,95ª,,
1005/2019,28/08/19,CDD-869.93,1. Romance brasileiro,"TAUNAY, Visconde de",INOCÊNCIA,ÚNICO,3,SÃO PAULO,ÁTICA,2002,DOAÇÃO CORUJÃO DE INFORMÁTICA,29ª,,
1006/2019,28/08/19,CDD-869.93,1. Romance brasileiro,"BARRETO, Lima",TRISTE FIM DE POLICARPO QUARESMA,ÚNICO,4,"PORTO ALEGRE, RS",L&PM,2003,DOAÇÃO CORUJÃO DE INFORMÁTICA,1ª,,
1007/2019,28/08/19,CDD-100,1. Filosofia: Os pensadores,"MALMESBURY, Thomas Hobbes",OS PENSADORES,ÚNICO,,SÃO PAULO,NOVA CULTURAL LTDA,1999,DOAÇÃO CORUJÃO DE INFORMÁTICA,1ª,,
1008/2019,28/08/19,CDD-869.1,1. Poesia portuguesa,"PESSOA, Fernando",POEMAS DE ALBERTO CAEIRO,VOL. 489,,"PORTO ALEGRE, RS",L&PM,2010,DOAÇÃO CORUJÃO DE INFORMÁTICA,1ª,,
1009/2019,28/08/19,CDD-828.99113,1. Ficção escocesa,"STEVENSON, Robert Louis",O MÉDICO E O MONSTRO,ÚNICO,1,RIO DE JANEIRO,NOVA FRONTEIRA,2017,DOAÇÃO CORUJÃO DE INFORMÁTICA,1ª,,
1010/2019,28/08/19,CDD-028.5,1. Contos-Literatura infantojuvenil,"MESSIAS, Adriano",HISTÓRIAS MAL-ASSOMBRADAS,VOL. 5,,SÃO PAULO,BIRUTA,2010,DOAÇÃO CORUJÃO DE INFORMÁTICA,1ª,,
1011/2019,28/08/19,CDD-869.93,1. Romance brasileiro,"SABINO, Fernando",O GRANDE MENTECAPTO: RELATO DAS AVENTURAS E DESVENTURAS DE VIRAMUNDO E DE SUAS INENARRÁVEIS PEREGRINAÇÕES,ÚNICO,1,RIO DE JANEIRO,BEST SELLER,2006,DOAÇÃO CORUJÃO DE INFORMÁTICA,67ª,,
1012/2019,28/08/19,CDD-869.93,1. Romance brasileiro,"AMADO, Jorge",CAPITÃES DA AREIA,ÚNICO,1,RIO DE JANEIRO,RECORD,2004,DOAÇÃO CORUJÃO DE INFORMÁTICA,112ª,,
1013/2019,28/08/19,CDD-869.93,1. Literatura brasileira: Romance,"AZEVEDO, Aluísio",O CORTIÇO,ÚNICO,6,"FORTALEZA, CE",ABC EDITORA,2007,DOAÇÃO CORUJÃO DE INFORMÁTICA,1ª,,
1014/2019,28/08/19,CDD-869.93,1. Literatura brasileira: Romance,"GARCIA, Tatiana Busto",CARTAS AO CÃO,ÚNICO,,SÃO PAULO,SÁ EDITORA,2009,DOAÇÃO CORUJÃO DE INFORMÁTICA,1ª,,
1015/2019,28/08/19,CDD-869.93,1. Romances: Literatura brasileira,"MACHADO, Dyonelio",OS RATOS,ÚNICO,,SÃO PAULO,EDITORA PLANETA DO BRASIL,2004,DOAÇÃO CORUJÃO DE INFORMÁTICA,1ª,,
1016/2019,28/08/19,CDD-869.9,1. Romance,VÁRIOS AUTORES,SELEÇÕES DE LIVROS,ÚNICO,,RIO DE JANEIRO,READER'S DIGEST BRASIL LTDA,2002,DOAÇÃO CORUJÃO DE INFORMÁTICA,1ª,,
1017/2019,28/08/19,CDD-869.93,1. Ficção: Literatura brasileira,"CURY, Augusto",O VENDEDOR DE SONHOS,ÚNICO,1,SÃO PAULO,ACADEMIA DE INTELIGÊNCIA,2009,DOAÇÃO CORUJÃO DE INFORMÁTICA,1ª,EXTRAVIADO,
1018/2019,28/08/19,CDD-133.9,1. Romances mediúnicos: Espiritismo,"CARVALHO, Vera Lúcia Marinzeck de",VIOLETAS NA JANELA,ÚNICO,,SÃO PAULO,PETIT,2009,DOAÇÃO CORUJÃO DE INFORMÁTICA,1ª,,
1019/2019,28/08/19,CDD-158.1,1. Técnicas de autoajuda,"FREITAS, Isabela","NÃO SE ILUDA, NÃO",ÚNICO,1,RIO DE JANEIRO,INTRÍNSECA,2015,DOAÇÃO CORUJÃO DE INFORMÁTICA,2ª,,
1020/2019,28/08/19,CDD-158.1,1. Técnicas de autoajuda,"FREITAS, Isabela","NÃO SE ILUDA, NÃO",ÚNICO,2,RIO DE JANEIRO,INTRÍNSECA,2015,DOAÇÃO CORUJÃO DE INFORMÁTICA,2ª,,
1021/2019,28/08/19,CDD-158.1,1. Técnicas de autoajuda,"FREITAS, Isabela","NÃO SE APEGA, NÃO",ÚNICO,2,RIO DE JANEIRO,INTRÍNSECA,2015,DOAÇÃO CORUJÃO DE INFORMÁTICA,2ª,,
1022/2019,28/08/19,CDD-869.93,1. Romances: Literatura Brasileira,"ANDRADE, Mário de",MACUNAÍMA,ÚNICO,2,RIO DE JANEIRO,AGIR,2007,DOAÇÃO CORUJÃO DE INFORMÁTICA,1ª,,
1023/2019,29/08/19,CDD-869.935,1. Romances: Século 20,"VERISSIMO, Erico",O TEMPO E O VENTO - O ARQUIPELÁGO II,VOL. 2,1,SÃO PAULO,GLOBO,1999,DOAÇÃO CORUJÃO DE INFORMÁTICA,2ª,EXTRAVIADO,
1024/2019,29/08/19,CDD-248.83,1. Jovens: Vida cristã: Orientações,"LÉO, Padre",JOVENS SARADOS,ÚNICO,,SÃO PAULO,CANÇÃO NOVA,2007,DOAÇÃO CORUJÃO DE INFORMÁTICA,12ª,,
1025/2019,29/08/19,CDD-808.889282,1. Literatura infantojuvenil: Literatura inglesa,"CARROLL, Lewis",ALICE NO PAÍS DAS MARAVILHAS,ÚNICO,1,SÃO PAULO,UNIVERSO DOS LIVROS,2014,DOAÇÃO CORUJÃO DE INFORMÁTICA,1ª,EXTRAVIADO,
1026/2019,29/08/19,CDD-808.889282,1. Literatura infantojuvenil: Literatura inglesa,"CARROLL, Lewis",ALICE NO PAÍS DAS MARAVILHAS,ÚNICO,2,SÃO PAULO,UNIVERSO DOS LIVROS,2014,DOAÇÃO CORUJÃO DE INFORMÁTICA,1ª,,
1027/2019,29/08/19,CDD-808.889282,1. Literatura infantojuvenil: Literatura inglesa,"CARROLL, Lewis",ALICE NO PAÍS DAS MARAVILHAS,ÚNICO,3,SÃO PAULO,UNIVERSO DOS LIVROS,2014,DOAÇÃO CORUJÃO DE INFORMÁTICA,1ª,,
1028/2019,29/08/19,CDD-869.91,1. Haicai - Poesia brasileira,"RUIZ S., Alice",CONVERSA DE PASSARINHOS,ÚNICO,1,SÃO PAULO,ILUMINURAS,2008,DOAÇÃO CORUJÃO DE INFORMÁTICA,1ª,,
1029/2019,29/08/19,CDD-133.93,1. Romance espírita: Espiritismo,"CEZAR, Marcelo",A VIDA SEMPRE VENCE,ÚNICO,,SÃO PAULO,CENTRO DE ESTUDOS VIDA & CONSCIÊNCIA,2013,DOAÇÃO CORUJÃO DE INFORMÁTICA,2ª,,
1030/2019,29/08/19,CDD-813,1. Romance norte-americano,"GROGAN, John",MARLEY & EU: A VIDA E O AMOR AO LADO DO PIOR CÃO DO MUNDO,ÚNICO,,SÃO PAULO,PRESTÍGIO,2006,DOAÇÃO CORUJÃO DE INFORMÁTICA,1ª,,
1031/2019,29/08/19,CDD-028.5,1. Romance infantojuvenil brasileiro,"LACERDA, Nilma",BÁRBARA DEBAIXO DA CHUVA,ÚNICO,2,RIO DE JANEIRO,GALERA RECORD,2009,DOAÇÃO CORUJÃO DE INFORMÁTICA,1ª,,
1032/2019,29/08/19,CDD-869.93,1. Romance brasileiro,"VERISSIMO, Erico",ANA TERRA,ÚNICO,,SÃO PAULO,COMPANHIA DAS LETRAS,2005,DOAÇÃO CORUJÃO DE INFORMÁTICA,3ª,EXTRAVIADO,
1033/2019,29/08/19,CDD-813,1. Ficção norte-americana,"GREEN, John",O TEOREMA KATHERINE,ÚNICO,,RIO DE JANEIRO,INTRÍNSECA,2013,DOAÇÃO CORUJÃO DE INFORMÁTICA,1ª,,
1034/2019,29/08/19,CDD-232.903,1. Jesus Cristo - Ensinamentos,"BAKER, Mark W.","JEUS, O MAIOR PSICÓLOGO QUE JÁ EXISTIU",ÚNICO,,RIO DE JANEIRO,SEXTANTE,2009,DOAÇÃO CORUJÃO DE INFORMÁTICA,1ª,,
1035/2019,29/08/19,CDD-028.5,1. Novela infantojuvenil,"BANDEIRA, Pedro",O GRANDE DESAFIO,ÚNICO,,SÃO PAULO,ÁTICA,2010,DOAÇÃO CORUJÃO DE INFORMÁTICA,8ª,,
1036/2019,29/08/19,CDD-028.5,1. Literatura infantojuvenil,VÁRIOS AUTORES,CLÁSSICOS DE VERDADE: MITOS E LENDAS GRECO-ROMANOS,VOL. 4,,RIO DE JANEIRO,NOVA FRONTEIRA,2003,,2ª,,
1037/2019,29/08/19,CDD-133.93,1. Obras psicografadas: Romance espírita,"GASPARETTO, Zibia",NINGUÉM É DE NINGUÉM,ÚNICO,2,SÃO PAULO,VIDA E CONSCIÊNCIA,2017,DOAÇÃO DANIELLY CESÁRIO,2ª,,
1038/2019,29/08/19,CDD-896.891,1. Ficção inglesa,"HAWKINS, Paula",A GAROTA NO TREM,ÚNICO,,RIO DE JANEIRO,RECORD,2018,DOAÇÃO DANIELLY CESÁRIO,33ª,,
1039/2019,29/08/19,CDD-916,1. África: Geografia: Ensino médio,"OLIC, Nelson Bacic","ÁFRICA: TERRA, SOCIEDADES E CONFLITOS",ÚNICO,2,SÃO PAULO,MODERNA,2004,,1ª,,
1040/2019,29/08/19,CDD-306.08996081,1. Cultura afro-brasileira,"MATTOS, Regiane Augusto de",HISTÓRIA E CULTURA AFRO-BRASILEIRA,ÚNICO,,SÃO PAULO,CONTEXTO,2012,,2ª,,
1041/2019,29/08/19,CDD-923.281,1. Brasil: Imperador: Escravos revolucionários: Biografia,"GOMES, Flávio dos Santos","DE OLHO EM ZUMBI DOS PALMARES: HISTÓRIAS, SÍMBOLOS E MEMÓRIA SOCIAL",ÚNICO,,SÃO PAULO,CLARO ENIGMA,2011,,1ª,,
1042/2019,29/08/19,CDD-868.99353,1. Ficção: Brasil: História: Guerra de Canudos,"VARGAS LLOSA, Mário",A GUERRA DO FIM DO MUNDO,ÚNICO,,RIO DE JANEIRO,OBJETIVA,2009,DOAÇÃO CORUJÃO DE INFORMÁTICA,1ª,,
1043/2019,29/08/19,CDD-981,1. História do Brasil,"COSTA, Marcos",A HISTÓRIA DO BRASIL PARA QUEM TEM PRESSA,ÚNICO,,RIO DE JANEIRO,VALENTINA,2016,DOAÇÃO CORUJÃO DE INFORMÁTICA,1ª,,
1044/2019,29/08/19,CDD-851,1. Poesia italiana,"ALIGHIERI, Dante",A DIVINA COMÉDIA,ÚNICO,,SÃO PAULO,EDITORA 34,2009,DOAÇÃO CORUJÃO DE INFORMÁTICA,1ª,,
1045/2019,29/08/19,CDD-158.2,1. Inteligência interpessoal: Psicologia aplicada,"ALBUQUERQUE, Jamil",A ARTE DE LIDAR COM PESSOAS,ÚNICO,,SÃO PAULO,PLANETA DO BRASIL,2007,DOAÇÃO CORUJÃO DE INFORMÁTICA,1ª,,
1046/2019,29/08/19,CDD-869.93,1. Conto brasileiro,"MACHADO, Anibal Monteiro","A MORTE DA PORTA-ESTANDARTE E, TATI, A GAROTA E OUTRAS HISTÓRIAS",ÚNICO,,RIO DE JANEIRO,JOSÉ OLYMPIO,2009,DOAÇÃO CORUJÃO DE INFORMÁTICA,18ª,,
1047/2019,29/08/19,CDD-813,1. Vida eterna: Ficção norte-americana,"ALBOM, Mitch",AS CINCO PESSOAS QUE VOCÊ ENCONTRA NO CÉU,ÚNICO,1,RIO DE JANEIRO,SEXTANTE,2004,DOAÇÃO CORUJÃO DE INFORMÁTICA,1ª,,
1048/2019,29/08/19,CDD-813,1. Vida eterna: Ficção norte-americana,"ALBOM, Mitch",AS CINCO PESSOAS QUE VOCÊ ENCONTRA NO CÉU,ÚNICO,2,RIO DE JANEIRO,SEXTANTE,2004,DOAÇÃO CORUJÃO DE INFORMÁTICA,1ª,,
1049/2019,29/08/19,CDD-232.903,1. Jesus Cristo - Personalidade e missão: Psicologia,"CURY, Augusto",O MESTRE DO AMOR,ÚNICO,,RIO DE JANEIRO,SEXTANTE,2012,DOAÇÃO CORUJÃO DE INFORMÁTICA,1ª,EXTRAVIADO,
1050/2019,29/08/19,CDD-649.1,1. Educação de crianças - Formação de Pais,"CURY, Augusto","PAIS BRILHANTES, PROFESSORES FASCINANTES",ÚNICO,1,RIO DE JANEIRO,SEXTANTE,2003,DOAÇÃO CORUJÃO DE INFORMÁTICA,1ª,,
1051/2019,29/08/19,CDD-158.1,1. Motivação (Psicologia),"FLIPPEN, Flip",PARE DE SE SABOTAR E DÊ A VOLTA POR CIMA,ÚNICO,,RIO DE JANEIRO,SEXTANTE,2016,DOAÇÃO CORUJÃO DE INFORMÁTICA,1ª,,
1052/2019,29/08/19,CDD-158.1,1. Motivação (Psicologia),"CURY, Augusto",NUNCA DESISTA DOS SEUS SONHOS,ÚNICO,2,RIO DE JANEIRO,SEXTANTE,2004,DOAÇÃO CORUJÃO DE INFORMÁTICA,1ª,,
1053/2019,29/08/19,CDD-158.1,1. Motivação (Psicologia),"CURY, Augusto",NUNCA DESISTA DOS SEUS SONHOS,ÚNICO,3,RIO DE JANEIRO,SEXTANTE,2007,DOAÇÃO CORUJÃO DE INFORMÁTICA,1ª,,
1054/2019,02/09/19,CDD-158.1,1. Amor-próprio: Auto-realização,"CURY, Augusto",VOCÊ É INSUBSTITUÍVEL,ÚNICO,1,RIO DE JANEIRO,SEXTANTE,2006,DOAÇÃO CORUJÃO DE INFORMÁTICA,1ª,,
1055/2019,02/09/19,CDD-869.94,1. Ensaios brasileiros,"TÁVOLA, Artur",DO AMOR: ENSAIO DE ENIGMA,ÚNICO,,RIO DE JANEIRO,NOVA FRONTEIRA,1983,DOAÇÃO CORUJÃO DE INFORMÁTICA,1ª,,
1056/2019,02/09/19,CDD-248.4,1. Vida cristã: Cristianismo,"WARREN, Rick",UMA VIDA COM PROPÓSITOS: VOCÊ NÃO ESTÁ POR ACASO,ÚNICO,,SÃO PAULO,VIDA,2008,DOAÇÃO CORUJÃO DE INFORMÁTICA,2ª,,
1057/2019,02/09/19,CDD-028.5,1. Literatura infantojuvenil,"KATZ, Welwyn Wilton",BEOWULF,ÚNICO,,SÃO PAULO,COMBOIO DE CORDA,2009,DOAÇÃO CORUJÃO DE INFORMÁTICA,1ª,,
1058/2019,02/09/19,CDD-741.5,1. História me quadrinhos: Romance,"AZEVEDO, Aluísio",O CORTIÇO,ÚNICO,,SÃO PAULO,ESCALA EDUCACIONAL,2007,DOAÇÃO CORUJÃO DE INFORMÁTICA,1ª,,
1059/2019,02/09/19,CDD-814,1. Literatura norte-americana,"DIDION, Joan",O ÁLBUM BRANCO,ÚNICO,,RIO DE JANEIRO,NOVA FRONTEIRA,1987,DOAÇÃO CORUJÃO DE INFORMÁTICA,1ª,,
1060/2019,02/09/19,CDD-028.5,1. Teatro infantojuvenil brasileiro,"MACHADO, Maria Clara",O CAVALINHO AZUL E OUTRAS PEÇAS,ÚNICO,,RIO DE JANEIRO,EDIOURO,2009,DOAÇÃO CORUJÃO DE INFORMÁTICA,1ª,,
1061/2019,02/09/19,CDD-028.5,1. Literatura infantojuvenil,"POE, Edgar Allan",HISTÓRIAS EXTRAORDINÁRIAS,ÚNICO,1,RIO DE JANEIRO,EDIOURO,2005,DOAÇÃO CORUJÃO DE INFORMÁTICA,1ª,,
1062/2019,02/09/19,CDD-028.5,1. Literatura infantojuvenil,"KINNEY, Jeff",DIÁRIO DE UM BANANA,ÚNICO,2,SÃO PAULO,VERGARA & RIBA EDITORA,2012,DOAÇÃO CORUJÃO DE INFORMÁTICA,2ª,,
1063/2019,02/09/19,CDD-819.13,1. Ficção canadense: Ficção religiosa,"YOUNG, William P. ",A TRAVESSIA,ÚNICO,,SÃO PAULO,ARQUEIRO,2014,DOAÇÃO CORUJÃO DE INFORMÁTICA,1ª,,
1064/2019,02/09/19,CDD-869.91,1. Poesia: Literatura brasileira,VÁRIOS AUTORES,CLÁSSICOS DA POESIA BRASILEIRA,ÚNICO,,SÃO PAULO,KLICK ,,DOAÇÃO CORUJÃO DE INFORMÁTICA,1ª,,
1065/2019,02/09/19,CDD-869.93,1. Romance brasileiro,"ASSIS, Machado de",MEMÓRIAS PÓSTUMAS DE BRÁS CUBAS,ÚNICO,3,SÃO PAULO,CIRANDA CULTURAL,2018,DOAÇÃO CORUJÃO DE INFORMÁTICA,2ª,,
1066/2019,02/09/19,CDD-869.93,1. Romance brasileiro,"ALENCAR, José de ",IRACEMA,ÚNICO,2,SÃO PAULO,CIRANDA CULTURAL,2018,DOAÇÃO CORUJÃO DE INFORMÁTICA,2ª,DANIFICADO,
1067/2019,02/09/19,CDD-869.3 ,1. Romance português,"BRANCO, Camilo Castelo",A BRASILEIRA DE PRAZINS,VOL. 138,1,SÃO PAULO,MARTIN CLARET,2004,DOAÇÃO CORUJÃO DE INFORMÁTICA,1ª,,
1068/2019,02/09/19,CDD-813,1. Ficção norte-americana,"LEHRMAN, Maggie",A GAROTA QUE NÃO QUERIA LEMBRAR,ÚNICO,1,SÃO PAULO,PAVANA,2019,DOAÇÃO CORUJÃO DE INFORMÁTICA,2ª,,
1069/2019,02/09/19,CDD-813,1. Ficção norte-americana,"SPARKS, Nicholas",À PRIMEIRA VISTA,ÚNICO,,SÃO PAULO,ARQUEIRO,2012,DOAÇÃO CORUJÃO DE INFORMÁTICA,1ª,,
1070/2019,02/09/19,CDD-028.5,1. Conto infantojuvenil espanhol,"KIRCHNER, Dan",O DIÁRIO DE DAN: DANE-SE,ÚNICO,,SÃO PAULO,PLANETA,2012,DOAÇÃO CORUJÃO DE INFORMÁTICA,1ª,,
1071/2019,02/09/19,CDD-813,1. Romance norte-americano,"ROBERTS, Nora",TRACE (O'HURLEY),VOL. 4,,RIO DE JANEIRO,HR,2009,DOAÇÃO CORUJÃO DE INFORMÁTICA,1ª,EXTRAVIADO,
1072/2019,02/09/19,CDD-869.93,1. Romance brasileiro,"GUIMARÃES, Bernardo",A ESCRAVA ISAURA,ÚNICO,2,SÃO PAULO,CIRANDA CULTURAL,2006,DOAÇÃO CORUJÃO DE INFORMÁTICA,1ª,DESGASTADO,
1073/2019,02/09/19,CDD-231.8,1. Deus e Satanás: Conflito: História,"WHITE, Ellen G.",O GRANDE CONFLITO,ÚNICO,2,"TATUÍ, SP",CASA PUBLICADORA BRASILEIRA,2007,DOAÇÃO CORUJÃO DE INFORMÁTICA,1ª,,
1074/2019,02/09/19,CDD-398.5,1. Literatura de cordel brasileira,"CARVALHO, Gilmar de",PATATIVA DO ASSARÉ: PÁSSARO LIBERTO,VOL. 11,,"FORTALEZA, CE",MUSEU DO CEARÁ,2011,DOAÇÃO CORUJÃO DE INFORMÁTICA,2ª,,
1075/2019,02/09/19,CDD-398.5,1. Literatura de cordel brasileira,"CARVALHO, Gilmar de",LYRA POPULAR: O CORDEL DO JUAZEIRO,VOL. 37,,"FORTALEZA, CE",MUSEU DO CEARÁ,2011,DOAÇÃO CORUJÃO DE INFORMÁTICA,2ª,,
1076/2019,02/09/19,CDD-761.2098131,1. Xilografia brasileira - Juazeiro do Norte (CE),"CARVALHO, Gilmar de",XILOGRAVURA: DOZE ESCRITOS NA MADEIRA,VOL. 5,,"FORTALEZA, CE",MUSEU DO CEARÁ,2011,DOAÇÃO CORUJÃO DE INFORMÁTICA,2ª,,
1077/2019,02/09/19,CDD-398.5,1. Literatura de cordel brasileira,"KUNZ, Martine",CORDEL: A VOZ DO VERSO,VOL. 6,,"FORTALEZA, CE",MUSEU DO CEARÁ,2011,DOAÇÃO CORUJÃO DE INFORMÁTICA,2ª,,
1078/2019,02/09/19,CDD-813,1. Ficção norte-americana,"MEYER, Stephenie",LUA NOVA,ÚNICO,1,RIO DE JANEIRO,INTRÍNSECA,2008,DOAÇÃO CORUJÃO DE INFORMÁTICA,2ª,,
1079/2019,02/09/19,CDD-813,1. Ficção norte-americana,"MEYER, Stephenie",AMANHECER,ÚNICO,1,RIO DE JANEIRO,INTRÍNSECA,2009,DOAÇÃO CORUJÃO DE INFORMÁTICA,1ª,,
1080/2019,02/09/19,CDD-869.9108004,1. Coletâneas: Poesia: Século 20: Literatura brasileira,"ANDRADE, Mário de",MELHORES POEMAS DE MÁRIO DE ANDRADE,VOL. 21,,SÃO PAULO,GLOBAL,2003,,7ª,,
1081/2019,02/09/19,CDD-364.3,1. Psicologia criminal,"SILVA, Ana Beatriz B.",MENTES PERIGOSAS: O PSICOPATA MORA AO LADO,ÚNICO,,RIO DE JANEIRO,OBJETIVA,2010,DOAÇÃO CORUJÃO DE INFORMÁTICA,1ª,,
1082/2019,02/09/19,CDD-927.4692,1. Celebridades - Biografia: Brasil,"URACH, Andressa","MORRI PARA VIVER: MEU SUBMUNDO DE FAMA, DROGAS E PROSTITUIÇÃO",ÚNICO,1,SÃO PAULO,PLANETA DO BRASIL,2015,DOAÇÃO CORUJÃO DE INFORMÁTICA,1ª,,
1083/2019,02/09/19,CDD-927.4692,1. Celebridades - Biografia: Brasil,"URACH, Andressa","MORRI PARA VIVER: MEU SUBMUNDO DE FAMA, DROGAS E PROSTITUIÇÃO",ÚNICO,2,SÃO PAULO,PLANETA DO BRASIL,2015,DOAÇÃO CORUJÃO DE INFORMÁTICA,1ª,,
1084/2019,02/09/19,CDD-649.1,1. Educação de crianças: Pais e filhos,"CURY, Augusto","PAIS BRILHANTES, PROFESSORES FASCINANTES",ÚNICO,2,RIO DE JANEIRO,SEXTANTE,2013,DOAÇÃO CORUJÃO DE INFORMÁTICA,1ª,,
1085/2019,02/09/19,CDD-243,1. Vicíos: Libertação das Drogas,"FORMIGONI, Rogério",A ÚLTIMA PEDRA: VÍCIOS TÊM CURA,ÚNICO,,RIO DE JANEIRO,UNIPRO EDITORA,2014,DOAÇÃO CORUJÃO DE INFORMÁTICA,1ª,,
1086/2019,04/09/19,CDD-158.1,1. Autoajuda,"SAMPAIO, Francisco Deon",O PENSAMENTO ESCRITO,ÚNICO,,"JUAZEIRO DO NORTE, CE",BUREAU DE SERVIÇOS GRÁFICOS,2016,DOAÇÃO CORUJÃO DE INFORMÁTICA,1ª,,
1087/2019,04/09/19,CDD-869.91,1. Poesia brasileira,"SOUSA, Francisco Adriano",VIVI UM GRANDE AMOR,ÚNICO,,RIO DE JANEIRO,CÂMARA BRASILEIRA DE JOVENS ESCRITORES,2011,DOAÇÃO CORUJÃO DE INFORMÁTICA,1ª,,
1088/2019,04/09/19,CDD-981.31,1. Municípios - Ceará,"ARAGÃO, R. Batista",CRONOLOGIA DOS MUNICÍPIOS CEARENSES,ÚNICO,,"FORTALEZA, CE",BARRACA DO ESCRITOR CEARENSE,1996,DOAÇÃO CORUJÃO DE INFORMÁTICA,1ª,,
1089/2019,04/09/19,CDD-028.5,1. Família: Literatura infantojuvenil,"MENEZES, Silvana de",TÃO LONGE... TÃO PERTO,ÚNICO,,"BELO HORIZONTE, MG",LÊ,2007,DOAÇÃO CORUJÃO DE INFORMÁTICA,1ª,,
1090/2019,04/09/19,CDD-152,1. Saúde emocional: Psicologia,"MELGOSA, Julián",O PODER DA ESPERANÇA: SEGREDOS DO BEM-ESTAR EMOCIONAL,ÚNICO,1,"TATUÍ, SP",CASA PUBLICADORA BRASILEIRA,2017,DOAÇÃO CORUJÃO DE INFORMÁTICA,1ª,EXTRAVIADO,
1091/2019,04/09/19,CDD-152,1. Saúde emocional: Psicologia,"MELGOSA, Julián",O PODER DA ESPERANÇA: SEGREDOS DO BEM-ESTAR EMOCIONAL,ÚNICO,2,"TATUÍ, SP",CASA PUBLICADORA BRASILEIRA,2017,DOAÇÃO CORUJÃO DE INFORMÁTICA,1ª,,
1092/2019,04/09/19,CDD-869.93,1. Romances: Literatura brasileira,"BUARQUE, Chico",LEITE DERRAMADO,ÚNICO,,SÃO PAULO,COMPANHIA DAS LETRAS,2009,DOAÇÃO CORUJÃO DE INFORMÁTICA,1ª,,
1093/2019,04/09/19,CDD-927.96334,"1. Santos Júnior, Neymar da Silva: Jogador de futebol - Brasil - Biografia","CAIOLI, Luca",NEYMAR: O ÚLTIMO POETA DO FUTEBOL,ÚNICO,,"PORTO ALEGRE, RS",L&PM,2014,DOAÇÃO CORUJÃO DE INFORMÁTICA,1ª,,
1094/2019,04/09/19,CDD-028.5,1. Literatura infantojuvenil,"TWAIN, Mark",O PRÍNCIPE E O MENDIGO,ÚNICO,,SÃO PAULO,SCIPIONE,2001,DOAÇÃO CORUJÃO DE INFORMÁTICA,1ª,,
1095/2019,04/09/19,CDD-869.34,1. Literatura brasileira: Contos,VÁRIOS AUTORES,BELO HORIZONTE: 24 AUTORES,ÚNICO,,"BELO HORIZONTE, MG",MAZZA EDIÇÕES,2012,DOAÇÃO CORUJÃO DE INFORMÁTICA,1ª,,
1096/2019,04/09/19,CDD-869.91,1. Poesia brasileira,"OLIVEIRA, Raimundo Elesbão",A VIDA E O VERSO,ÚNICO,1,"CRATO, CE",EDITORA SONHOS,2009,DOAÇÃO CORUJÃO DE INFORMÁTICA,1ª,,
1097/2019,04/09/19,CDD-780.7,1. Música - Instrução e estudo,"SCHAFER, R. Murray",O OUVIDO PENSANTE,ÚNICO,2,SÃO PAULO,ED. UNESP,2011,DOAÇÃO CORUJÃO DE INFORMÁTICA,2ª,,
1098/2019,04/09/19,CDD-813.872,1. Ficção norte-americana-policiais,"CHANDLER, Raymond",O LONGO ADEUS,VOL. 197,,"PORTO ALEGRE, RS",L&PM,2007,DOAÇÃO CORUJÃO DE INFORMÁTICA,1ª,,
1099/2019,04/09/19,CDD-028.5,1. Literatura infantil,"ROCHA, Vanessa Campos",CADEIRA DE BALANÇO,ÚNICO,,SÃO PAULO,HEDRA,2008,DOAÇÃO CORUJÃO DE INFORMÁTICA,1ª,DOADO PARA A CASA PITIA,
1100/2019,04/09/19,CDD-823.99343,1. Livros e leitura - Ficção: Guerra Mundial,"ZUSAK, Markus",A MENINA QUE ROUBAVA LIVROS,ÚNICO,1,RIO DE JANEIRO,INTRÍNSECA,2008,DOAÇÃO CORUJÃO DE INFORMÁTICA,1ª,,
1101/2019,04/09/19,CDD-241.6,1. Sexualidade: Espiritualidade,"BACH, J. Marcos",SENTIDO ESPIRITUAL DA SEXUALIDADE,ÚNICO,,PETRÓPOLIS,VOZES,1978,DOAÇÃO CORUJÃO DE INFORMÁTICA,1ª,,
1102/2019,04/09/19,CDD-101,1. Filosofia,"TELES, Maria Luiza Silveira",FILOSOFIA PARA JOVENS,ÚNICO,,PETRÓPOLIS,VOZES,1996,DOAÇÃO CORUJÃO DE INFORMÁTICA,4ª,,
1103/2019,04/09/19,CDD-155.413,1. Cognição em crianças,"VYGOTSKY, Lev Semyonovich",A FORMAÇÃO SOCIAL DA MENTE: O DESENVOLVIMENTO DOS PROCESSOS PSICOLÓGICOS SUPERIORES,ÚNICO,,SÃO PAULO,MARTINS FONTES,1994,DOAÇÃO CORUJÃO DE INFORMÁTICA,5ª,,
1104/2019,04/09/19,CDD-248,1. Amadurecimento humano: Espiritualidade: Cristianismo,"DEL-FRARO FILHO, José",OS OBSTÁCULOS AO AMOR E À FÉ: O AMADURECIMENTO HUMANO E A ESPIRITUALIDADE CRISTÃ,ÚNICO,,SÃO PAULO,PAULUS,2009,DOAÇÃO CORUJÃO DE INFORMÁTICA,1ª,,
1105/2019,04/09/19,CDD-920,1. Memórias: Médico - biografia,"GIFONI, José Mauro Mendes","MEMÓRIAS DA ARTE DE APRENDER, ENSINAR E CUIDAR",ÚNICO,,"FORTALEZA, CE",LUMAH PRODUÇÕES CULTURAIS,2016,DOAÇÃO CORUJÃO DE INFORMÁTICA,1ª,,
1106/2019,04/09/19,CDD-900,1. História - Araripe,"CARVALHO, Elisandro","ARARIPE: ""LUGAR ONDE NASCE O DIA""",ÚNICO,,"JUAZEIRO DO NORTE, CE",BUREAU DE SERVIÇOS GRÁFICOS,2011,DOAÇÃO CORUJÃO DE INFORMÁTICA,1ª,,
1107/2019,04/09/19,CDD-869.93,1. Contos: Literatura brasileira,"ANDRADE, Mário de",BRIGA DAS PASTORAS E OUTRAS HISTÓRIAS,ÚNICO,,SÃO PAULO,EDIÇÕES,2016,DOAÇÃO CORUJÃO DE INFORMÁTICA,1ª,,
1108/2019,04/09/19,CDD-306,1. Cultura cearense,VÁRIOS AUTORES,BONITO PRA CHOVER: ENSAIOS SOBRE A CULTURA CEARENSE,ÚNICO,,"FORTALEZA, CE",EDIÇÕES DEMÓCRITO ROCHA,2003,DOAÇÃO CORUJÃO DE INFORMÁTICA,1ª,,
1109/2019,04/09/19,CDD-028.5,1. Literatura infantojuvenil,"BRENMAN, Ilan",O TURBANTE DA SABEDORIA E OUTRAS HISTÓRIAS DE NASRUDIN,ÚNICO,,SÃO PAULO,COMBOIO DE CORDA,2008,DOAÇÃO CORUJÃO DE INFORMÁTICA,1ª,,
1110/2019,04/09/19,CDD-264.9,1. Sacramentais: Cristianismo,VÁRIOS AUTORES,OS SACRAMENTOS E AS BÊNÇÃOS,ÚNICO,,SÃO PAULO,EDIÇÕES PAULINAS,1993,DOAÇÃO CORUJÃO DE INFORMÁTICA,1ª,,
1111/2019,04/09/19,CDD-028.5,1. Literatura infantojuvenil,"BARBOSA, Rogério Andrade",RÔMULO E JÚLIA: OS CARAS-PINTADAS,ÚNICO,,SÃO PAULO,FTD,2006,DOAÇÃO CORUJÃO DE INFORMÁTICA,1ª,,
1112/2019,04/09/19,CDU-614,1. Saúde: Educação profissional,"CASTRO, Janete Lima de",IZABEL DOS SANTOS: A ARTE E A PAIXÃO DE APRENDER FAZENDO,ÚNICO,,"NATAL, RN",OBSERVATÓRIO RH NESC/UFRN,2002,DOAÇÃO CORUJÃO DE INFORMÁTICA,1ª,,
1113/2019,04/09/19,CDD-028.5,1. Literatura infantojuvenil,"SANDRONI, Luciana",O MÁRIO QUE NÃO É DE ANDRADE,ÚNICO,,SÃO PAULO,CLARO ENIGMA,2008,DOAÇÃO CORUJÃO DE INFORMÁTICA,1ª,,
1114/2019,04/09/19,CDD-158.1,1. Técnicas de autoajuda,"ALBERTO, José",GOTAS DE ESPERANÇA E OTIMISMO,ÚNICO,,PETRÓPOLIS,VOZES,1999,DOAÇÃO CORUJÃO DE INFORMÁTICA,20ª,,
1115/2019,04/09/19,CDD-028.5,1. Literatura infantojuvenil,"THOMPSON, Colin",A FAMÍLIA PÂNTANO: APARÊNCIAS,VOL. 4,,SÃO PAULO,ESCARLATE,2010,DOAÇÃO CORUJÃO DE INFORMÁTICA,1ª,,
1116/2019,04/09/19,CDD- 928.6981,1. Biografia – personagens históricos brasileiros.,VÁRIOS AUTORES,PATRONOS,VOL. 1,1,ARARIPE,HB GRÁFICA,2018,DOAÇÃO CORUJÃO DE INFORMÁTICA,1ª,,
1117/2019,04/09/19,CDD-158,1. Mudança de vida: Psicologia aplicada,"CURY, Augusto",12 SEMANAS PARA MUDAR UMA VIDA,ÚNICO,,SÃO PAULO,ACADEMIA DE INTELIGÊNCIA,2007,DOAÇÃO CORUJÃO DE INFORMÁTICA,2ª,,
1118/2019,04/09/19,CDD-158.1,1. Conduta: Vida,"CURY, Augusto",VOCÊ É INSUBSTITUÍVEL,ÚNICO,2,RIO DE JANEIRO,SEXTANTE,2002,DOAÇÃO CORUJÃO DE INFORMÁTICA,1ª,,
1119/2019,04/09/19,CDD-158.2,1. Relação homem-mulher. 2. Relações humanas,"CURY, Augusto",MULHERES BRILHANTES: AS DIFERENÇAS ENTRE AMOR E PAIXÃO,ÚNICO,,RIO DE JANEIRO,SEXTANTE,2017,DOAÇÃO CORUJÃO DE INFORMÁTICA,1ª,,
1120/2019,05/09/19,CDD-915.649,1. Israel: Descrição e viagens,"VERISSIMO, Erico",ISRAEL EM ABRIL,ÚNICO,,SÃO PAULO,GLOBO,1996,DOAÇÃO CORUJÃO DE INFORMÁTICA,10ª,,
1121/2019,05/09/19,CDD-869.935,1. Romances: Século 20: Literatura brasileira,"VERISSIMO, Erico",O RESTO É SILÊNCIO,ÚNICO,,SÃO PAULO,GLOBO,1995,DOAÇÃO CORUJÃO DE INFORMÁTICA,21ª,,
1122/2019,05/09/19,CDD-928.699,1. Brasil: Escritores: Biografia,"VERISSIMO, Erico",SOLO DE CLARINETA: MEMÓRIAS I,VOL. 1,,SÃO PAULO,GLOBO,1995,DOAÇÃO CORUJÃO DE INFORMÁTICA,20ª,,
1123/2019,05/09/19,CDD-928.699,1. Brasil: Escritores: Biografia,"VERISSIMO, Erico",SOLO DE CLARINETA: MEMÓRIAS II,VOL. 2,,SÃO PAULO,GLOBO,1995,DOAÇÃO CORUJÃO DE INFORMÁTICA,9ª,,
1124/2019,05/09/19,CDD-028.5,1. Literatura infantojuvenil,"VERISSIMO, Erico",A VIDA DE JOANA D'ARC,ÚNICO,,SÃO PAULO,GLOBO,1996,DOAÇÃO CORUJÃO DE INFORMÁTICA,16ª,,
1125/2019,05/09/19,CDD-869.935,1. Romances: Século 20: Literatura brasielira,"VERISSIMO, Erico",O TEMPO E O VENTO - O ARQUIPELÁGO II,VOL. 2,2,SÃO PAULO,GLOBO,1995,DOAÇÃO CORUJÃO DE INFORMÁTICA,16ª,DESATUALIZADO,
1126/2019,05/09/19,CDD-028.5,1. Literatura infantojuvenil,"VERISSIMO, Erico",GENTE E BICHOS,ÚNICO,,SÃO PAULO,GLOBO,1996,DOAÇÃO CORUJÃO DE INFORMÁTICA,4ª,,
1127/2019,05/09/19,CDD-869.935,1. Romances: Século 20: Literatura brasileira,"VERISSIMO, Erico",CLARISSA,ÚNICO,,SÃO PAULO,GLOBO,1995,DOAÇÃO CORUJÃO DE INFORMÁTICA,50ª,,
1128/2019,05/09/19,CDD-917.2,1. México: Descrição e viagens,"VERISSIMO, Erico",MÉXICO,ÚNICO,,SÃO PAULO,GLOBO,1996,DOAÇÃO CORUJÃO DE INFORMÁTICA,11ª,,
1129/2019,05/09/19,CDD-869.935,1. Romances: Século 20: Literatura brasielira,"VERISSIMO, Erico",SAGA,ÚNICO,,SÃO PAULO,GLOBO,1995,DOAÇÃO CORUJÃO DE INFORMÁTICA,20ª,,
1130/2019,05/09/19,CDD-869.935,1. Romances: Século 20: Literatura brasielira,"VERISSIMO, Erico",INCIDENTES EM ANTARES,ÚNICO,,SÃO PAULO,GLOBO,1995,DOAÇÃO CORUJÃO DE INFORMÁTICA,45ª,,
1131/2019,05/09/19,CDD-869.935,1. Romances: Século 20: Literatura brasielira,"VERISSIMO, Erico",CAMINHOS CRUZADOS,ÚNICO,,SÃO PAULO,GLOBO,1995,DOAÇÃO CORUJÃO DE INFORMÁTICA,30ª,,
1132/2019,05/09/19,CDD-869.935,1. Romances: Século 20: Literatura brasielira,"VERISSIMO, Erico",GALERIA FOSCA,ÚNICO,,SÃO PAULO,GLOBO,1996,DOAÇÃO CORUJÃO DE INFORMÁTICA,2ª,,
1133/2019,05/09/19,CDD-869.935,1. Romances: Século 20: Literatura brasielira,"VERISSIMO, Erico",NOITE,ÚNICO,,SÃO PAULO,GLOBO,1995,DOAÇÃO CORUJÃO DE INFORMÁTICA,20ª,,
1134/2019,05/09/19,CDD-869.935,1. Romances: Século 20: Literatura brasielira,"VERISSIMO, Erico",O PRISIONEIRO,ÚNICO,,SÃO PAULO,GLOBO,1995,DOAÇÃO CORUJÃO DE INFORMÁTICA,18ª,,
1135/2019,05/09/19,CDD-869.93,1. Romance brasileiro,"AMADO, Jorge",DONA FLOR E SEUS DOIS MARIDOS,ÚNICO,,RIO DE JANEIRO,RECORD/ALTAYA,1995,DOAÇÃO CORUJÃO DE INFORMÁTICA,1ª,,
1136/2019,05/09/19,CDD-Ar860,1. Literatura argentina: Contos,"CORTÁZAR, Júlio",TODOS OS FOGOS O FOGO,ÚNICO,,RIO DE JANEIRO,RECORD/ALTAYA,1996,DOAÇÃO CORUJÃO DE INFORMÁTICA,1ª,,
1137/2019,05/09/19,CDD-M860,1. Literatura mexicana: Romance,"FUENTES, Carlos",A MORTE DE ARTEMIO CRUZ,ÚNICO,,RIO DE JANEIRO,RECORD/ALTAYA,1997,DOAÇÃO CORUJÃO DE INFORMÁTICA,1ª,,
1138/2019,05/09/19,CDD-853,1. Literatura italiana: Romance,"BUZZATI, Dino",O DESERTO DOS TÁRTAROS,ÚNICO,,RIO DE JANEIRO,RECORD/ALTAYA,1996,DOAÇÃO CORUJÃO DE INFORMÁTICA,1ª,,
1139/2019,05/09/19,CDD-869.93,1. Romance brasileiro,"AMADO, Jorge","GABRIELA, CRAVO E CANELA",ÚNICO,,RIO DE JANEIRO,RECORD/ALTAYA,1996,DOAÇÃO CORUJÃO DE INFORMÁTICA,1ª,,
1140/2019,05/09/19,CDD-893.1,1. Literatura egípcia: Romance,"MAHFUZ, Nagib",O PALÁCIO DO DESEJO,VOL. 2,,RIO DE JANEIRO,RECORD/ALTAYA,1996,DOAÇÃO CORUJÃO DE INFORMÁTICA,1ª,,
1141/2019,05/09/19,CDD-813,1. Literatura norte-americana,"FITZGERALD, F. Scott",O GRANDE GATSBY,ÚNICO,,RIO DE JANEIRO,RECORD/ALTAYA,1996,DOAÇÃO CORUJÃO DE INFORMÁTICA,1ª,,
1142/2019,05/09/19,CDD-843,1. Literatura francesa: Romance,"YOURCENAR, Marguerite",MEMÓRIAS DE ADRIANO,ÚNICO,,RIO DE JANEIRO,RECORD/ALTAYA,1995,DOAÇÃO CORUJÃO DE INFORMÁTICA,1ª,,
1143/2019,05/09/19,CDD-813,1. Literatura norte-americana: Romance,"DOCTOROV, E.L.",RAGTIME,ÚNICO,,RIO DE JANEIRO,RECORD/ALTAYA,1996,DOAÇÃO CORUJÃO DE INFORMÁTICA,1ª,,
1144/2019,05/09/19,CDD-P860,1. Literatura peruana: Romance,"LLOSA, MARIO VARGAS",BATISMO DE FOGO,ÚNICO,,RIO DE JANEIRO,RECORD/ALTAYA,1995,DOAÇÃO CORUJÃO DE INFORMÁTICA,1ª,,
1145/2019,05/09/19,CDD-920,1. Biografia: Jornalística,"MORAIS, Fernando",OLGA,ÚNICO,,RIO DE JANEIRO,RECORD/ALTAYA,1996,DOAÇÃO CORUJÃO DE INFORMÁTICA,1ª,,
1146/2019,06/09/19,CDD-M860,1. Literatura mexicana: Romance,"ESQUIVEL, Laura",COMO ÁGUA PARA CHOCOLATE,ÚNICO,,RIO DE JANEIRO,RECORD/ALTAYA,1995,DOAÇÃO CORUJÃO DE INFORMÁTICA,1ª,,
1147/2019,06/09/19,CDD-843,1. Literatura francesa: Romance,"DURAS, Marguerite",O AMANTE,ÚNICO,,RIO DE JANEIRO,RECORD/ALTAYA,1995,DOAÇÃO CORUJÃO DE INFORMÁTICA,1ª,,
1148/2019,06/09/19,CDD-833,1. Literatura alemã: Romance,"SÜSKIND, Patrick",O PERFUME,ÚNICO,1,RIO DE JANEIRO,RECORD/ALTAYA,1995,DOAÇÃO CORUJÃO DE INFORMÁTICA,1ª,,
1149/2019,06/09/19,CDD-Ch860,1. Literatura chilena: Romance,"ALLENDE, Isabel",DE AMOR E DE SOMBRA,ÚNICO,,RIO DE JANEIRO,RECORD/ALTAYA,NÃO CONSTA,DOAÇÃO CORUJÃO DE INFORMÁTICA,1ª,,
1150/2019,06/09/19,CDD-823,1. lLiteratura inglesa: Romance,"MAUGHAM, W. Somerset",UM GOSTO E SEIS VINTÉNS,ÚNICO,,RIO DE JANEIRO,RECORD/ALTAYA,NÃO CONSTA,DOAÇÃO CORUJÃO DE INFORMÁTICA,1ª,,
1151/2019,06/09/19,CDD-843,1. Literatura francesa: Romance,"CAMUS, Albert",O ESTRANGEIRO,ÚNICO,,RIO DE JANEIRO,RECORD/ALTAYA,NÃO CONSTA,DOAÇÃO CORUJÃO DE INFORMÁTICA,1ª,,
1152/2019,06/09/19,CDD-813,1. Literatura norte-americana: Romance,"MAILER, Norman",OS NUS E OS MORTOS,VOL. 1,,RIO DE JANEIRO,RECORD/ALTAYA,NÃO CONSTA,DOAÇÃO CORUJÃO DE INFORMÁTICA,1ª,,
1153/2019,06/09/19,CDD-869.93,1. Romance brasileiro,"RAMOS, Graciliano",MEMÓRIAS DO CÁRCERE,VOL. 2,,RIO DE JANEIRO,RECORD/ALTAYA,NÃO CONSTA,DOAÇÃO CORUJÃO DE INFORMÁTICA,1ª,DESATUALIZADO,
1154/2019,06/09/19,CDD-833,1. Literatura alemã: Romance,"GRASS, Günter",O TAMBOR,VOL. 2,,RIO DE JANEIRO,RECORD/ALTAYA,NÃO CONSTA,DOAÇÃO CORUJÃO DE INFORMÁTICA,1ª,,
1155/2019,06/09/19,CDD-158.1,1. Conduta: Liderança da mente,"CURY, Augusto",LIDERE SUA MENTE: SEJA AUTOR(A) DA PRÓPRIA HISTÓRIA,ÚNICO,,SÃO PAULO,GOLD EDITORA LTDA,NÃO CONSTA,DOAÇÃO CORUJÃO DE INFORMÁTICA,NÃO CONSTA,,
1156/2019,06/09/19,CDD-158.1,1. Psicologia: Estresse,"CURY, Augusto",CONTROLE O ESTRESSE: SAIBA COMO ENCONTRAR EQUILÍBRIO,ÚNICO,1,SÃO PAULO,GOLD EDITORA LTDA,2014,DOAÇÃO CORUJÃO DE INFORMÁTICA,NÃO CONSTA,,
1157/2019,06/09/19,CDD-158.1,1. Psicologia: Emoção,"CURY, Augusto",PROTEJA SUA EMOÇÃO: APRENDA A TER A MENTE LIVRE E SAUDÁVEL,ÚNICO,,SÃO PAULO,GOLD EDITORA LTDA,2014,DOAÇÃO CORUJÃO DE INFORMÁTICA,NÃO CONSTA,,
1158/2019,06/09/19,CDD-158.1,1. Psicologia: Autocontrole,"CURY, Augusto",AUTOCONTROLE: VENÇA OS FANTASMAS DA EMOÇÃO,ÚNICO,2,SÃO PAULO,GOLD EDITORA LTDA,2015,DOAÇÃO CORUJÃO DE INFORMÁTICA,NÃO CONSTA,,
1159/2019,06/09/19,CDD-158.1,1. Psicologia: Memória,"CURY, Augusto",VÁ MAIS LONGE: TREINE SUA MEMÓRIA E SUA INTELIGÊNCIA,ÚNICO,1,SÃO PAULO,GOLD EDITORA LTDA,2014,DOAÇÃO CORUJÃO DE INFORMÁTICA,NÃO CONSTA,,
1160/2019,06/09/19,CDD-158.1,1. Psicologia: Motivacional,"CURY, Augusto",SONHOS E DISCIPLINA: TRANSFORME SEUS PROJETOS EM REALIDADE,ÚNICO,,SÃO PAULO,GOLD EDITORA LTDA,2014,DOAÇÃO CORUJÃO DE INFORMÁTICA,NÃO CONSTA,,
1161/2019,06/09/19,CDD-658.4092,1. Liderança: Motivação,"CURY, Augusto",SUCESO: QUEM VENCE SEM RISCOS TRIUNFA SEM GLÓRIA,ÚNICO,,RIO DE JANEIRO,SEXTANTE,2017,DOAÇÃO CORUJÃO DE INFORMÁTICA,1ª,,
1162/2019,06/09/19,CDD-869.93,1. Pais e Filhos - Ficção brasileira,"CURY, Augusto",FAMÍLIA: OS SEGREDOS DAS FAMÍLIAS SAUDÁVEIS,ÚNICO,1,RIO DE JANEIRO,SEXTANTE,2017,DOAÇÃO CORUJÃO DE INFORMÁTICA,1ª,,
1163/2019,06/09/19,CDD-242.722,1. Pai-nosso - Comentários,"CURY, Augusto",A SABEDORIA NOSSA DE CADA DIA,VOL. 2,,RIO DE JANEIRO,SEXTANTE,2013,DOAÇÃO CORUJÃO DE INFORMÁTICA,1ª,,
1164/2019,06/09/19,CDD-226.9607,1. Pai-nosso - Comentários,"CURY, Augusto",OS SEGREDOS DO PAI-NOSSO ,VOL. 1,1,RIO DE JANEIRO,SEXTANTE,2013,DOAÇÃO CORUJÃO DE INFORMÁTICA,1ª,,
1165/2019,06/09/19,CDD-152,1. Autoestima: Bem-estar: Desenvolvimento pessoal,"MELGOSA, Julián",O PODER DA ESPERANÇA: SEGREDOS DO BEM-ESTAR EMOCIONAL,ÚNICO,3,"TATUÍ, SP",CASA PUBLICADORA BRASILEIRA,2017,DOAÇÃO CORUJÃO DE INFORMÁTICA,1ª,,
1166/2019,06/09/19,CDD-028.5,1. Literatura infantojuvenil americana,"STEAD, Rebecca",AMANHÃ VOCÊ VAI ENTENDER,ÚNICO,1,RIO DE JANEIRO,INTRÍNSECA,2011,DOAÇÃO CORUJÃO DE INFORMÁTICA,1ª,,
1167/2019,06/09/19,CDD-028.5,1. Literatura infantojuvenil,"REY, Marcos",O MISTÉRIO DO CINCO ESTRELAS,ÚNICO,,SÃO PAULO,ÁTICA,1995,DOAÇÃO CORUJÃO DE INFORMÁTICA,13ª,EXTRAVIADO,
1168/2019,06/09/19,CDD-869.93,1. Romance brasileiro,"QUEIROZ, Rachel de",O QUINZE,ÚNICO,1,RIO DE JANEIRO,JOSÉ OLYMPIO,2004,DOAÇÃO CORUJÃO DE INFORMÁTICA,74ª,,
1169/2019,06/09/19,CDD-028.5,1. Ficção infantojuvenil americana,"PALACIO, R. J. ",EXTRAORDINÁRIO,ÚNICO,1,RIO DE JANEIRO,INTRÍNSECA,2014,DOAÇÃO CORUJÃO DE INFORMÁTICA,2ª,,
1170/2019,06/09/19,CDD-823,1. Romance inglês,"GREENE, Graham",O FATOR HUMANO,ÚNICO,,SÃO PAULO,ABRIL CULTURAL,1982,DOAÇÃO CORUJÃO DE INFORMÁTICA,1ª,,
1171/2019,06/09/19,CDD-028.5,1. Literatura juvenil,"OPPEL, Kenneth",ASA-DE-PRATA,ÚNICO,,RIO DE JANEIRO,JOSÉ OLYMPIO,2007,DOAÇÃO CORUJÃO DE INFORMÁTICA,1ª,,
1172/2019,06/09/19,CDD-179.9,1. Paciência,"RYAN, Maria Jane",O PODER DA PACIÊNCIA,ÚNICO,1,RIO DE JANEIRO,SEXTANTE,2006,DOAÇÃO CORUJÃO DE INFORMÁTICA,4ª,,
1173/2019,06/09/19,CDD-028.5,1. Literatura infantojuvenil brasielira,"CARRASCOZA, João Anzanello",A VIDA NAQUELA HORA,ÚNICO,,SÃO PAULO,SCIPIONE,2013,DOAÇÃO CORUJÃO DE INFORMÁTICA,1ª,,
1174/2019,06/09/19,CDD-133.9,1. Romance espírita: Espiritismo,"GASPARETTO, Zibia",LAÇOS ETERNOS,ÚNICO,1,SÃO PAULO,VIDA & CONSCIÊNCIA,2008,DOAÇÃO CORUJÃO DE INFORMÁTICA,69ª,,
1175/2019,06/09/19,CDD-B869,1. Literatura brasileira,"SOUZA, Adilio Junior de",VIDAS CRUZADAS & VIDROS QUEBRADOS,ÚNICO,,"PARÁ DE MINAS, MG",VIRTUALBOOKS,2016,DOAÇÃO CORUJÃO DE INFORMÁTICA,1ª,,
1176/2019,06/09/19,CDD-869.935,1. Ficção: Século 20: Literatura brasileira,"VIANCO, André",O SENHOR DA CHUVA,ÚNICO,,"OSASCO, SP",NOVO SÉCULO ,2001,DOAÇÃO CORUJÃO DE INFORMÁTICA,1ª,,
1177/2019,06/09/19,CDD-869.93,1. Crônicas brasileiras,"SABINO, Fernando",O HOMEM NU,ÚNICO,,RIO DE JANEIRO,RECORD,1976,DOAÇÃO CORUJÃO DE INFORMÁTICA,13ª,,
1178/2019,06/09/19,CDD-028.5,1. Literatura infantojuvenil,"HUGO, Victor",OS MISERÁVEIS,VOL. 4,1,SÃO PAULO,FTD,2001,DOAÇÃO CORUJÃO DE INFORMÁTICA,1ª,,
1179/2019,06/09/19,CDD-923.7812,"1. Schwartz, Morrie S.: Biografia","ALBOM, Mitch",A ÚLTIMA GRANDE LIÇÃO: O SENTIDO DA VIDA,ÚNICO,,RIO DE JANEIRO,SEXTANTE,2008,DOAÇÃO CORUJÃO DE INFORMÁTICA,1ª,,
1180/2019,06/09/19,CDD-922,1. Autismo - Pacientes - Biografia,"GRANDIN, Temple",UMA MENINA ESTRANHA: AUTOBIOGRAFIA DE UMA AUTISTA,ÚNICO,2,SÃO PAULO,EDITORA DAS LETRINHAS,2012,DOAÇÃO CORUJÃO DE INFORMÁTICA,1ª,,
1181/2019,06/09/19,CDD-869.93,1. Contos brasileiros,"ALCÂNTARA, Ricardo",CRIMES TROPICAIS,ÚNICO,,SÃO PAULO,ESCRITURAS EDITORA,2009,DOAÇÃO CORUJÃO DE INFORMÁTICA,1ª,,
1182/2019,06/09/19,CDD-232.91,1. Vida espiritual - Igreja católica,"MANZOTTI, Reginaldo",10 RESPOSTAS QUE VÃO MUDAR SUA VIDA,ÚNICO,,RIO DE JANEIRO,EDIOURO,2010,DOAÇÃO CORUJÃO DE INFORMÁTICA,1ª,,
1183/2019,06/09/19,CDD-869.93,1. Romance brasileiro,"ALMEIDA, Manuel Antônio de",MEMÓRIAS DE UM SARGENTO DE MILÍCIAS,ÚNICO,4,"JARAGUÁ DO SUL, SC",GRÁFICA AVENIDA,2005,DOAÇÃO CORUJÃO DE INFORMÁTICA,5ª,,
1184/2019,06/09/19,CDD-813,1. Romance estadunidense,"VIDAL, Gore",À PROCURA DO REI,ÚNICO,,RIO DE JANEIRO,ROCCO,1988,DOAÇÃO CORUJÃO DE INFORMÁTICA,1ª,EXTRAVIADO,
1185/2019,06/09/19,CDD-823.91,1. Romance inglês,"GREENE, Graham",EXPRESSO DO ORIENTE,ÚNICO,,SÃO PAULO,ABRIL CULTURAL,1984,DOAÇÃO CORUJÃO DE INFORMÁTICA,1ª,,
1186/2019,06/09/19,CDD-028.5,1. Literatura infantojuvenil,"SHELDON, Sidney",CORRIDA PELA HERANÇA,ÚNICO,,RIO DE JANEIRO,RECORD,1997,DOAÇÃO CORUJÃO DE INFORMÁTICA,4ª,EXTRAVIADO,
1187/2019,06/09/19,CDD-869.93,1. Ficção brasileira ,"CURY, Augusto",EM BUSCA DO SENTIDO DA VIDA,ÚNICO,,SÃO PAULO,PLANETA,2013,DOAÇÃO CORUJÃO DE INFORMÁTICA,2ª,EXTRAVIADO,
1188/2019,06/09/19,CDD-028.5,1. Literatura infantojuvenil,"SOLLER-PONT, Anna",O PRÍNCIPE MEDROSO E OUTROS CONTOS AFRICANOS,ÚNICO,,SÃO PAULO,COMPANHIA DAS LETRAS,NÃO CONSTA,DOAÇÃO CORUJÃO DE INFORMÁTICA,NÃO CONSTA,,
1189/2019,06/09/19,CDD-869.93,1. Romance brasileiro,"SABINO, Fernando",O GRANDE MENTECAPTO,ÚNICO,2,RIO DE JANEIRO,RECORD,1994,DOAÇÃO CORUJÃO DE INFORMÁTICA,43ª,,
1190/2019,06/09/19,CDD-253.7,1. Evangelização,"O'DELL, Marilyn",DIÁRIO DE UM SOLDADO,ÚNICO,,RIO DE JANEIRO,GRAÇA,2001,DOAÇÃO CORUJÃO DE INFORMÁTICA,1ª,,
1191/2019,06/09/19,CDD-869.935,1. Romance brasileiro,"SOARES, Jô",O XANGÔ DE BAKER STREET,ÚNICO,,SÃO PAULO,COMPANHIA DAS LETRAS,1995,DOAÇÃO CORUJÃO DE INFORMÁTICA,1ª,,
1192/2019,06/09/19,CDD-028.5,1. Literatura brasileira,"BOJUNGA, Lygia",O ABRAÇO,ÚNICO,1,RIO DE JANEIRO,CASA LYGIA BOJUNGA,2010,DOAÇÃO CORUJÃO DE INFORMÁTICA,6ª,,
1193/2019,06/09/19,CDD-823,1. Romance inglês,"PLAIDY, Jean",O CORAÇÃO DO LEÃO,ÚNICO,,RIO DE JANEIRO,RECORD,1992,DOAÇÃO CORUJÃO DE INFORMÁTICA,2ª,,
1194/2019,06/09/19,CDD-869.93,1. Romance brasileiro,"CARDOSO, Lúcio",CRÔNICA DA CASA ASSASSINADA,ÚNICO,,RIO DE JANEIRO,CIVILIZAÇÃO BRASILEIRA,2000,DOAÇÃO CORUJÃO DE INFORMÁTICA,1ª,,
1195/2019,06/09/19,CDD-869.93,1. Romance brasileiro,"MACEDO, Joaquim Manuel de",A LUNETA MÁGICA,ÚNICO,1,SÃO PAULO,MARTIN CLARET,2006,DOAÇÃO CORUJÃO DE INFORMÁTICA,1ª,,
1196/2019,06/09/19,CDD-028.5,1. Ficção juvenil,"RODRIGUES, Mikhael Línnyker F.",HEROBRINE: A LENDA,ÚNICO,,SÃO PAULO,GERAÇÃO EDITORIAL,2016,DOAÇÃO CORUJÃO DE INFORMÁTICA,1ª,,
1197/2019,06/09/19,CDD-028.5,1. Literatura infantojuvenil,"PRIETO, Heloisa",1001 FANTASMAS,ÚNICO,,NÃO CONSTA,A PÁGINA,2013,DOAÇÃO CORUJÃO DE INFORMÁTICA,NÃO CONSTA,,
1198/2019,06/09/19,CDD-869.98,1. Literatura Brasileira-Crônicas,"BRUM, Eliane",A VIDA QUE NINGUÉM VÊ,ÚNICO,,"PORTO ALEGRE, RS",ARQUIPELÁGO EDITORIAL,2006,DOAÇÃO CORUJÃO DE INFORMÁTICA,1ª,,
1199/2019,06/09/19,CDD-869.93,1. Romance brasileiro,"AMADO, Jorge",A MORTE E A MORTE DE QUINCAS BERRO D'ÁGUA,ÚNICO,2,RIO DE JANEIRO,RECORD,2004,DOAÇÃO CORUJÃO DE INFORMÁTICA,90ª,,
1200/2019,06/09/19,CDD-028.5,1. Literatura infantojuvenil,"CARROLL, Lewis",AS AVENTURAS DE ALICE NO PAÍS DAS MARAVILHAS,VOL. 4,,SÃO PAULO,MARTINS FONTES,2002,DOAÇÃO CORUJÃO DE INFORMÁTICA,1ª,,
1201/2019,06/09/19,CDD-869.93,1. Romance brasileiro,"AZEVEDO, Aluísio",O MULATO,ÚNICO,3,SÃO PAULO,ÁTICA,1998,DOAÇÃO CORUJÃO DE INFORMÁTICA,3ª,,
1202/2019,06/09/19,CDD-028.5,1. Meio ambiente - Literatura infantojuvenil,"TORERO, José Roberto",KUBNO E VELVA: DOIS ALIENÍGENAS VERDES TENTAM ENTENDER O PLANETA AZUL,ÚNICO,,RIO DE JANEIRO,OBJETIVA,2012,,1ª,,
1203/2019,11/09/19,CDD-813,1. Ficção fantástica americana,"MARTIN, George R. R.",A GUERRA DOS TRONOS,VOL. 1,1,RIO DE JANEIRO,LEYA,2015,SEDUC-CE,4ª,,
1204/2019,11/09/19,CDD-813,1. Ficção fantástica americana,"MARTIN, George R. R.",A FÚRIA DOS REIS,VOL. 2,,RIO DE JANEIRO,LEYA,2015,SEDUC-CE,4ª,,
1205/2019,11/09/19,CDD-813,1. Ficção fantástica americana,"MARTIN, George R. R.",A TORMENTA DE ESPADAS,VOL. 3,,RIO DE JANEIRO,LEYA,2015,SEDUC-CE,4ª,,
1206/2019,11/09/19,CDD-813,1. Ficção fantástica americana,"MARTIN, George R. R.",O FESTIM DOS CORVOS,VOL. 4,,RIO DE JANEIRO,LEYA,2015,SEDUC-CE,4ª,,
1207/2019,11/09/19,CDD-813,1. Ficção fantástica americana,"MARTIN, George R. R.",A DANÇA DOS DRAGÕES,VOL. 5,,RIO DE JANEIRO,LEYA,2015,SEDUC-CE,4ª,,
1208/2019,11/09/19,CDD-8323,1. Romances: Literatura inglesa,"ORWELL, George",1984,ÚNICO,2,SÃO PAULO,COMPANHIA DAS LETRAS,2009,SEDUC-CE,1ª,,
1209/2019,11/09/19,CDD-869.9108,1. Antologia: Poesia: Literatura brasileira,"MORAES, Vinicius de",ANTOLOGIA POÉTICA,ÚNICO,,SÃO PAULO,COMPANHIA DAS LETRAS,2009,SEDUC-CE,1ª,,
1210/2019,11/09/19,CDD-869.93,1. Ficção brasileira - Romances,"AZEVEDO, Aluísio",O CORTIÇO,VOL. 103,7,"PORTO ALEGRE, RS",L&PM,2018,SEDUC-CE,1ª,,
1211/2019,11/09/19,CDD-869.93,1. Ficção: Literatura brasileira,"AMADO, Jorge",CAPITÃES DA AREIA,ÚNICO,2,SÃO PAULO,COMPANHIA DAS LETRAS,2008,SEDUC-CE,3ª,,
1212/2019,11/09/19,CDD-823,1. Ficção fantástica inglesa,"TOLKIEN, J. R. R.",O SILMARILLION,ÚNICO,,RIO DE JANEIRO,HARPERCOLLINS,2019,SEDUC-CE,1ª,,
1213/2019,11/09/19,CDD-823,1. Ficção: Literatura inglesa,"ORWELL, George",A REVOLUÇÃO DOS BICHOS: UM CONTO DE FADAS,ÚNICO,2,SÃO PAULO,COMPANHIA DAS LETRAS,2007,SEDUC-CE,1ª,,
1214/2019,11/09/19,CDD-028.5,1. Literatura infantojuvenil,"ROWLING, J. K.",HARRY POTTER E A PEDRA FILOSOFAL,ÚNICO,1,RIO DE JANEIRO,ROCCO,2000,SEDUC-CE,1ª,,
1215/2019,11/09/19,CDD-028.5,1. Literatura infantojuvenil,"ROWLING, J. K.",HARRY POTTER E A CÂMARA SECRETA,ÚNICO,1,RIO DE JANEIRO,ROCCO,2000,SEDUC-CE,1ª,,
1216/2019,11/09/19,CDD-028.5,1. Literatura infantojuvenil,"ROWLING, J. K.",HARRY POTTER E O PRISIONEIRO DE AZKABAN,ÚNICO,1,RIO DE JANEIRO,ROCCO,2000,SEDUC-CE,1ª,,
1217/2019,11/09/19,CDD-028.5,1. Literatura infantojuvenil,"ROWLING, J. K.",HARRY POTTER E O CÁLICE DE FOGO,ÚNICO,,RIO DE JANEIRO,ROCCO,2001,SEDUC-CE,1ª,,
1218/2019,11/09/19,CDD-028.5,1. Literatura infantojuvenil,"ROWLING, J. K.",HARRY POTTER E A ORDEM DA FÊNIX,ÚNICO,1,RIO DE JANEIRO,ROCCO,2003,SEDUC-CE,1ª,,
1219/2019,11/09/19,CDD-028.5,1. Literatura infantojuvenil,"ROWLING, J. K.",HARRY POTTER E O ENIGMA DO PRÍNCIPE,ÚNICO,,RIO DE JANEIRO,ROCCO,2005,SEDUC-CE,1ª,,
1220/2019,11/09/19,CDD-028.5,1. Literatura infantojuvenil,"ROWLING, J. K.",HARRY POTTER E AS RELÍQUIAS DA MORTE,ÚNICO,,RIO DE JANEIRO,ROCCO,2007,SEDUC-CE,1ª,,
1221/2019,11/09/19,CDD-869.93,1. Crônicas: Literatura brasileira,"HATOUM, Milton",UM SOLITÁRIO À ESPREITA: CRÔNICAS,ÚNICO,,SÃO PAULO,COMPANHIA DAS LETRAS,2013,SEDUC-CE,1ª,,
1222/2019,11/09/19,CDD-813,1. Ficção americana,"PALACIO, R. J. ",EXTRAORDINÁRIO,ÚNICO,2,RIO DE JANEIRO,INTRÍNSECA,2013,SEDUC-CE,1ª,,
1223/2019,11/09/19,CDD-813,1. Ficção americana,"GREEN, John",A CULPA É DAS ESTRELAS,ÚNICO,1,RIO DE JANEIRO,INTRÍNSECA,2012,SEDUC-CE,1ª,,
1224/2019,11/09/19,CDD-869.93,1. Romance brasileiro,"ASSIS, Machado de",DOM CASMURRO,VOL. 1,4,SÃO PAULO,MARTIN CLARET,2010,SEDUC-CE,9ª,,
1225/2019,11/09/19,CDD-869.93,1. Romances: Literatura brasileira,"ALENCAR, José de ",SENHORA,VOL. 73,3,SÃO PAULO,MARTIN CLARET,2012,SEDUC-CE,5ª,,
1226/2019,11/09/19,CDD-028.5,1. Literatura infantojuvenil,"FUNKE, Cornelia",CORAÇÃO DE TINTA,ÚNICO,,SÃO PAULO,COMPANHIA DAS LETRAS,2006,SEDUC-CE,1ª,,
1227/2019,11/09/19,CDD-028.5,1. Literatura infantojuvenil irlandesa,"SWIFT, Jonathan",VIAGENS DE GULLIVER,ÚNICO,1,SÃO PAULO,ÁTICA,2008,SEDUC-CE,1ª,,
1228/2019,11/09/19,CDD-741.5,1. Histórias em quadrinhos: Romance brasileiro,"QUEIROZ, Rachel de",O QUINZE (ROTEIRO E ARTE SHIKO),ÚNICO,1,SÃO PAULO,ÁTICA,2012,SEDUC-CE,1ª,,
1229/2019,11/09/19,CDD-940.53492,1. Frank Anne: Guerra Mundial - Narrativas judaicas,"FRANK, Anne",O DIÁRIO DE ANNE FRANK,ÚNICO,1,RIO DE JANEIRO,RECORD,2018,SEDUC-CE,76ª,,
1230/2019,11/09/19,CDD-823,1. Ficção inglesa: Literatura inglesa,"AUSTEN, Jane",ORGULHO E PRECONCEITO,ÚNICO,1,SÃO PAULO,LANDMARK,2012,SEDUC-CE,1ª,EXTRAVIADO,
1231/2019,11/09/19,CDD-920.72,1. Defensora da educação para meninas: Biografia,"YOUSAFZAI, Malala",EU SOU MALALA: A HISTÓRIA DA GAROTA QUE DEFENDE O DIREITO À EDUCAÇÃO E FOI BALEADA PELO TALIBÃ,ÚNICO,1,SÃO PAULO,COMPANHIA DAS LETRAS,2013,SEDUC-CE,1ª,,
1232/2019,11/09/19,CDD-741.5,1. Histórias em quadrinhos: Romance francês,"DUMAS, Alexandre",OS TRÊS MOSQUETEIROS ,ÚNICO,,SÃO PAULO,FAROL LITERÁRIO,2014,SEDUC-CE,1ª,,
1233/2019,11/09/19,CDD-869.93,1. Romance brasileiro,"ASSIS, Machado de",MEMÓRIAS PÓSTUMAS DE BRÁS CUBAS,VOL. 40,4,"PORTO ALEGRE, RS",L&PM,2019,SEDUC-CE,1ª,,
1234/2019,11/09/19,CDD-028.5,1. Literatura infantojuvenil,"DEFOE, Daniel",ROBINSON CRUSOÉ: A CONQUISTA DO MUNDO NUMA ILHA,ÚNICO,,SÃO PAULO,SCIPIONE,2001,SEDUC-CE,18ª,,
1235/2019,11/09/19,CDD-869.93,1. Romance brasileiro,"POMPEIA, Raul",O ATENEU,ÚNICO,2,RIO DE JANEIRO,ZAHAR,2015,SEDUC-CE,1ª,,
1236/2019,11/09/19,CDD-813,1. Vampiros-Ficção: Escolas secundárias-Ficção: Ficção americana,"MEYER, Stephenie",CREPÚSCULO,ÚNICO,,RIO DE JANEIRO,INTRÍNSECA,2009,SEDUC-CE,3ª,,
1237/2019,11/09/19,CDD-813,1. Ficção americana,"MEYER, Stephenie",LUA NOVA,ÚNICO,2,RIO DE JANEIRO,INTRÍNSECA,2008,SEDUC-CE,2ª,,
1238/2019,11/09/19,CDD-813,1. Ficção americana,"MEYER, Stephenie",ECLIPSE,ÚNICO,,RIO DE JANEIRO,INTRÍNSECA,2009,SEDUC-CE,2ª,,
1239/2019,11/09/19,CDD-813,1. Ficção americana,"MEYER, Stephenie",AMANHECER,ÚNICO,2,RIO DE JANEIRO,INTRÍNSECA,2011,SEDUC-CE,1ª,,
1240/2019,11/09/19,CDD-822.33,1. Teatro: Literatura inglesa,"SHAKESPEARE, William","A TRAGÉDIA DE HAMLET, PRÍNCIPE DA DINAMARCA",ÚNICO,,SÃO PAULO,PENGUIN CLASSICS COMPANHIA DAS LETRAS,2015,SEDUC-CE,1ª,EXTRAVIADO,
1241/2019,11/09/19,CDD-823,1. Ficção inglesa,"TIFFANY, John",HARRY POTTER E A CRIANÇA AMALDIÇOADA,ÚNICO,,RIO DE JANEIRO,ROCCO,2016,SEDUC-CE,1ª,,
1242/2019,11/09/19,CDD-869.1,1. Poesia: Literatura moçambicana em português,"COUTO, Mia",POEMAS ESCOLHIDOS,ÚNICO,,SÃO PAULO,COMPANHIA DAS LETRAS,2016,SEDUC-CE,1ª,,
1243/2019,11/09/19,CDD-813,1. Afeganistão-Ficção: Ficção americana,"HOSSEINI, Khaled",O CAÇADOR DE PIPAS,ÚNICO,,SÃO PAULO,GLOBO LIVROS,2013,SEDUC-CE,1ª,,
1244/2019,11/09/19,CDD-B869.93,1. Literatura brasileira - Crônicas,"VERISSIMO, Luis Fernando",COMÉDIAS PARA SE LER NA ESCOLA,ÚNICO,,RIO DE JANEIRO,OBJETIVA,2001,SEDUC-CE,1ª,,
1245/2019,11/09/19,CDD-869.91,1. Poesia brasileira,"MELO NETO, João Cabral de","MORTE E VIDA SEVERINA; E, OUTROS POEMAS",ÚNICO,,RIO DE JANEIRO,OBJETIVA,2007,SEDUC-CE,1ª,,
1246/2019,11/09/19,CDD-823,1. Ficção inglesa,"HUXLEY, Aldous",ADMIRÁVEL MUNDO NOVO,ÚNICO,1,SÃO PAULO,GLOBO,2014,SEDUC-CE,22ª,,
1247/2019,11/09/19,CDD-869.93,1. Romance brasileiro,"LISPECTOR, Clarice",PERTO DO CORAÇÃO SELVAGEM,ÚNICO,1,RIO DE JANEIRO,ROCCO,1998,SEDUC-CE,1ª,,
1248/2019,13/09/19,CDD-230.6732,1. Esperança: Cristianismo,"WHITE, Ellen G.",EM BUSCA DE ESPERANÇA: O MAIOR RESGATE DE TODOS OS TEMPOS,ÚNICO,1,"TATUÍ, SP",CASA PUBLICADORA BRASILEIRA,2016,DOAÇÃO CORUJÃO DE INFORMÁTICA,1ª,,
1249/2019,13/09/19,CDD-230.6732,1. Esperança: Cristianismo,"WHITE, Ellen G.",EM BUSCA DE ESPERANÇA: O MAIOR RESGATE DE TODOS OS TEMPOS,ÚNICO,2,"TATUÍ, SP",CASA PUBLICADORA BRASILEIRA,2016,DOAÇÃO CORUJÃO DE INFORMÁTICA,1ª,,
1250/2019,13/09/19,CDD-613,1. Promoção da saúde,"FINLEY, Mark",VIVA COM ESPERANÇA: SEGREDOS PARA TER SAÚDE E QUALIDADE DE VIDA,ÚNICO,1,"TATUÍ, SP",CASA PUBLICADORA BRASILEIRA,2014,DOAÇÃO CORUJÃO DE INFORMÁTICA,1ª,,
1251/2019,13/09/19,CDD-613,1. Promoção da saúde,"FINLEY, Mark",VIVA COM ESPERANÇA: SEGREDOS PARA TER SAÚDE E QUALIDADE DE VIDA,ÚNICO,2,"TATUÍ, SP",CASA PUBLICADORA BRASILEIRA,2014,DOAÇÃO CORUJÃO DE INFORMÁTICA,1ª,,
1252/2019,13/09/19,CDD-236,1. Ecscatologia: Teologia cristã,"WHITE, Ellen G.",A GRANDE ESPERANÇA: VIVA COM A CERTEZA DE QUE VAI TERMINAR TUDO BEM,ÚNICO,2,"TATUÍ, SP",CASA PUBLICADORA BRASILEIRA,2011,DOAÇÃO CORUJÃO DE INFORMÁTICA,2ª,,
1253/2019,13/09/19,CDD-236,1. Ecscatologia: Teologia cristã,"WHITE, Ellen G.",A GRANDE ESPERANÇA: VIVA COM A CERTEZA DE QUE VAI TERMINAR TUDO BEM,ÚNICO,3,"TATUÍ, SP",CASA PUBLICADORA BRASILEIRA,2011,DOAÇÃO CORUJÃO DE INFORMÁTICA,1ª,,
1254/2019,13/09/19,CDD-234.25,1. Esperança: Cristianismo,"CHAIJ, Enrique",AINDA EXISTE ESPERANÇA: A SOLUÇÃO PARA OS PROBLEMAS DA VIDA,ÚNICO,1,"TATUÍ, SP",CASA PUBLICADORA BRASILEIRA,2010,DOAÇÃO CORUJÃO DE INFORMÁTICA,1ª,,
1255/2019,13/09/19,CDD-234.25,1. Esperança: Cristianismo,"CHAIJ, Enrique",AINDA EXISTE ESPERANÇA: A SOLUÇÃO PARA OS PROBLEMAS DA VIDA,ÚNICO,2,"TATUÍ, SP",CASA PUBLICADORA BRASILEIRA,2010,DOAÇÃO CORUJÃO DE INFORMÁTICA,1ª,,
1256/2019,13/09/19,CDD-234.25,1. Esperança: Cristianismo,"BULLÓN, Alejandro",A ÚNICA ESPERANÇA: ENCONTRE O REAL SENTIDO DA VIDA,ÚNICO,1,"TATUÍ, SP",CASA PUBLICADORA BRASILEIRA,2013,DOAÇÃO CORUJÃO DE INFORMÁTICA,1ª,,
1257/2019,13/09/19,CDD-234.25,1. Esperança: Cristianismo,"BULLÓN, Alejandro",A ÚNICA ESPERANÇA: ENCONTRE O REAL SENTIDO DA VIDA,ÚNICO,2,"TATUÍ, SP",CASA PUBLICADORA BRASILEIRA,2013,DOAÇÃO CORUJÃO DE INFORMÁTICA,1ª,,
1258/2019,13/09/19,CDD-234.25,1. Esperança: Cristianismo,"BULLÓN, Alejandro",A ÚNICA ESPERANÇA: ENCONTRE O REAL SENTIDO DA VIDA,ÚNICO,3,"TATUÍ, SP",CASA PUBLICADORA BRASILEIRA,2013,DOAÇÃO CORUJÃO DE INFORMÁTICA,1ª,,
1259/2019,13/09/19,CDD-230,1. Teologia cristã: Religião,"SARAIVA, Ivan",ESPERANÇA VIVA: UMA ESCOLHA INTELIGENTE,ÚNICO,,"TATUÍ, SP",CASA PUBLICADORA BRASILEIRA,2016,DOAÇÃO CORUJÃO DE INFORMÁTICA,2ª,,
1260/2019,13/09/19,CDD-236.9,1. Segunda vinda de Jesus: Profecias: Escatologia: Cristianismo,"BULLÓN, Alejandro",SINAIS DE ESPERANÇA: UMA LEITURA SURPREENDENTE DOS ACONTECIMENTOS ATUAIS,ÚNICO,,"TATUÍ, SP",CASA PUBLICADORA BRASILEIRA,2008,DOAÇÃO CORUJÃO DE INFORMÁTICA,1ª,,
1261/2019,13/09/19,CDD-869.91,1. Poesia: Literatura brasileira,"ARAGÃO, Caetano Ximenes",ROMANCEIRO DE BÁRBARA,ÚNICO,,"FORTALEZA, CE",SECULT/CE,2011,DOAÇÃO CORUJÃO DE INFORMÁTICA,2ª,,
1262/2019,13/09/19,CDD-370.11,1. Educação - Finalidades e objetivos,"LIBANIO, João Batista",A ARTE DE FORMAR-SE,ÚNICO,,SÃO PAULO,EDIÇÕES LOYOLA,2002,DOAÇÃO CORUJÃO DE INFORMÁTICA,4ª,,
1263/2019,13/09/19,CDD-133.9,1. Romance espírita: Espiritismo,"CASTRO, Mônica de",GÊMEAS: NÃO SE SEPARA O QUE A VIDA JUNTOU,ÚNICO,,SÃO PAULO,CENTRO DE ESTUDOS VIDA & CONSCIÊNCIA,2010,DOAÇÃO CORUJÃO DE INFORMÁTICA,1ª,,
1264/2019,13/09/19,CDD-398.0891497081,1. Lendas ciganas - Brasil: Contos folclóricos ciganos,"PEREIRA, Cristina da Costa",LENDAS E HISTÓRIAS CIGANAS,ÚNICO,,RIO DE JANEIRO,IMAGO ED.,1991,DOAÇÃO CORUJÃO DE INFORMÁTICA,1ª,,
1265/2019,13/09/19,CDD-371.3078,1. Jogos educativos: Brinquedos - Aspectos educacionais,VÁRIOS AUTORES,BRINCANDO NO CARIRI,ÚNICO,,RECIFE,URCA,2014,DOAÇÃO CORUJÃO DE INFORMÁTICA,1ª,,
1266/2019,13/09/19,CDD-869.8,"1. Pessoa, Fernanda: Prosa portuguesa","PESSOA, Fernando",ALGUMA PROSA,ÚNICO,,RIO DE JANEIRO,NOVA FRONTEIRA,1990,DOAÇÃO CORUJÃO DE INFORMÁTICA,5ª,,
1267/2019,13/09/19,CDD-869.91,1. Poesia: Literatura brasileira,VÁRIOS AUTORES,ANTOLOGIA II,VOL. 2,,"RIO CLARO, MG",DEGASPARI,1999,DOAÇÃO CORUJÃO DE INFORMÁTICA,1ª,,
1268/2019,13/09/19,CDD-294.356,1. Amor: Budismo: Conduta de vida,"RAJNEESH, Bhagwan","VIDA, AMOR, RISO",ÚNICO,,SÃO PAULO,GENTE,,DOAÇÃO CORUJÃO DE INFORMÁTICA,,,
1269/2019,13/09/19,CDD-028.5,1. Literatura infantojuvenil,"RAMOS, Graciliano",A TERRA DOS MENINOS PELADOS,ÚNICO,,RIO DE JANEIRO,RECORD,2008,DOAÇÃO CORUJÃO DE INFORMÁTICA,37ª,,
1270/2019,13/09/19,CDD-305.520981,1. Brasil: Burocracia: Classes sociais,"FAORO, Raymundo",OS DONOS DO PODER: FORMAÇÃO DO PATRONATO POLÍTICO,VOL. 2,,SÃO PAULO,GLOBO,2004,DOAÇÃO CORUJÃO DE INFORMÁTICA,16ª,,
1271/2019,13/09/19,CDD-306.7,1. Comportamento sexual - Juventude,"ABRAMOVAY, Miriam",JUVENTUDES E SEXUALIDADE,ÚNICO,,BRASÍLIA,UNESCO BRASIL,2004,DOAÇÃO CORUJÃO DE INFORMÁTICA,2ª,,
1272/2019,13/09/19,CDD-813,1. Romance americano,"MORRELL, David",JURAMENTO DE VINGANÇA,ÚNICO,,SÃO PAULO,CÍRCULO DO LIVRO,,DOAÇÃO CORUJÃO DE INFORMÁTICA,,EXTRAVIADO/RESSARCIDO COM OUTRO TÍTULO,
1273/2019,13/09/19,CDD-823,1. Ficção inglesa-romances,"DICKENS, Charles",UMA HISTÓRIA DE NATAL,VOL. 4,,"PORTO ALEGRE, RS",L&PM,2003,DOAÇÃO CORUJÃO DE INFORMÁTICA,1ª,,
1274/2019,13/09/19,CDD-649.1,1. Pais - Curso de aprendizado: Família - escola,"SILVA, Wélida Dancini",FILHOS: ESCOLA DE PAIS,ÚNICO,,"MARINGÁ, PR",GRÁFICA REGENTE,2011,DOAÇÃO CORUJÃO DE INFORMÁTICA,1ª,,
1275/2019,13/09/19,CDD-248.844,1. Amor: Casamento - Aspectos religiosos,"OLIVER, Willie",ESPERANÇA PARA A FAMÍLIA: O CAMINHO PARA UM FINAL FELIZ,ÚNICO,1,"TATUÍ, SP",CASA PUBLICADORA BRASILEIRA,2018,DOAÇÃO CORUJÃO DE INFORMÁTICA,1ª,,
1276/2019,13/09/19,CDD-248.844,1. Amor: Casamento - Aspectos religiosos,"OLIVER, Willie",ESPERANÇA PARA A FAMÍLIA: O CAMINHO PARA UM FINAL FELIZ,ÚNICO,2,"TATUÍ, SP",CASA PUBLICADORA BRASILEIRA,2018,DOAÇÃO CORUJÃO DE INFORMÁTICA,1ª,,
1277/2019,13/09/19,CDD-248.844,1. Amor: Casamento - Aspectos religiosos,"OLIVER, Willie",ESPERANÇA PARA A FAMÍLIA: O CAMINHO PARA UM FINAL FELIZ,ÚNICO,3,"TATUÍ, SP",CASA PUBLICADORA BRASILEIRA,2018,DOAÇÃO CORUJÃO DE INFORMÁTICA,1ª,,
1278/2019,13/09/19,CDD-261.5,1. Mulher - suas fases e valorização: Aparência,"CARDOSO, Cristiane",A MULHER V,ÚNICO,,RIO DE JANEIRO,UNIPRO EDITORA,2013,DOAÇÃO CORUJÃO DE INFORMÁTICA,2ª,,
1279/2019,13/09/19,CDD-362.4,1. Deficientes físicos - reabilitação,"ARAÚJO, Hélio de",ANDANÇAS,ÚNICO,,RECIFE,ED. DO AUTOR,2002,DOAÇÃO CORUJÃO DE INFORMÁTICA,1ª,,
1280/2019,13/09/19,CDD-320.51,1. Liberalismo Político,"LOCKE, John",SEGUNDO TRATADO SOBRE O GOVERNO,VOL. 89,,SÃO PAULO,MARTIN CLARET,2002,DOAÇÃO CORUJÃO DE INFORMÁTICA,1ª,,
1281/2019,13/09/19,CDD-869.92,1. Teatro brasileiro,"CARVALHO, Gilmar de",GILMAR DE CARVALHO: TEATRO COMPLETO,ÚNICO,,"FORTALEZA, CE",SECULT/CE,2011,DOAÇÃO CORUJÃO DE INFORMÁTICA,1ª,,
1282/2019,13/09/19,CDD-339.47,1. Consumo (Economia) - Aspectos morais e éticos - Aspectos ambientais,"LEONARD, Annie","A HISTÓRIA DAS COISAS: DA NATUREZA AO LIXO, O QUE ACONTECE COM TUDO QUE CONSUMIMOS",ÚNICO,1,RIO DE JANEIRO,ZAHAR,2011,DOAÇÃO CORUJÃO DE INFORMÁTICA,1ª,,
1283/2019,13/09/19,CDD-028.5,1. Teatro: Literatura infantojuvenil,"BLOCH, Pedro",AS MÃOS DE EURÍDICE,VOL. 4,,SÃO PAULO,MARTINS FONTES,2003,DOAÇÃO CORUJÃO DE INFORMÁTICA,1ª,,
1284/2019,13/09/19,CDD-869.93,1. Crônicas: Literatura brasileira,VÁRIOS AUTORES,DOIS DEDOS DE PROSA,ÚNICO,,"ARARIPE, CE",,2014,DOAÇÃO CORUJÃO DE INFORMÁTICA,1ª,,
1285/2019,13/09/19,CDD-B869,1. Literatura,"SALES, Antonio",RETRATOS E LEMBRANÇAS,ÚNICO,,"FORTALEZA, CE",SECULT/CE,2010,DOAÇÃO CORUJÃO DE INFORMÁTICA,2ª,,
1286/2019,13/09/19,CDD-028.5,1. Literatura infantojuvenil,"LOBATO, Monteiro",REINAÇÕES DE NARIZINHO,VOL. 1,1,SÃO PAULO,GLOBO,2008,DOAÇÃO CORUJÃO DE INFORMÁTICA,2ª,,
1287/2019,13/09/19,CDD-028.5,1. Literatura infantojuvenil,"TAVARES, Clotilde",A BOTIJA,ÚNICO,,SÃO PAULO,EDITORA 34,2006,DOAÇÃO CORUJÃO DE INFORMÁTICA,2ª,,
1288/2019,13/09/19,CDD-028.5,1. Literatura infantojuvenil,"ALENCAR, José de ",UBIRAJARA,VOL. 3,2,SÃO PAULO,MARTINS FONTES,2003,DOAÇÃO CORUJÃO DE INFORMÁTICA,1ª,,
1289/2019,13/09/19,CDD-028.5,1. Literatura infantojuvenil,"LOBATO, Monteiro",REINAÇÕES DE NARIZINHO,VOL. 1,2,SÃO PAULO,GLOBO,2007,DOAÇÃO CORUJÃO DE INFORMÁTICA,1ª,,
1290/2019,13/09/19,CDD-398.5,1. Literatura de cordel infantojuvenil brasileira,VÁRIOS AUTORES,FEIRA DE VERSOS: POESIA DE CORDEL,VOL. 36,,SÃO PAULO,ÁTICA,2005,DOAÇÃO CORUJÃO DE INFORMÁTICA,1ª,,
1291/2019,13/09/19,CDD-028.5,1. Literatura infantojuvenil,"POE, Edgar Allan",HISTÓRIAS EXTRAORDINÁRIAS,,,SÃO PAULO,MELHORAMENTOS,2010,DOAÇÃO CORUJÃO DE INFORMÁTICA,1ª,EXTRAVIADO,
1292/2019,24/09/19,CDD-833,1. Romance alemão,"HESSE, Hermann",O LOBO DA ESTEPE,ÚNICO,,RIO DE JANEIRO,RECORD/ALTAYA,,DOAÇÃO CORUJÃO DE INFORMÁTICA,1ª,,
1293/2019,24/09/19,CDD-Ch860,1. Literatura chilena: Romance,"ALLENDE, Isabel",EVA LUNA,ÚNICO,,RIO DE JANEIRO,RECORD/ALTAYA,,DOAÇÃO CORUJÃO DE INFORMÁTICA,1ª,,
1294/2019,24/09/19,CDD-928.1,"1. Hanff, Helene - Biografia","HANFF, Helene","""84 CHARING CROSS ROAD""; E A 2ª PARTE, A DUQUESA DE BLOOMSBURY",ÚNICO,,RIO DE JANEIRO,CASA-MARIA EDITORIAL/LTC,1988,DOAÇÃO CORUJÃO DE INFORMÁTICA,1ª,,
1295/2019,24/09/19,CDD-813,1. Ficção: Literatura norte-americana,"FITZGERALD, F. Scott",O CURIOSO CASO DE BENJAMIN BUTTON,ÚNICO,,RIO DE JANEIRO,EDIOURO PARTICIPAÇÕES,2009,DOAÇÃO CORUJÃO DE INFORMÁTICA,2ª,,
1296/2019,24/09/19,CDD-813,1. Ficção: Literatura norte-americana,"SPARKS, Nicholas",1,ÚNICO,,SÃO PAULO,ARQUEIRO,2013,DOAÇÃO ALANI GONÇALVES,1ª,,
1297/2019,24/09/19,CDD-028.5,1. Livros e leitura - Literatura infantil,"NINFA, Parreiras","DO VENTRE AO COLO, DO SOM A LITERATURA: LIVROS PARA BEBÊS E CRIANÇAS",ÚNICO,1,"BELO HORIZONTE, MG",RHJ,2012,DOAÇÃO CORUJÃO DE INFORMÁTICA,1ª,,
1298/2019,24/09/19,CDD-830,1. Literatura alemã,"KAFKA, Franz","A METAMORFOSE, UM ARTISTA DA FOME, CARTA A MEU PAI",ÚNICO,,SÃO PAULO,MARTIN CLARET,2007,DOAÇÃO CORUJÃO DE INFORMÁTICA,1ª,,
1299/2019,24/09/19,CDD-869.96,1. Cartas: Literatura brasileira,"MELO, Fábio de",CARTAS ENTRE AMIGOS,ÚNICO,,SÃO PAULO,EDIOURO,2009,DOAÇÃO CORUJÃO DE INFORMÁTICA,1ª,,
1300/2019,24/09/19,CDD-869.93,1. Romance brasileiro,"MORAIS, Meton Barreto de",PENHASCO,ÚNICO,,"FORTALEZA, CE",REALCE EDITORA & INDÚSTRIA GRÁFICA LTDA,2010,DOAÇÃO CORUJÃO DE INFORMÁTICA,1ª,,
1301/2019,24/09/19,CDD-658.409,1. Liderança: Executivos - Treinamentos,"DI STÉFANO, Rhandy",O LÍDER-COACH: LÍDERES CRIANDO LÍDERES,ÚNICO,,RIO DE JANEIRO,QUALITYMARK EDITORA,2016,DOAÇÃO CORUJÃO DE INFORMÁTICA,1ª,,
1302/2019,24/09/19,CDD-B869.93,1. Crônica brasileira,"DIAS, Cezar",TUBARÃO COM A FACA NAS COSTAS,VOL. 3,,BRASÍLIA,MEC,2006,DOAÇÃO CORUJÃO DE INFORMÁTICA,1ª,,
1303/2019,24/09/19,CDD-923.281,1. Jovens - Brasil: Atividades políticas,"DIRCEU, José",ABAIXO A DITADURA,ÚNICO,,RIO DE JANEIRO,ESPAÇO E TEMPO,1998,DOAÇÃO CORUJÃO DE INFORMÁTICA,1ª,,
1304/2019,24/09/19,CDD-869.9308004,1. Antologias: Crônicas: Séciulo 20: Literatura brasileira,VÁRIOS AUTORES,ANTOLOGIA DE CRÔNICAS,ÚNICO,,SÃO PAULO,EDIOURO,2004,DOAÇÃO CORUJÃO DE INFORMÁTICA,2ª,,
1305/2019,24/09/19,CDD-823,1. Romance inglês,"WALLACE, Edgar",UMA CANÇÃO NAS TREVAS,ÚNICO,,SÃO PAULO,ABRIL CULTURAL,1982,DOAÇÃO CORUJÃO DE INFORMÁTICA,1ª,,
1306/2019,24/09/19,CDD-179.9,1. Paciência,"RYAN, Maria Jane",O PODER DA PACIÊNCIA,ÚNICO,2,RIO DE JANEIRO,SEXTANTE,2009,DOAÇÃO CORUJÃO DE INFORMÁTICA,1ª,,
1307/2019,24/09/19,CDD-833,1. Literatura alemã: Romance,"SÜSKIND, Patrick",O PERFUME,ÚNICO,2,RIO DE JANEIRO,RECORD,,DOAÇÃO CORUJÃO DE INFORMÁTICA,1ª,DOADO PARA A CASA PITIA,
1308/2019,24/09/19,CDD-362.293,1. Jovens: Drogas: Prevenção,"TIBA, Içami",JUVENTUDE & DROGAS: ANJOS CAÍDOS,ÚNICO,,SÃO PAULO,INTEGRARE ,2007,DOAÇÃO CORUJÃO DE INFORMÁTICA,1ª,,
1309/2019,24/09/19,CDD-869.93,1. Romance brasileiro,"ASSIS, Machado de",HELENA,ÚNICO,3,RIO DE JANEIRO,RECORD,1990,DOAÇÃO CORUJÃO DE INFORMÁTICA,1ª,,
1310/2019,25/09/19,CDD-306.7,1. Relação homem-mulher: Casais,"PEASE, Allan",COMO VIVER A DOIS,ÚNICO,,RIO DE JANEIRO,SEXTANTE,2012,DOAÇÃO CORUJÃO DE INFORMÁTICA,1ª,,
1311/2019,25/09/19,CDD-616.9792,1. Mobilização Social: Síndrome de imunodeficiência adquirida - Prevenção e controle,VÁRIOS AUTORES,CIDADES POSITHIVAS,VOL. 2,,BRASÍLIA,MINISTÉRIO DA SAÚDE,2002,DOAÇÃO CORUJÃO DE INFORMÁTICA,1ª,,
1312/2019,25/09/19,CDD-372.41,1. Educação: Alfabetização,"FURTADO, Aurilene Oliveira",ROMPENDO FRONTEIRAS: PROJETO SESI - POR UM BRASIL ALFABETIZADO: RELATO DA EXPERIÊNCIA NO DEPARTAMENTO REGIONAL DO CEARÁ,ÚNICO,,"FORTALEZA, CE",SESI/CE,2006,DOAÇÃO CORUJÃO DE INFORMÁTICA,1ª,,
1313/2019,25/09/19,CDD-028.5,1. Literatura infantojuvenil,"GALDINO, Luiz",MISTÉRIO NA CASA DAS RUNAS,ÚNICO,,SÃO PAULO,FTD,1994,DOAÇÃO CORUJÃO DE INFORMÁTICA,1ª,,
1314/2019,25/09/19,CDD-028.5,1. Literatura infantojuvenil,"ARNOLD, Nick",NATUREZA NOJENTA,ÚNICO,,SÃO PAULO,MELHORAMENTOS,2005,DOAÇÃO CORUJÃO DE INFORMÁTICA,1ª,,
1315/2019,25/09/19,CDD-869.93083,1. Estórias realistas: Toxicômanos: Literatura brasileira,"CARRARO, Adelaide",O ESTUDANTE,VOL. 1,,SÃO PAULO,GLOBAL,1999,DOAÇÃO CORUJÃO DE INFORMÁTICA,42ª,DANIFICADO,
1316/2019,25/09/19,CDD-920,"1. Teixeira, Rinaldo Santos, 1973: Autobiografia","TEIXEIRA, Rinaldo Santos","LÉO, O PARDO",VOL. 6,,BRASÍLIA,MEC,2006,DOAÇÃO CORUJÃO DE INFORMÁTICA,1ª,,
1317/2019,25/09/19,CDD-028.5,1. Literatura infantojuvenil,"QUILT, Linda",HISTÓRIAS ARREPIANTES DE CRIANÇAS-PRODÍGIO,ÚNICO,1,SÃO PAULO,COMPANHIA DAS LETRAS,2011,DOAÇÃO CORUJÃO DE INFORMÁTICA,1ª,,
1318/2019,25/09/19,CDD-923.281,1. Brasil: Imperador: Escravos revolucionários: Biografia,"GOMES, Flávio dos Santos","DE OLHO EM ZUMBI DOS PALMARES: HISTÓRIAS, SÍMBOLOS E MEMÓRIA SOCIAL",ÚNICO,,SÃO PAULO,CLARO ENIGMA,2011,,1ª,,
1319/2019,25/09/19,CDD-372.357,1. Ciências - Estudo e ensino,"LEITE, Marcelo",CLONES DEMAIS,ÚNICO,,SÃO PAULO,ÁTICA,2009,,2ª,,
1320/2019,25/09/19,CDD-028.5,1. Literatura infantojuvenil,"NICOLÉLIS, Giselda Laporta",PÁSSARO CONTRA A VIDRAÇA,ÚNICO,,SÃO PAULO,MODERNA,1992,DOAÇÃO CORUJÃO DE INFORMÁTICA,1ª,,
1321/2019,25/09/19,CDD-028.5,1. Literatura infantojuvenil,"COLASANTI, Marina",ENTRE A ESPADA E A ROSA,ÚNICO,,SÃO PAULO,SALAMANDRA,2005,DOAÇÃO CORUJÃO DE INFORMÁTICA,3ª,,
1322/2019,25/09/19,CDD-028.5,1. Literatura infantojuvenil,"SOUSA, Fernando José de",AVENTURA NA SERRA DO MAR,ÚNICO,,"TATUÍ, SP",CASA PUBLICADORA BRASILEIRA,2014,DOAÇÃO CORUJÃO DE INFORMÁTICA,1ª,,
1323/2019,25/09/19,CDD-302.2,1. Comunicação: Técnicas,"TIERNEY, Elizabeth",30 MINUTOS ...PARA MELHORAR SUAS TÉCNICAS DE COMUNICAÇÃO,ÚNICO,,SÃO PAULO,CLIO EDITORA,,DOAÇÃO CORUJÃO DE INFORMÁTICA,1ª,,
1324/2019,25/09/19,CDD-780.981,1. Música popular,"TIMBORÃO, José Ramos",MÚSICA POPULAR: UM TEMA EM DEBATE,ÚNICO,,SÃO PAULO,EDITORA 34,1997,DOAÇÃO CORUJÃO DE INFORMÁTICA,3ª,,
1325/2019,25/09/19,CDD-869.935,1. Crônicas: Século 20: Literatura brasileira,"CORRÊA, Eli",QUE SAUDADE DE VOCÊ! 2: A HISTÓRIA QUE A VIDA ESCREVEU,VOL. 2,,SÃO PAULO,PANORAMA,1999,DOAÇÃO CORUJÃO DE INFORMÁTICA,1ª,,
1326/2019,25/09/19,CDD-813,1.Literatura americana-Novela,"TWAIN, Mark","UM ASSASSINATO, UM MISTÉRIO E UM CASAMENTO",VOL. 4,,RIO DE JANEIRO,OBJETIVA,2001,DOAÇÃO CORUJÃO DE INFORMÁTICA,1ª,,
1327/2019,25/09/19,CDD-843,1. Literatura francesa - Novela,"DUMAS, Alexandre",O MÁSCARA DE FERRO,VOL. 4,,RIO DE JANEIRO,OBJETIVA,2002,DOAÇÃO CORUJÃO DE INFORMÁTICA,1ª,,
1328/2019,25/09/19,CDD-248.4,1. Características da fé: Os inimigos da fé,"MACEDO, Bispo",A VOZ DA FÉ,ÚNICO,,RIO DE JANEIRO,UNIPRO EDITORA,2009,DOAÇÃO CORUJÃO DE INFORMÁTICA,1ª,,
1329/2019,03/10/19,CDD-158.1,1. Motivação (Psicologia),"CURY, Augusto",NUNCA DESISTA DOS SEUS SONHOS,ÚNICO,4,RIO DE JANEIRO,SEXTANTE,2005,DOAÇÃO CORUJÃO DE INFORMÁTICA,1ª,,
1330/2019,03/10/19,CDD-028.5,1. Teatro: Literatura infantojuvenil,"ORTHOF, Sylvia",O CAVALO TRANSPARENTE,VOL. 5,,SÃO PAULO,QUINTETO EDITORIAL,2003,DOAÇÃO CORUJÃO DE INFORMÁTICA,1ª,,
1331/2019,03/10/19,CDD-792,1. Teatro,"BARBOSA, Marcos",CURRAL GRANDE,ÚNICO,,"FORTALEZA, CE",SECULT/CE,2011,DOAÇÃO CORUJÃO DE INFORMÁTICA,1ª,,
1332/2019,03/10/19,CDD-235,1. Vida espiritual - Espírito Santo,"HINN, Benny",BOM DIA ESPÍRITO SANTO,ÚNICO,,SÃO PAULO,BOMPASTOR,2005,DOAÇÃO CORUJÃO DE INFORMÁTICA,2ª,,
1333/2019,03/10/19,CDD-234.25,1. Fé: Teologia dogmática cristã,"SILVA, Carlos Alberto da",DO LIMITE AO INFINITO,ÚNICO,,SÃO PAULO,META PRINT,2012,DOAÇÃO CORUJÃO DE INFORMÁTICA,1ª,,
1334/2019,03/10/19,CDD-869.1,1.Poesia brasileira,"SERPE, Arminda",O MAR E A PALAVRA,ÚNICO,,"FORTALEZA, CE",IMPRECE,2011,DOAÇÃO CORUJÃO DE INFORMÁTICA,1ª,,
1335/2019,03/10/19,CDD-028.5,1. Ficção: Literatura infantojuvenil,"CONY, Carlos Heitor",TOM SAWYER DETETIVE,VOL. 4,,SÃO PAULO,QUINTETO EDITORIAL,2003,DOAÇÃO CORUJÃO DE INFORMÁTICA,1ª,,
1336/2019,03/10/19,CDD-158,1. Amor: Auto-realização,"BUSCAGLIA, Leo F.","VIVENDO, AMANDO & APRENDENDO",ÚNICO,,RIO DE JANEIRO,RECORD,1994,DOAÇÃO CORUJÃO DE INFORMÁTICA,17ª,,
1337/2019,03/10/19,CDD-869.93,1. Conto brasileiro,VÁRIOS AUTORES,HISTÓRIAS DE AMOR,VOL. 22,,SÃO PAULO,ÁTICA,1999,DOAÇÃO CORUJÃO DE INFORMÁTICA,3ª,,
1338/2019,03/10/19,CDD-028.5,1. Literatura infantojuvenil alemã,"RASPE, Rudolf Erich",AS AVENTURAS DO BARÃO DE MUNCHAUSEN,ÚNICO,,SÃO PAULO,ILUMINURAS,2010,DOAÇÃO CORUJÃO DE INFORMÁTICA,1ª,,
1339/2019,03/10/19,CDD-362.293,1. Drogas - Abusos - Aspectos psicológicos,"CARNEIRO, Elizabeth",DROGAS.SEM,ÚNICO,,RIO DE JANEIRO,BESTSELLER,2008,DOAÇÃO CORUJÃO DE INFORMÁTICA,1ª,,
1340/2019,03/10/19,CDD-158.1,1. Mudança de vida: Felicidade,"SILVA, Maria Salette de Assis",PARA QUE MINHA VIDA SE TRANSFORME,ÚNICO,,"CAMPINAS, SP",VERUS,2001,DOAÇÃO CORUJÃO DE INFORMÁTICA,30ª,,
1341/2019,03/10/19,CDD-028.5,1. Literatura infantojuvenil,"LAWRENCE, Carol",O MISTÉRIO DO MAPA PERDIDO,ÚNICO,,SÃO PAULO,CIRANDA CULTURAL,2009,DOAÇÃO CORUJÃO DE INFORMÁTICA,1ª,,
1342/2019,03/10/19,CDD-028.5,1. Literatura infantojuvenil,"VIANA, Vivina de Assis",SABE DE UMA COISA?: DIÁRIO DE UMA ADOLESCENTE,ÚNICO,,SÃO PAULO,ATUAL,1989,DOAÇÃO CORUJÃO DE INFORMÁTICA,15ª,,
1343/2019,03/10/19,CDD-650.14,1. Procura de emprego: Candidatos a emprego,GERANEGÓCIO,PREPARAÇÃO PARA O EMPREGO,ÚNICO,,"PETRÓPOLIS, RJ",ENSINART,2009,DOAÇÃO CORUJÃO DE INFORMÁTICA,1ª,,
1344/2019,03/10/19,CDD-323.6,1. Cidadania: História: Direitos,GERANEGÓCIO,ÉTICA E CIDADANIA,ÚNICO,,"PETRÓPOLIS, RJ",ENSINART,2009,DOAÇÃO CORUJÃO DE INFORMÁTICA,1ª,,
1345/2019,04/10/19,CDD-869.9301,1. Contos brasileiros,VÁRIOS AUTORES,O MELHOR DO CONTO BRASILEIRO,ÚNICO,,RIO DE JANEIRO,JOSÉ OLYMPIO,2011,,18ª,,
1346/2019,04/10/19,CDD-813,1. Romance norte-americano,"HEMINGWAY, Ernest",O SOL TAMBÉM SE LEVANTA,ÚNICO,,SÃO PAULO,NOVA CULTURAL,1995,DOAÇÃO CORUJÃO DE INFORMÁTICA,1ª,,
1347/2019,04/10/19,CDD-891.73,1. Literatura russa: Romance,"TOLSTÓI, Leon Nikolaievitch",ANA KARÊNINA,VOL. 1,,SÃO PAULO,NOVA CULTURAL,1995,DOAÇÃO CORUJÃO DE INFORMÁTICA,1ª,,
1348/2019,04/10/19,CDD-891.73,1. Literatura russa: Romance,"TOLSTÓI, Leon Nikolaievitch",ANA KARÊNINA,VOL. 2,,SÃO PAULO,NOVA CULTURAL,1995,DOAÇÃO CORUJÃO DE INFORMÁTICA,1ª,,
1349/2019,04/10/19,CDD-Ir820,1. Literatura irlandesa: Romance,"SWIFT, Jonathan",VIAGENS DE GULLIVER,ÚNICO,2,SÃO PAULO,NOVA CULTURAL,1996,DOAÇÃO CORUJÃO DE INFORMÁTICA,1ª,,
1350/2019,04/10/19,CDD-823,1. Literatura inglesa: Romance,"DEFOE, Daniel",MOLL FLANDERS,ÚNICO,,SÃO PAULO,NOVA CULTURAL,1996,DOAÇÃO CORUJÃO DE INFORMÁTICA,1ª,,
1351/2019,04/10/19,CDD-891.73,1. Literatura russa: Teatro,"TCHECOV, Anton",AS TRÊS IRMÃS,ÚNICO,,SÃO PAULO,NOVA CULTURAL,1995,DOAÇÃO CORUJÃO DE INFORMÁTICA,1ª,EXTRAVIADO,
1352/2019,04/10/19,CDD-823,1. Literatura inglesa: Romance,"BRONTË, Emily",O MORRO DOS VENTOS UIVANTES,ÚNICO,1,SÃO PAULO,NOVA CULTURAL,1995,DOAÇÃO CORUJÃO DE INFORMÁTICA,1ª,,
1353/2019,04/10/19,CDD-891.73,1. Literatura russa: Romance,"DOSTOIÉVSKI, Fiódor M.",OS IRMÃOS KARAMÁZOVI,ÚNICO,,SÃO PAULO,NOVA CULTURAL,1995,DOAÇÃO CORUJÃO DE INFORMÁTICA,1ª,,
1354/2019,04/10/19,CDD-869.3,1. Literatura portuguesa: Romance,"QUEIRÓS, Eça de",O PRIMO BASÍLIO,ÚNICO,1,SÃO PAULO,NOVA CULTURAL,1996,DOAÇÃO CORUJÃO DE INFORMÁTICA,1ª,,
1355/2019,04/10/19,CDD-843,1. Literatura francesa: Romance,"ZOLA, Émile",GERMINAL,ÚNICO,,SÃO PAULO,NOVA CULTURAL,1996,DOAÇÃO CORUJÃO DE INFORMÁTICA,1ª,,
1356/2019,04/10/19,CDD-843,1. Literatura francesa: Romance,"LACLOS, Choderlos",RELAÇÕES PERIGOSAS,ÚNICO,,SÃO PAULO,NOVA CULTURAL,1995,DOAÇÃO CORUJÃO DE INFORMÁTICA,1ª,,
1357/2019,04/10/19,CDD-843,1. Literatura francesa: Romance,"BALZAC, Honoré de",A MULHER DE TRINTA ANOS,ÚNICO,,SÃO PAULO,NOVA CULTURAL,1995,DOAÇÃO CORUJÃO DE INFORMÁTICA,1ª,,
1358/2019,04/10/19,CDD-Ir820,1. Literatura irlandesa: Romance,"WILDE, Oscar",O RETRATO DE DORIAN GRAY,ÚNICO,1,SÃO PAULO,NOVA CULTURAL,1996,DOAÇÃO CORUJÃO DE INFORMÁTICA,1ª,,
1359/2019,04/10/19,CDD-613,1. Saúde: Nutrição: Leis naturais,"BIAZZI, Eliza M. S.","VIVA NATURAL: ÁGUA, AR, SOL, REPOUSO, ALEGRIA",ÚNICO,,"TATUÍ, SP",CASA PUBLICADORA BRASILEIRA,1995,,1ª,,
1360/2019,04/10/19,CDD-001.81:37.015.3,1. Educação-Estudo: Metodologia científica,"CHINAZZO, Cosme Luiz",INSTRUMENTALIZAÇÃO CIENTÍFICA,ÚNICO,,"PORTO ALEGRE, RS",IMPRENSA LIVRE,2009,DOAÇÃO CORUJÃO DE INFORMÁTICA,1ª,,
1361/2019,04/10/19,CDD-469.8,1. Linguística: Comunicação: Expressão,VÁRIOS AUTORES,COMUNICAÇÃO E EXPRESSÃO,ÚNICO,,CANOAS,ED. ULBRA,2008,DOAÇÃO CORUJÃO DE INFORMÁTICA,1ª,,
1362/2019,04/10/19,CDD-028.5,1. Teatro - Literatura infantojuvenil,"MACHADO, Maria Clara",O DIAMANTE DO GRÃO-MOGOL,VOL. 4,,SÃO PAULO,COMPANHIA DAS LETRAS,2003,DOAÇÃO CORUJÃO DE INFORMÁTICA,1ª,,
1363/2019,04/10/19,CDD-028.5,1. Contos brasileiros,VÁRIOS AUTORES,HISTORINHAS PESCADAS,VOL. 2,,SÃO PAULO,MODERNA,2001,DOAÇÃO CORUJÃO DE INFORMÁTICA,1ª,,
1364/2019,04/10/19,CDD-741.5,1. Histórias em quadrinhos,"ALENCAR, José de ",O ERMITÃO DA GLÓRIA,ÚNICO,,SÃO PAULO,NOOVHA AMÉRICA,2008,DOAÇÃO CORUJÃO DE INFORMÁTICA,1ª,,
1365/2019,04/10/19,CDD-398.20981,1. Literatura popular: Brasileira,"BOCHECO, Eloí Elisabete","BATATA COZIDA, MINGAU DE CARÁ",VOL. 8,2,BRASÍLIA,MEC,2006,DOAÇÃO CORUJÃO DE INFORMÁTICA,1ª,,
1366/2019,04/10/19,CDD-028.5,1. Literatura infantojuvenil,"CRUZ, Nelson",NO LONGE DOS GERAIS,ÚNICO,,SÃO PAULO,COSAC NAIFY,2012,DOAÇÃO CORUJÃO DE INFORMÁTICA,2ª,,
1367/2019,04/10/19,CDU-612.057,1. Sexualidade: Educação,"MEIRA, Luis B.",SEXOS: AQUILO QUE OS PAIS NÃO FALARAM PARA OS FILHOS,ÚNICO,,JOÃO PESSOA,AUTOR ASSOCIADO,2002,DOAÇÃO CORUJÃO DE INFORMÁTICA,68ª,,
1368/2019,04/10/19,CDD-304.667,1. Aborto: Perguntas e Respostas,VÁRIOS AUTORES,"ABORTO: 50 PERGUNTAS, 50 RESPOSTAS EM DEFESA DA VIDA INOCENTE",ÚNICO,,SÃO PAULO,,1996,DOAÇÃO CORUJÃO DE INFORMÁTICA,1ª,DANIFICADO,
1369/2019,04/10/19,CDD-220.6,1.Pecados: Frutos do Espírito Santo,"MACEDO, Edir",A FÉ DE ABRAÃO,ÚNICO,,RIO DE JANEIRO,UNIVERSAL,2015,DOAÇÃO CORUJÃO DE INFORMÁTICA,1ª,,
1370/2019,04/10/19,CDD-252,1. Sermões,"MELO, Raimundo Vieira de",PENSAMENTOS DO PADRE ANTÔNIO VIEIRA,ÚNICO,,"JUAZEIRO DO NORTE, CE",CELIGRÁFICA,1990,DOAÇÃO CORUJÃO DE INFORMÁTICA,1ª,,
1371/2019,04/10/19,CDD-843,1. Literatura francesa: Romance Filosófico,VOLTAIRE,ZADIG OU O DESTINO,VOL. 29,,SÃO PAULO,ESCALA,2008,DOAÇÃO CORUJÃO DE INFORMÁTICA,2ª,,
1372/2019,04/10/19,CDD-028.5,1. Literatura infantojuvenil,"DUPRÉ, Maria José",A MONTANHA ENCANTADA,ÚNICO,,SÃO PAULO,ÁTICA,1994,DOAÇÃO CORUJÃO DE INFORMÁTICA,22ª,,
1373/2019,04/10/19,CDD-133.9013,1. Reencarnação: Almas gêmeas,"WEISS, Brian Leslie",SÓ O AMOR É REAL,ÚNICO,,RIO DE JANEIRO,SEXTANTE,2009,DOAÇÃO CORUJÃO DE INFORMÁTICA,1ª,,
1374/2019,04/10/19,CDD-153.14,1. Mnemônica,"DELL'ISOLA, Alberto",MENTES EXTRAORDINÁRIAS,ÚNICO,,SÃO PAULO,UNIVERSO DOS LIVROS,2018,DOAÇÃO CORUJÃO DE INFORMÁTICA,1ª,,
1375/2019,04/10/19,CDD-823,1. Literatura inglesa: Romance,"BURGESS, Anthony",A ÚLTIMA MISSÃO,ÚNICO,,SÃO PAULO,CÍRCULO DO LIVRO,,DOAÇÃO CORUJÃO DE INFORMÁTICA,1ª,,
1376/2019,04/10/19,CDD-133.91,"1. Van Praagh, James: Espiritismo","VAN PRAAGH, James",ESPÍRITOS ENTRE NÓS,ÚNICO,,RIO DE JANEIRO,SEXTANTE,2010,DOAÇÃO CORUJÃO DE INFORMÁTICA,1ª,,
1377/2019,04/10/19,CDD-658.51,1. Um processo de aprimoramento contínuo: Administração de empresas,"GOLDRATT, Eliyahu M.",A META,ÚNICO,,SÃO PAULO,CLAUDINEY FULLMANN,1993,DOAÇÃO CORUJÃO DE INFORMÁTICA,1ª,,
1378/2019,04/10/19,CDD-028.5,1. Literatura infantojuvenil,"BLOCH, Pedro","GODÓ, O BOBO ALEGRE",ÚNICO,,SÃO PAULO,MODERNA,1983,DOAÇÃO CORUJÃO DE INFORMÁTICA,25ª,,
1379/2019,04/10/19,CDD-741.5,1. Histórias em quadrinhos,"PITTS, Sorrel",SHERLOCK HOLMES: A FAIXA AMARELA,ÚNICO,,SÃO PAULO,FTD,2016,DOAÇÃO CORUJÃO DE INFORMÁTICA,1ª,,
1380/2019,04/10/19,CDD-200,1. Vida cristã,"MEHL, Ron",FINAIS SURPREENDENTES,ÚNICO,,SÃO PAULO,QUADRANGULAR,1996,DOAÇÃO CORUJÃO DE INFORMÁTICA,1ª,,
1381/2019,04/10/19,CDD-928.29,1. Shakespeare: Biografia,"ROZAKIS, Laurie",TUDO SOBRE SHAKESPEARE,ÚNICO,,"BARUERI, SP",MANOLE,2002,DOAÇÃO CORUJÃO DE INFORMÁTICA,1ª,,
1382/2019,09/10/19,CDD-304.28,1. Natureza: proteção: Ecologia humana,"GORBACHEV, Mikhail Sergeevitch",MEU MANIFESTO PELA TERRA,ÚNICO,5,SÃO PAULO,EDITORA PLANETA DO BRASIL,2008,,2ª,,
1383/2019,09/10/19,CDU-37:504(813.1),1. Desenvolvimento urbano e Gestão dos Recursos Hídricos do Ceará,VÁRIOS AUTORES,PROGRAMA DE EDUCAÇÃO AMBIENTAL DO CEARÁ,ÚNICO,5,"FORTALEZA, CE",SEMACE,2009,,3ª,,
1384/2019,16/10/19,CDU-B869.92,1. Literatura brasileira - poesia,VÁRIOS AUTORES,VIDAS EM VERSOS,ÚNICO,,JOÃO PESSOA,IDEIA,2018,DOAÇÃO PROFESSORA JANY  MERY ALENCAR LEITE,1ª,,
1385/2019,18/10/19,CDD-133.9,1. Lucius (Espírito): Romance espírita,"GASPARETTO, Zibia",,ÚNICO,,SÃO PAULO,VIDA & CONSCIÊNCIA,2017,DOAÇÃO ALUNA ANA CARLA RIBEIRO DE OLIVEIRA,1ª,,
1386/2019,18/10/19,CDD-333.72,1. Gestão ambiental: Conservação e proteção do meio ambiente: Economia,"SEIFFERT, Mari Elizabete Bernardini","GESTÃO AMBIENTAL: INSTRUMENTOS, ESFERAS DE AÇÃO E EDUCAÇÃO AMBIENTAL",ÚNICO,,SÃO PAULO,ATLAS,2014,,3ª,,
1387/2019,23/10/19,CDD-232.954,1. Romance brasileiro,"CURY, Augusto",O HOMEM MAIS INTELIGENTE DA HISTÓRIA,ÚNICO,,RIO DE JANEIRO,SEXTANTE,2017,DOAÇÃO CORUJÃO DE INFORMÁTICA,1ª,,
1388/2019,24/10/19,CDD-819.13,1. Ficção canadende ,"YOUNG, William Paul",A CABANA,ÚNICO,2,SÃO PAULO,ARQUEIRO,2017,DOAÇÃO ALUNA KAILANE DE OLIVEIRA LIMA,1ª,,
1389/2019,07/11/19,CDD-869.937,1. Literatura Brasileira: Contos brasileiros,"BENSIMON, Carol",PÓ DE PAREDE,ÚNICO,,"PORTO ALEGRE, RS",NÃO EDITORA,2010,RESSARCIMENTO  ALUNA CLAUDESSANDRA,2ª,,
1390/2019,07/11/19,CDD-869.93,1. Romance brasileiro,"CALLADO, Antonio",A MADONA DE CEDRO,ÚNICO,,SÃO PAULO,CÓDICE,2006,DOAÇÃO ALUNA CLAUDESSANDRA,1ª,,
1391/2019,07/11/19,CDD-028.5,1. Literatura juvenil,"NEIVA, Lia",A GATA DO RIO NILO,ÚNICO,,SÃO PAULO,GLOBO,2011,DOAÇÃO ALUNA ANA CARLA RIBEIRO DE OLIVEIRA,1ª,,
1392/2019,13/11/19,CDD-028.5,1. Literatura infantojuvenil,"BANDEIRA, Pedro",PÂNTANO DE SANGUE,ÚNICO,,SÃO PAULO,MODERNA,1987,DOAÇÃO CORUJÃO DE INFORMÁTICA,1ª,,
1393/2019,13/11/19,CDD-869.93,1. Literatura brasileira: Romance,"GUIMARÃES, Bernardo",O SEMINARISTA,ÚNICO,2,SÃO PAULO,ABC EDITORA,2005,DOAÇÃO CORUJÃO DE INFORMÁTICA,1ª,,
1394/2019,13/11/19,CDD-869.93,1. Romances: Literatura brasileira,"AZEVEDO, Aluísio",O CORTIÇO,ÚNICO,8,SÃO PAULO,MODERNA,1993,DOAÇÃO CORUJÃO DE INFORMÁTICA,1ª,,
1395/2019,13/11/19,CDD-869.93,1. Romances: Literatura brasileira,"CONY, Carlos Heitor","ROSA, VEGETAL DE SANGUE",ÚNICO,,RIO DE JANEIRO,EDIOURO,,,8ª,,
1396/2019,13/11/19,CDD-869.93,1. Crônicas brasileiras,"DIAS, Milton",ENTRE A BOCA DA NOITE E A MADRUGADA,ÚNICO,,"FORTALEZA, CE",UFC,2009,,1ª,,
1397/2019,13/11/19,CDD-133.9,1. Espiritismo: Psicografia,"XAVIER, Francisco Cândido",ENXUGANDO LÁGRIMAS,ÚNICO,,"ARARAS, SP",IDE,1998,DOAÇÃO CORUJÃO DE INFORMÁTICA,21ª,,
1398/2019,13/11/19,CDD-869.93,1. Romances: Literatura brasileira,"ASSIS, Machado de",QUINCAS BORBA,ÚNICO,4,SÃO PAULO,MODERNA,1994,,1ª,,
1399/2019,13/11/19,CDD-028.5,1. Literatura infantojuvenil,"CARR, Stella",PARANÓIA: A SÍNDROME DO MEDO,ÚNICO,,SÃO PAULO,FTD,1993,,7ª,,
1400/2019,13/11/19,CDD-028.5,1. Literatura infantojuvenil: Crônica brasileira,"ANDRADE, Carlos Drummond de",AS PALAVRAS QUE NINGUÉM DIZ,ÚNICO,,RIO DE JANEIRO,RECORD,1998,,3ª,EXTRAVIADO,
1401/2019,20/11/19,CDD-869.93,1. Romance brasileiro,"ALUÍSIO, Azevedo",O CORTIÇO,ÚNICO,9,"BARUERI, SP",CIRANDA CULTURAL,2018,"DOAÇÃO PROJETO ""LEITURA QUE CONSTRÓI""",2ª,,
1402/2019,20/11/19,CDD-869.93,1. Romance brasileiro,"ALENCAR, José de ",IRACEMA,ÚNICO,3,"BARUERI, SP",CIRANDA CULTURAL,2018,"DOAÇÃO PROJETO ""LEITURA QUE CONSTRÓI""",2ª,,
1403/2019,20/11/19,CDD-869.93,1. Romance brasileiro,"ASSIS, Machado de",QUINCAS BORBA,ÚNICO,5,"BARUERI, SP",CIRANDA CULTURAL,2017,"DOAÇÃO PROJETO ""LEITURA QUE CONSTRÓI""",2ª,,
1404/2019,20/12/19,CDD-179.1,1. Ecologia - Aspectos morais e éticos,"JAMIESON, Dale",ÉTICA E MEIO AMBIENTE: UMA INTRODUÇÃO,ÚNICO,,SÃO PAULO,SENAC SÃO PAULO,2010,,1ª,,
1405/2019,20/12/19,CDD-635,1. Horta. Caseira. ,VÁRIOS AUTORES,HORTA EM PEQUENOS ESPAÇOS,ÚNICO,,BRASÍLIA,EMBRAPA,2012,,1ª,,
1406/2019,20/12/19,CDD-869.93,1. Contos: Literatura brasileira,"PELLEGRINI, Domingos",MELHORES CONTOS: DOMINGOS PELLEGRINI,ÚNICO,,SÃO PAULO,GLOBAL,2005,,1ª,,
1407/2019,20/12/19,CDD-580,1. Botânica: espécies vegetais ,VÁRIOS AUTORES,ESPÉCIES VEGETAIS DA CHAPADA DO ARARIPE,ÚNICO,,"FORTALEZA, CE",URCA,2016,,1ª,,
1408/2019,20/12/19,CDU-030=690,1. Língua portuguesa - Dicionários,"FERREIRA, Aurélio Buarque de Holanda",AURÉLIO JÚNIOR: DICIONÁRIO ESCOLAR DA LÍNGUA PORTUGUESA,ÚNICO,4,CURITIBA,POSITIVO,2011,,2ª,,
1409/2019,20/12/19,CDU-030=690,1. Língua portuguesa - Dicionários,"FERREIRA, Aurélio Buarque de Holanda",AURÉLIO JÚNIOR: DICIONÁRIO ESCOLAR DA LÍNGUA PORTUGUESA,ÚNICO,5,CURITIBA,POSITIVO,2011,,2ª,,
1410/2020,14/01/20,CDD-823.8,1. Literatura inglesa - Ficção,"VINEY, Brigit",THE STRANGE CASE OF DR. JEKYLL & MR. HYDE,ÚNICO,,PORTO ALEGRE,EDI-PUCRS,2018,PNLD LITERÁRIO,1ª,,
1411/2020,14/01/20,CDD-869.1,1. Poesia brasileira,"CORALINA, Cora",MELHORES POEMAS CORA CORALINA,ÚNICO,,CURITIBA,A PÁGINA,2018,PNLD LITERÁRIO,5ª,,
1412/2020,14/01/20,CDD-843,1. Narrativa francesa,"GIONO, Jean",O HOMEM QUE PLANTAVA ÁRVORES,ÚNICO,,SÃO PAULO,EDITORA 34,2018,PNLD LITERÁRIO,2ª,EXTRAVIADO E RESSARCIDO,
1413/2020,14/01/20,CDD-940.53,"1. Perlasca, Giorgio, 1910-1992.-Crítica e interpretação: 2. Holocausto judeu: 3. Guerra Mundial, 1939-1945","COGNOLATO, Luca",O HERÓI INVISÍVEL,ÚNICO,,PORTO ALEGRE,EDIPUCRS,2018,PNLD LITERÁRIO,1ª,,
1414/2020,14/01/20,CDD-820,1. Literatura inglesa: 2. Romance social,"DICKENS, Charles",OLIVER TWIST,ÚNICO,,SÃO PAULO,MACMILLAN EDUCATION DO BRASIL,2018,PNLD LITERÁRIO,1ª,,
1415/2020,14/01/20,CDD-808.899282,1. Literatura infantojuvenil brasileira,"DRUMMOND, Regina","LISBOA: UM SONHO, UM PESADELO",ÚNICO,,RIO DE JANEIRO,FGV EDITORA,2018,PNLD LITERÁRIO,2ª,,
1416/2020,14/01/20,CDD-869.3,1. Contos brasileiros,"BRANDÃO, Ignácio de Loyola",CADEIRAS PROIBIDAS,ÚNICO,,CURITIBA,A PÁGINA,2018,PNLD LITERÁRIO,12ª,,
1417/2020,14/01/20,CDD-820,1. Literatura inglesa: Romance,"AUSTEN, Jane",PRIDE AND PREJUDICE,ÚNICO,,SÃO PAULO,MACMILLAN EDUCATION DO BRASIL,2018,PNLD LITERÁRIO,1ª,,
1418/2020,14/01/20,CDD-869.1,1. Poesia brasileira,"MEIRELES, Cecília",MELHORES POEMAS,ÚNICO,,SÃO PAULO,GLOBAL,2018,PNLD LITERÁRIO,2ª,,
1419/2020,14/01/20,CDD-808.899282,1. Literatura infantojuvenil brasileira,"ASSIS, Machado de",MISSA DO GALO E OUTROS CONTOS DE MACHADO DE ASSIS,ÚNICO,,RIO DE JANEIRO,FGV EDITORA,2018,PNLD LITERÁRIO,2ª,,
1420/2020,14/01/20,CDD-808.899282,1. Literatura infantojuvenil brasileira,"ANDRADE, Mário de",O PERU DE NATAL E OUTROS CONTOS DE MÁRIO DE ANDRADE,ÚNICO,,RIO DE JANEIRO,FGV EDITORA,2018,PNLD LITERÁRIO,2ª,,
1421/2020,14/01/20,CDD-702.812,1. Artes visuais 2. Cartema 3. Colagem,"SOARES, Ricardo",URBANO IMAGINÁRIO: UM OUTRO OLHAR SOBRE AS CIDADES,ÚNICO,,SÃO PAULO,SG-AMARANTE,2018,PNLD LITERÁRIO,1ª,,
1422/2020,14/01/20,CDD-869.93,1. Romance brasileiro,"RODRIGUES, Henrique",O PRÓXIMO DA FILA,ÚNICO,,RIO DE JANEIRO,VERUS EDITORA,2018,PNLD LITERÁRIO,1ª,,
1423/2020,14/01/20,CDD-028.5,1. Ficção: Literatura juvenil,"GARDNER, Sally",LUA DE LARVAS,ÚNICO,,SÃO PAULO,EDITORA WMF MARTINS FONTES,2014,PNLD LITERÁRIO,1ª,,
1424/2020,14/01/20,CDD-869.93,1. Ficção: Literatura brasileira,"MIRANDA, Ana",O PESO DA LUZ,ÚNICO,,FORTALEZA,ARMAZÉM DA CULTURA,2013,PNLD LITERÁRIO,1ª,,
1425/2020,14/01/20,CDD-869.91,1. Poesia brasileira,"BOPP, Raul",COBRA NORATO,ÚNICO,,RIO DE JANEIRO,JOSÉ OLYMPIO,2018,PNLD LITERÁRIO,31ª,,
1426/2020,14/01/20,CDD-028.5,1. Ficção infantojuvenil brasileira,"BERNARDO, Gustavo",NANOOK: ELE ESTÁ CHEGANDO,ÚNICO,,RIO DE JANEIRO,SOCIEDADE LITERÁRIA,2018,PNLD LITERÁRIO,1ª,,
1427/2020,15/01/20,CDD-869.1,1. Poesia: Literatura brasileira,"ALEIXO, Ricardo",PALAVREAR,ÚNICO,,SÃO PAULO,TODAVIA,2018,PNLD LITERÁRIO,1ª,,
1428/2020,15/01/20,CDD-891.7,1. Literatura russa: Novela: Século XIX,"DOSTOIÉVSKI, Fiódor",MEMÓRIAS DO SUBSOLO,ÚNICO,,SÃO PAULO,KALINKA,2018,PNLD LITERÁRIO,1ª,,
1429/2020,15/01/20,CDD-895.63,1. Romance japonês,"OGAWA, Yoko",A FÓRMULA PREFERIDA DO PROFESSOR,ÚNICO,,SÃO PAULO,ESTAÇÃO LIBERDADE,2017,PNLD LITERÁRIO,1ª,,
1430/2020,15/01/20,CDU-821.134.3(81)-94,1. Literatura brasileira - Crônicas,"WERNECK, Humberto",SONHOS REBOBINADOS,ÚNICO,,PORTO ALEGRE,ARQUIPELÁGO EDITORIAL,2014,PNLD LITERÁRIO,1ª,,
1431/2020,15/01/20,CDD-028.5,1. Literatura infantojuvenil,"AGUIAR, Luiz Antonio",HÉRCULES,ÚNICO,,RIO DE JANEIRO,DIFEL,2018,PNLD LITERÁRIO,2ª,,
1432/2020,15/01/20,CDD-869.9368,1. Literatura brasileira: Romance,"FRIZERO, Robertson",LONGE DAS ALDEIAS,ÚNICO,,PORTO ALEGRE,TERCEIRO SELO,2015,PNLD LITERÁRIO,1ª,,
1433/2020,15/01/20,CDD-B869,1. Novela brasileira,"DOURADO, Saulo",AMAR É UMA CONEXÃO DISCADA,ÚNICO,,SALVADOR,FB PUBLICAÇÕES,2017,PNLD LITERÁRIO,1ª,,
1434/2020,15/01/20,CDD-928.699,1. Escritores brasileiros: Biografia,"MENDES, Gilvã",QUERIA BRINCAR DE MUDAR MEU DESTINO,ÚNICO,,"CAMPINAS, SP",PAPIRUS,2009,PNLD LITERÁRIO,1ª,,
1435/2020,15/01/20,CDD-890.898,1. Literatura brasileira: Literatura indígena: Literatura oral: Narrativas Ameríndias: Antropologia: Mitologia,"SOARES, Anne Ballester",O SURGIMENTO DOS PÁSSAROS,ÚNICO,,RIO DE JANEIRO,JC,2018,PNLD LITERÁRIO,1ª,,
1436/2020,15/01/20,CDD-869.93,1. Ficção brasileira: Contos brasileiros,"EVARISTO, Conceição",OLHOS D'ÁGUA,ÚNICO,,"RIO DE JANEIRO, RJ",PALLAS MINI,2018,PNLD LITERÁRIO,2ª,,
1437/2020,15/01/20,CDD-869.3,1. Contos: Literatura fantástica: Literatura brasileira,VÁRIOS AUTORES,QUARTETO MÁGICO,ÚNICO,,BELO HORIZONTE,AUTÊNTICA EDITORA,2018,PNLD LITERÁRIO,1ª,,
1438/2020,15/01/20,CDD-920.72,1. Mulheres: Paquistão: Educação: Biografia,"YOUSAFZAI, Malala",EU SOU MALALA: COMO UMA GAROTA DEFENDEU O DIREITO À EDUCAÇÃO E MUDOU O MUNDO,ÚNICO,2,SÃO PAULO,SEGUINTE,2018,PNLD LITERÁRIO,3ª,,
1439/2020,15/01/20,CDD-028.5,1. Literatura brasileira: Literatura juvenil: Romance,"ATUI, Fabio",MARE NOSTRUM,ÚNICO,,SÃO PAULO,CONFIANÇA,2018,PNLD LITERÁRIO,1ª,,
1440/2020,15/01/20,CDD-869.93,1. Ficção brasileira: Escritores negros,"EVARISTO, Conceição",PONCIÁVICÊNCIO,ÚNICO,,"RIO DE JANEIRO, RJ",PALLAS,2018,PNLD LITERÁRIO,4ª,,
1441/2020,15/01/20,CDD-980,1. História: Ditadura Militar: Brasil,"CONY, Carlos Heitor",O ATO E O FATO: O SOM E A FÚRIA DO QUE SE VIU NO GOLPE DE 1964,ÚNICO,,RIO DE JANEIRO,EDIPAS,2018,PNLD LITERÁRIO,11ª,,
1442/2020,15/01/20,CDD-B869.35,1. Ficção brasileira,"DELMAS, Ana Carolina",SANGUE AZUL,ÚNICO,1,BELO HORIZONTE,MIGUILIM,2014,PNLD LITERÁRIO,1ª,,
1443/2020,15/01/20,CDD-869.3B,1. Literatura brasileira: Romance,"TENÓRIO, Jeferson",O BEIJO NA PAREDE,ÚNICO,,PORTO ALEGRE,SULINA,2018,PNLD LITERÁRIO,5ª,,
1444/2020,15/01/20,CDU-821.134.3(81)-94,1. Literatura brasileira - memórias: Jornalistas,"BRUM, Eliane",MEUS DESCONTENTAMENTOS - A HISTÓRIA DA MINHA VIDA COM AS PALAVRAS,ÚNICO,,PORTO ALEGRE,ARQUIPELÁGO EDITORIAL,2017,PNLD LITERÁRIO,2ª,,
1445/2020,15/01/20,CDD-028.5,1. Cordel: Literatura infantojuvenil,"LIMA, Stélio Torquato",SHAKESPEARE NAS RIMAS DO CORDEL,ÚNICO,,SÃO PAULO,CARAMINHOCA,2018,PNLD LITERÁRIO,1ª,,
1446/2020,15/01/20,CDU-821.134.3(81)-94,1. Crônicas brasileiras,"PELLANDA, Luís Henrique",DETETIVE À DERIVA,ÚNICO,,PORTO ALEGRE,ARQUIPELÁGO EDITORIAL,2016,PNLD LITERÁRIO,1ª,,
1447/2020,15/01/20,CDD-028.5,1. Literatura infantojuvenil,"CAZARRÉ, Lourenço",ILHADOS: TRATADO SOBRE GURIS,ÚNICO, ,SÃO PAULO,EDITORA TODAS AS LETRAS,2018,PNLD LITERÁRIO,1ª,,
1448/2020,15/01/20,CDD-028.5,1. Literatura de cordel: Literatura infantojuvenil,"SILVA, João Melquíades Ferreira da",HISTÓRIAS NO VARAL: TRÊS CORDÉIS DE ROMANCE E AVENTURA,ÚNICO,,BELO HORIZONTE,EDITORA GUTENBERG,2018,PNLD LITERÁRIO,2ª,,
1449/2020,15/01/20,CDU-821.134.3(81)-94,1. Literatura brasileira - Crônicas,"RUFFATO, Luiz",MINHA PRIMEIRA VEZ,ÚNICO,,PORTO ALEGRE,ARQUIPELÁGO EDITORIAL,2014,PNLD LITERÁRIO,1ª,,
1450/2020,15/01/20,CDD-028.5,1. Literatura juvenil,"TENFEN, Maicon",QUISSAMA: O IMPÉRIO DOS CAPOEIRAS,ÚNICO,,SÃO PAULO,BIRUTA,2014,PNLD LITERÁRIO,1ª,,
1451/2020,15/01/20,CDD-869.93,1. Romance brasileiro,"BENEDETTI, Ivone",CABO DE GUERRA,ÚNICO,,SÃO PAULO,BOITEMPO,2016,PNLD LITERÁRIO,1ª,,
1452/2020,15/01/20,CDD-028.5,1. Literatura juvenil,"POE, Edgar Allan",O GATO PRETO E OUTROS CONTOS DE TERROR,ÚNICO,,SÃO PAULO,LIVROS DA RAPOSA VERMELHA,2014,PNLD LITERÁRIO,1ª,,
1453/2020,15/01/20,CDD-869.93,1. Ficção: Literatura brasileira,"AZEVEDO, Sônia Machado de",ODETE INVENTA O MAR,ÚNICO,1,SÃO PAULO,PERSPECTIVA,2007,PNLD LITERÁRIO,1ª,,
1454/2020,15/01/20,CDD-869.93,1. Ficção: Literatura brasileira,"AZEVEDO, Sônia Machado de",ODETE INVENTA O MAR,ÚNICO,2,SÃO PAULO,PERSPECTIVA,2007,PNLD LITERÁRIO,1ª,,
1455/2020,15/01/20,CDD-869.935,1. Literatura brasileira: Romance,"SANTANA, Bianca",QUANDO ME DESCOBRI NEGA,ÚNICO,,SÃO PAULO,SESI-SP EDITORA,2018,PNLD LITERÁRIO,2ª,,
1456/2020,15/01/20,CDD-B869.3,1. Ficção brasileira,"VEIGA, José J.",SOMBRAS DE REIS BARBUDOS,ÚNICO,,RIO DE JANEIRO,FONTANAR,2018,PNLD LITERÁRIO,1ª,,
1457/2020,15/01/20,CDD-869.9368,1. Literatura Brasileira: Romance,"SCHNEIDER, Henrique",RESPEITÁVEL PÚBLICO,ÚNICO,,PORTO ALEGRE,DUBLINENSE,2015,PNLD LITERÁRIO,1ª,,
1458/2020,15/01/20,CDD-869.91,1. Poesia brasileira,"LOUREIRO, João de Jesus Paes",CANTARES AMAZÔNICOS,ÚNICO,,"BELÉM, PA",CULTURAL BRASIL,2015,PNLD LITERÁRIO,4ª,,
1459/2020,15/01/20,CDD-869.3,1. Literatura brasileira: Escritores negros,"EVARISTO, Conceição",BECOS DA MEMÓRIA,ÚNICO,,RIO DE JANEIRO,PALLAS,2018,PNLD LITERÁRIO,4ª,,
1460/2020,15/01/20,CDD-B869.91,1. Poesia brasileira,"MURRAY, Roseana",CORPO E ALMA,ÚNICO,,RIO DE JANEIRO,GRADIVA,2018,PNLD LITERÁRIO,1ª,,
1461/2020,15/01/20,CDD-869.91,1. Literatura brasileira: Poesia,"MATOS, Gregório de",DESENGANOS DA VIDA HUMANA E OUTROS POEMAS,ÚNICO,,SÃO PAULO,EDLAB,2018,PNLD LITERÁRIO,1ª,,
1462/2020,15/01/20,CDD-028.5,1. Literatura infantojuvenil brasileira,"REZENDE, Stella Maris",AS GÊMEAS DA FAMÍLIA,ÚNICO,,RIO DE JANEIRO ,EDITORA GLOBO,2018,PNLD LITERÁRIO,2ª,,
1463/2020,15/01/20,CDD-028.5,1. Ficção: Literatura juvenil,"CARVALHO, Ana Carolina",A CONTA-GOTAS,ÚNICO,,SÃO PAULO,MOITARÁ,2018,PNLD LITERÁRIO,1ª,,
1464/2020,15/01/20,CDD-869.3,1. Romances: Literatura brasileira,"PEREIRA, Carlos Eduardo",ENQUANTO OS DENTES,ÚNICO,,SÃO PAULO,TODAVIA,2018,PNLD LITERÁRIO,2ª,,
1465/2020,15/01/20,CDD-869.8,1. Crônicas brasileiras,"CESTARO, Antonio",AS ARTIMANHAS DO NAPOLEÃO: E OUTRAS BATALHAS COTIDIANAS,ÚNICO,,SÃO PAULO,TORDESILHAS,2018,PNLD LITERÁRIO,2ª,,
1466/2020,15/01/20,CDD-741.5,1. Carolina Maria de Jesus(1914-1977): Escritora Brasileira: Literatura brasileira: História em quadrinhos: Biografia,"PINHEIRO, João; BARBOSA, Sirlene",CAROLINA,ÚNICO,,SÃO PAULO,VENETA,2018,PNLD LITERÁRIO,2ª,,
1467/2020,15/01/20,CDD-B869.3,1. Ficção: Literatura brasileira,"RUFFATO, Luiz",DE MIM JÁ NEM SE LEMBRA,ÚNICO,,SÃO PAULO,CLARO ENIGMA,2018,PNLD LITERÁRIO,1ª,,
1468/2020,15/01/20,CDD-891.1,1. Literatura Francesa: Contos: Ficção,VOLTAIRE,MICROMEGAS E OUTROS CONTOS,ÚNICO,,SÃO PAULO,EDLAB,2018,PNLD LITERÁRIO,1ª,,
1469/2020,15/01/20,CDD-890.898,1. Literatura brasileira: Literatura indígena: Literatura oral: Narrativas Ameríndias: Antropologia: Mitologia,"SOARES, Anne Ballester",A ÁRVORE DE CANTOS,ÚNICO,,RIO DE JANEIRO,JC,2018,PNLD LITERÁRIO,1ª,,
1470/2020,15/01/20,CDD-869.1,1. Poesia brasileira,"PRADO, Adélia",REUNIÃO DE POESIA,ÚNICO,,RIO DE JANEIRO,BESTSELLER,2018,PNLD LITERÁRIO,7ª,,
1471/2020,15/01/20,CDD-869.93,1. Ficção brasileira,"LOPES, Nei",OIOBOMÉ: A EPOPEIA DE UMA NAÇÃO,ÚNICO,,RIO DE JANEIRO,EDIPASS,2018,PNLD LITERÁRIO,4ª,,
1472/2020,15/01/20,CDD-920,1. Autores africanos: Memórias autobiográficas,"DIAKITÉ, Baba Wagué",O DOM DA INFÂNCIA: MEMÓRIA DE UM GAROTO AFRICANO,ÚNICO,,SÃO PAULO,RODOPIO,2018,PNLD LITERÁRIO,1ª,,
1473/2020,15/01/20,CDD-920.929,1. Literatura inglesa: Autobiografia: História dos Estados Unidos no Século XIX: História da Escravidão,"DOUGLASS, Frederick ",NARRATIVA DA VIDA DE FREDERICK DOUGLAS,ÚNICO,,SÃO PAULO,PLANA,2018,PNLD LITERÁRIO,1ª,,
1474/2020,15/01/20,CDD-823.912,1. Literatura inglesa: Romance: Século XX: Colonialismo,"CONRAD, Joseph",NO CORAÇÃO DAS TREVAS,ÚNICO,,RIO DE JANEIRO,AZOUGUE,2018,PNLD LITERÁRIO,1ª,,
1475/2020,15/01/20,CDD-920,1. Atores negros: Racismo: Rfelexões: Biografia,"RAMOS, Lázaro",NA MINHA PELE,ÚNICO,,RIO DE JANEIRO,FONTANAR,2018,PNLD LITERÁRIO,1ª,,
1476/2020,15/01/20,CDD-869.93,1. Ficção brasileira,"BOJUNGA, Lygia",RETRATOS DE CAROLINA,ÚNICO,,RIO DE JANEIRO,CASA LYGIA BOJUNGA,2018,PNLD LITERÁRIO,2ª,,
1477/2020,15/01/20,CDD-741.5,1.Histórias em quadrinhos: Literatura clássica grega,HOMERO,ODISSEIA EM QUADRINHOS,ÚNICO,,SÃO PAULO,PEIRÓPOLIS,2013,PNLD LITERÁRIO,1ª,,
1478/2020,15/01/20,CDD-741.5,1. Ficção infantojuvenil espanhola: História em quadrinhos,"CHANOINAT, Philippe",DOM QUIXOTE,ÚNICO,,"PORTO ALEGRE, RS",L&PM,2018,PNLD LITERÁRIO,3ª,,
1479/2020,15/01/20,CDD-741.5,1. Histórias em quadrinhos: Literatura americana,"RIBEIRO, Estevão",DA TERRA À LUA,ÚNICO,,RIO DE JANEIRO,VITRINE EDITORA,2018,PNLD LITERÁRIO,4ª,EXTRAVIADO E RESSARCIDO,
1480/2020,15/01/20,CDD-741.5,"1. Andrade, Mário de, 1893-1945: Histórias m quadrinhos","JAF, Ivan","AMAR, VERBO INTRANSITIVO: IDÍLIO",ÚNICO,,SÃO PAULO,SOMOS EDUCAÇÃO,2018,PNLD LITERÁRIO,2ª,,
1481/2020,15/01/20,CDD-741.5,1. Histórias em quadrinhos: Literatura brasileira: Modernismo: Artes,"ABU, Angelo",MACUNAÍMA EM QUADRINHOS,ÚNICO,,SÃO PAULO,PEIRÓPOLIS,2016,PNLD LITERÁRIO,1ª,,
1482/2020,16/01/20,CDD-869.1,1. Ficção brasileira: Ficção juvenil,"RIOS, Rosana",ILUMINURAS,ÚNICO,,"BELO HORIZONTE, MG",LÊ,2018,PNLD LITERÁRIO,2ª,,
1483/2020,16/01/20,CDD-741.5,1. Literatura brasileira: Novela Gráfica: Histórias em quadrinhos: Cultura Negra,"D'SALETE, Marcelo",ANGOLA JANGA: UMA HISTÓRIA DE PALMARES,ÚNICO,,SÃO PAULO,VENETA,2018,PNLD LITERÁRIO,2ª,,
1484/2020,16/01/20,CDD-863,1. Conto espanhol,"BÉCQUER, Gustavo Adolfo",O GNOMO,ÚNICO,1,SÃO PAULO,SOWILO,2017,PNLD LITERÁRIO,1ª,,
1485/2020,16/01/20,CDD-863,1. Conto espanhol,"BÉCQUER, Gustavo Adolfo",O GNOMO,ÚNICO,2,SÃO PAULO,SOWILO,2017,PNLD LITERÁRIO,1ª,,
1486/2020,16/01/20,CDD-398.5,1. Literatura de cordel brasileira,"CERVANTES SAAVEDRA, Miguel de",CERVANTES EM CORDEL: QUATRO NOVELAS EXEMPLARES,ÚNICO,,SÃO PAULO,FOLIA DE LETRAS,2014,PNLD LITERÁRIO,1ª,,
1487/2020,16/01/20,CDD-028.5,1. Literatura juvenil,VOLTAIRE,MICRÔMEGAS,ÚNICO,,SÃO PAULO,LIVROS DA RAPOSA VERMELHA,2014,PNLD LITERÁRIO,1ª,,
1488/2020,16/01/20,CDD-028.5,1. Literatura juvenil,DEL CANDEIAS,A FLAUTA MÁGICA E O LIVRO DA SABEDORIA,ÚNICO,,SÃO PAULO,SESI-SP EDITORA,2018,PNLD LITERÁRIO,2ª,,
1489/2020,16/01/20,CDD-940.53492,1. Frank Anne: Guerra Mundial - Narrativas judaicas: Países Baixos - História - Ocupação alemã,"FRANK, Anne",O DIÁRIO DE ANNE FRANK (ADAPTADO),ÚNICO,2,RIO DE JANEIRO,DISTRIBUIDORA RECORD,2018,PNLD LITERÁRIO,5ª,,
1490/2020,16/01/20,CDD-028.5,1. Literatura infantojuvenil,"REZENDE, Maria Valéria",OURO DENTRO DA CABEÇA,ÚNICO,,BELO HORIZONTE,EDITORA VESTÍGIO,2018,PNLD LITERÁRIO,2ª,,
1491/2020,16/01/20,CDD-028.5,1. Literatura infantojuvenil,"MELO, Ana Cristina",DELTA: UM COMANDO PARA O TEMPO,ÚNICO,,RIO DE JANEIRO,BAMBOLÊ,2016,PNLD LITERÁRIO,1ª,,
1492/2020,16/01/20,CDD-869.93,1. Brasil - História - Crise de 1954 - Ficção: Romance brasileiro,"FONSECA, Rubem",AGOSTO,ÚNICO,,RIO DE JANEIRO,EDIOURO LAZER E CULTURA,2018,PNLD LITERÁRIO,9ª,,
1493/2020,16/01/20,CDD-839.82,1. Literatura Norueguesa: Ficção,"LUNDE, Maja",TUDO QUE DEIXAMOS PARA TRÁS,ÚNICO,,SÃO PAULO,EDITORA MORRO BRANCO,2016,PNLD LITERÁRIO,1ª,,
1494/2020,16/01/20,CDD-398.20981,1. Literatura Brasileira: Literatura de cordel: História e crítica: Folclore,"VIANA, Klévisson",OS OFÍCIOS DA POESIA,ÚNICO,,SÃO PAULO,HEDRA,2018,PNLD LITERÁRIO,1ª,,
1495/2020,16/01/20,CDD-028.5,1. Literatura juvenil,"LOVECRAFT, Howard Phillips",O HORROR DE DUNWICH,ÚNICO,,SÃO PAULO,LIVROS DA RAPOSA VERMELHA,2014,PNLD LITERÁRIO,1ª,,
1496/2020,16/01/20,CDD-869.93,1. Romance brasileiro,"MAGALHÃES, Carlos Eduardo de ",PETROLINA,ÚNICO,,SÃO PAULO,GRUA,2017,PNLD LITERÁRIO,1ª,,
1497/2020,16/01/20,CDD-398.20981,1. Literatura Brasileira: Cordel: Literatura folclórica: Biografia e Obra: História e crítica,"SILVA, Antonio Gonçalves da",INSPIRAÇÃO NORDESTINA,ÚNICO,,RIO DE JANEIRO,CIRCUITO,2018,PNLD LITERÁRIO,1ª,,
1498/2020,16/01/20,CDD-028.5,1. Literatura infantojuvenil brasileira,"BOMBARDI, Érica",CANTO DO UIRAPURU,ÚNICO,,RIO DE JANEIRO,ESCRITA FINA,2016,PNLD LITERÁRIO,1ª,,
1499/2020,16/01/20,CDD-320.325,1. Literatura Brasileira: Livrorreportagem: Globalização: Migração,"BONIS, Gabriel",REFUGIADOS DE IDOMENI: O RETRATO DE UM MUNDO EM CONFLITO,ÚNICO,,SÃO PAULO,CONFIANÇA,2018,PNLD LITERÁRIO,1ª,,
1500/2020,16/01/20,CDD-823,1. Literatura Inglesa: Romance,"DICKENS, Charles",OLIVER TWIST,ÚNICO,,RIO DE JANEIRO,AZOUGUE,2018,PNLD LITERÁRIO,1ª,,
1501/2020,16/01/20,CDD-869.93,1. Romance brasileiro,"REGO, José Lins do",PEDRA BONITA,ÚNICO,1,RIO DE JANEIRO,JOSÉ OLYMPIO,2018,PNLD LITERÁRIO,16ª,,
1502/2020,16/01/20,CDD-940.5318,1. Memórias dos sobreviventes do Holocausto: Segunda Guerra Mundial: História,"CARNEIRO, Maria Luiza Tucci",ENTRE MUNDOS: HISTÓRIA E MEMÓRIA DOS SOBREVIVENTES DO HOLOCAUSTO,ÚNICO,,SÃO PAULO,PERSPECTIVA,2018,PNLD LITERÁRIO,1ª,,
1503/2020,16/01/20,CDD-398.20981,1. Literatura Brasileira: Literatura de cordel: História e crítica: Folclore,"FREIRE, José da Rocha","PESCARIA, JANGADAS E POESIA",ÚNICO,,SÃO PAULO,HEDRA,2018,PNLD LITERÁRIO,1ª,,
1504/2020,16/01/20,CDD-891.73,1. Literatura Russa: Contos,"GÓRKI, Masksim",A VELHA IZERGUIL E OUTROS CONTOS,ÚNICO,,SÃO PAULO,KALINKA,2018,PNLD LITERÁRIO,1ª,,
1505/2020,16/01/20,CDD-398.20981,1. Literatura Brasileira: Cordel: Literatura folclórica: Biografia e Obra: História e crítica,"SILVA, Antonio Gonçalves da",AQUI TEM COISA,ÚNICO,,SÃO PAULO,CONFIANÇA,2018,PNLD LITERÁRIO,1ª,,
1506/2020,16/01/20,CDD-869.93,1. Ficção brasileira,"BANDEIRA, Pedro",MELODIA MORTAL,ÚNICO,,RIO DE JANEIRO,PRUMO,2018,PNLD LITERÁRIO,1ª,,
1507/2020,16/01/20,CDD-B869.1,1. Poesia brasileira,"LEMINSKI, Paulo",TODA POESIA,ÚNICO,,SÃO PAULO,COMPANHIA DAS LETRAS,2018,PNLD LITERÁRIO,2ª,,
1508/2020,16/01/20,CDD-305.42,1. Feminismo: Sociologia,"ADICHIE, Chimamanda Ngozi",SEJAMOS TODOS FEMINISTAS,ÚNICO,,SÃO PAULO,EDITORA REVIRAVOLTA,2018,PNLD LITERÁRIO,1ª,,
1509/2020,16/01/20,CDD-B869.1,1. Poesia brasileira,"BARROS, Manoel de ",MEU QUINTAL É MAIOR DO QUE O MUNDO,ÚNICO,,SÃO PAULO,EDITORA REVIRAVOLTA,2018,PNLD LITERÁRIO,1ª,,
1510/2020,16/01/20,CDD-028.5,1. Ficção brasileira juvenil,"DRUMMOND, Regina",QUANDO TUDO MUDA,ÚNICO,1,SÃO PAULO,PANDA BOOKS,2016,PNLD LITERÁRIO,1ª,,
1511/2020,16/01/20,CDD-891.73,1. Literatura Russa: Contos,"DOSTOIÉVSKI, Fiódor",O LADRÃO HONESTO E OUTROS CONTOS,ÚNICO,,SÃO PAULO,KALINKA,2018,PNLD LITERÁRIO,1ª,,
1512/2020,16/01/20,CDD-028.5,1. Contos: Literatura juvenil,"NOGUEIRA, Judith",O LABATRUZ E OUTRAS DESVENTURAS,ÚNICO,,SÃO PAULO,QUATRO CANTOS,2015,PNLD LITERÁRIO,1ª,,
1513/2020,16/01/20,CDD-869.93,1. Romance brasileiro,"QUEIROZ, Rachel de",O QUINZE,ÚNICO,2,RIO DE JANEIRO,CAMERON,2018,PNLD LITERÁRIO,1ª,,
1514/2020,16/01/20,CDD-P869.3,1. Ficção: Literatura moçambicana,"COUTO, Mia",TERRA SONÂMBULA,ÚNICO,1,SÃO PAULO,COMPANHIA DAS LETRAS,2018,PNLD LITERÁRIO,2ª,,
1515/2020,16/01/20,CDD-869.1,1. Literatura brasileira,VÁRIOS AUTORES,ELAS POR ELAS: HISTÓRIAS DE MULHERES CONTADAS POR GRANDES ESCRITORAS BRASILEIRAS,ÚNICO,,RIO DE JANEIRO,NOVA FRONTEIRA,2018,PNLD LITERÁRIO,3ª,,
1516/2020,16/01/20,CDD-891.73,1. Literatura Russa: Contos,"PÚCHKIN, Aleksandr",NOITES EGÍPCIAS E OUTROS CONTOS,ÚNICO,,SÃO PAULO,KALINKA,2018,PNLD LITERÁRIO,1ª,,
1517/2020,16/01/20,CDD-920.929,1. Literatura Cubana: Poesia Cubana: Autobiografia: História de Cuba no Século XIX: História da Escravidão,"MANZANO, Juan Francisco",A AUTOBIOGRAFIA DO POETA-ESCRAVO,ÚNICO,,SÃO PAULO,PLANA,2018,PNLD LITERÁRIO,1ª,,
1518/2020,16/01/20,CDD-833,1. Conto alemão,"HOFFMANN, E. T. A.",O REFLEXO PERDIDO E OUTROS CONTOS INSENSATOS,ÚNICO,1,SÃO PAULO,ESTAÇÃO LIBERDADE,2017,PNLD LITERÁRIO,1ª,,
1519/2020,16/01/20,CDD-956.91,1. Guerra na Síria - Século XXI - Narrativas pessoais: Movimentos de protesto - Síria - História: Prisioneiros,SAMER,DIÁRIOS DE RAQQA,ÚNICO,,SÃO PAULO,GLOBO KIDS,2018,PNLD LITERÁRIO,1ª,,
1520/2020,05/02/20,CDD-658.4092,1. Liderança: Motivação: Sucesso,"CURY, Augusto",SUCESSO: QUEM VENCE SEM RISCOS TRIUNFA SEM GLÓRIA,ÚNICO,,RIO DE JANEIRO,SEXTANTE,2017,DOAÇÃO PROFESSORA CRISTIANE,1ª,,
1521/2020,06/02/20,CDD133.93,1. Obras psicografadas: Romance espírita,"GASPARETTO, Zibia",NINGUÉM É DE NINGUÉM,ÚNICO,3,SÃO PAULO,VIDA & CONSCIÊNCIA,2017,DOAÇÃO PROFESSORA MARTA,2ª,,
1522/2020,06/02/20,CDD-869.93,1. História de terror: Ficção científica brasileira,"TAVARES, Rochett",CRIATURAS,ÚNICO,2,"FORTALEZA, CE",LA BARCA EDITORA,2011,DOAÇÃO ALUNA ALANI ARAÚJO,2ª,,
1523/2020,06/02/20,CDD-869.93,1. Romance brasileiro,"AZEVEDO, Aluísio",O CORTIÇO,ÚNICO,10,,OBJETIVO,,DOAÇÃO PROFESSORA MARTA,NÃO CONSTA,,
1524/2020,06/02/20,CDD-869.93,1. Romance brasileiro,"TAUNAY, Visconde de",INOCÊNCIA,ÚNICO,4,SÃO PAULO,CIRANDA CULTURAL,2010,DOAÇÃO PROFESSORA MARTA,1ª,,
1525/2020,06/02/20,CDD-813,1. Romance americano,"TWAIN, Mark",AS AVENTURAS DE TOM SAWYER,ÚNICO,,SÃO PAULO,ÁTICA,2011,DOAÇÃO PROFESSORA MARTA,7ª,,
1526/2020,06/02/20,CDD-869.93,1. Romance brasileiro,"TAUNAY, Visconde de",INOCÊNCIA,ÚNICO,5,SÃO PAULO,RIDEEL,2000,DOAÇÃO PROFESSORA CRISTIANE,1ª,,
1527/2020,14/02/20,CDD-863,1. Conto espanhol,"BÉCQUER, Gustavo Adolfo",O GNOMO,ÚNICO,3,SÃO PAULO,SOWILO,2017,PNLD LITERÁRIO,1ª,,
1528/2020,14/02/20,CDD-028.5,1. Ficção brasileira,"DRUMMOND, Regina",QUANDO TUDO MUDA,ÚNICO,2,SÃO PAULO,PANDA BOOKS,2016,PNLD LITERÁRIO,1ª,,
1529/2020,14/02/20,CDD-833,1. Conto alemão,"HOFFMANN, E. T. A.",O REFLEXO PERDIDO E OUTROS CONTOS INSENSATOS,ÚNICO,2,SÃO PAULO,ESTAÇÃO LIBERDADE,2017,PNLD LITERÁRIO,1ª,,
1530/2020,14/02/20,CDD-869.93,1. Romance brasileiro,"REGO, José Lins do",PEDRA BONITA,ÚNICO,2,RIO DE JANEIRO,JOSÉ OLYMPIO,2018,PNLD LITERÁRIO,16ª,,
1531/2020,14/02/20,CDD-B869.35,1. Ficção brasileira,"DELMAS, Ana Carolina",SANGUE AZUL,ÚNICO,2,BELO HORIZONTE,MIGUILIM,2014,PNLD LITERÁRIO,1ª,,
1532/2020,14/02/20,CDD-741.5,1. História em quadrinhos,"MURAT, Thierry",O VELHO E O MAR,ÚNICO,1,RIO DE JANEIRO,BERTRAND BRASIL,2018,PNLD LITERÁRIO,2ª,,
1533/2020,14/02/20,CDD-741.5,1. História em quadrinhos,"MURAT, Thierry",O VELHO E O MAR,ÚNICO,2,RIO DE JANEIRO,BERTRAND BRASIL,2018,PNLD LITERÁRIO,2ª,,
1534/2020,14/02/20,CDD- 928.6981,1. Biografia – personagens históricos brasileiros.,VÁRIOS AUTORES,PATRONOS,VOL. 1,2,ARARIPE,HB GRÁFICA,2018,DOAÇÃO ACADEMIA DE LETRAS ,1ª,,
1535/2020,19/02/20,CDD-028.5,1. Ficção juvenil americana,"CHEVERTON, Mark",INVASÃO DO MUNDO DA SUPERFÍCIE: UMA AVENTURA NÃO OFICIAL DE MINECRAFT,ÚNICO,,RIO DE JANEIRO,GALERA RECORD,2015,DOAÇÃO ALUNO JOÃO VICTOR,5ª,EXTRAVIADO,
1536/2020,19/02/20,CDD-869.93,1. Fim do mundo: Ficção brasileira,"SPOHR, Eduardo",A BATALHA DO APOCALISPE: DA QUEDA DOS ANJOS AO CREPÚSCULO DO MUNDO,ÚNICO,,"CAMPINAS, SP",VERUS,2013,RESSARCIMENTO ,43ª,,
1537/2020,19/02/20,CDD-158.1,1. Psicologia: Memória,"CURY, Augusto",VÁ MAIS LONGE: TREINE SUA MEMÓRIA E SUA INTELIGÊNCIA,ÚNICO,2,SÃO PAULO,GOLD EDITORA LTDA,NÃO CONSTA,DOAÇÃO PROFESSOR JOÃO PAULO ROCHA,NÃO CONSTA,,
1538/20202,20/02/20,CDD-869.8992,1. Literatura brasileira,"DILL, Luís",80 DEGRAUS,ÚNICO,,SÃO PAULO,PALAVRAS PROJETOS EDITORIAIS,2018,PNLD LITERÁRIO,1ª,,
1539/2020,20/02/20,CDD-028.5,1. Ficção: Literatura infantojuvenil,"VITÓRIA, Jair",O OUTRO APAIXONADO POR MARÍLIA DE DIRCEU,ÚNICO,,"SÃO JOSÉ DOS CAMPOS, SP",MAXIPRINT,2018,PNLD LITERÁRIO,1ª,,
1540/2020,20/02/20,CDD-028.5,1. Literatura infantojuvenil: AIDS,"POLIZZI, Valéria Piassa",DEPOIS DAQUELA VIAGEM: DIÁRIO DE BORDO DE UMA JOVEM QUE APRENDEU A VIVER COM HIV/AIDS,ÚNICO,,SÃO PAULO,SOMOS SISTEMA DE ENSINO,2018,PNLD LITERÁRIO,1ª,,
1541/2020,20/02/20,CDD-823,1. Romance inglês,"DOYLE, Arthur Conan",SHERLOCK HOLMES: UM ESTUDO EM VERMELHO,ÚNICO,,SÃO PAULO,COMPANHIA EDITORA NACIONAL,2018,PNLD LITERÁRIO,2ª,,
1542/2020,20/02/20,CDD-869.1,1. Poesia: Literatura brasileira,"PAES, José Paulo",O MELHOR POETA DA MINHA RUA,ÚNICO,,"SÃO JOSÉ DOS CAMPOS, SP",MAXIPRINT,2018,PNLD LITERÁRIO,1ª,,
1543/2020,20/02/20,CDD-028.5,1. Literatura infantojuvenil,"COLASANTI, Marina","ANA Z., AONDE VAI VOCÊ?",ÚNICO,,SÃO PAULO,ÁTICA,2018,PNLD LITERÁRIO,14ª,,
1544/2020,20/02/20,CDD-028.5,1. Literatura juvenil,"AZEVEDO, Ricardo",FRAGOSAS BRENHAS DO MATARÉU,ÚNICO,,SÃO PAULO,SCIPIONE,2018,PNLD LITERÁRIO,3ª,,
1545/2020,20/02/20,CDD-741.5,1. Histórias em quadrinhos,GUAZZELLI,FERNANDO PESSOA E OUTROS PESSOAS,ÚNICO,,SÃO PAULO,SARAIVA,2018,PNLD LITERÁRIO,2ª,,
1546/2020,20/02/20,CDD-028.5,1. Teatro infantojuvenil brasileiro,"MACHADO, Maria Clara",A AVENTURA DO TEATRO & COMO FAZER TEATRINHO DE BONECOS,ÚNICO,,RIO DE JANEIRO,SINGULAR,2009,DOAÇÃO ALUNA ANDRESSA MORAIS,2ª,,
1547/2020,20/02/20,CDD-869.98,1. Crônica brasileira,"TORERO, José Roberto",CRÔNICAS PARA LER NA ESCOLA,ÚNICO,,RIO DE JANEIRO,FONTANAR,2011,DOAÇÃO ALUNA ANDRESSA MORAIS,1ª,,
1548/2020,20/02/20,CDD-028.5,1. Literatura brasileira: contos,"SILVA, Bruno Palma e",ESSAS PEQUENAS OCASIÕES QUE NOS FAZEM QUEM SOMOS ,ÚNICO,,CURITIBA,HUM PUBLICAÇÕES,2018,PNLD LITERÁRIO,1ª,,
1549/2020,20/02/20,CDD-800,1. Literatura brasileira,"BOSI, Alfredo",OS TRABALHOS DA MÃO,ÚNICO,,CURITIBA,POSIGRAF,2018,PNLD LITERÁRIO,1ª,,
1550/2020,20/02/20,CDD-800,1. Literatura brasileira,"ESPINHEIRA FILHO, Ruy",PARA ONDE VAMOS É SEMPRE ONTEM,ÚNICO,,CURITIBA,POSITIVO,2018,PNLD LITERÁRIO,2ª,,
1551/2021,12/02/21,CDD-813,1. Romance norte-americano,"SPARKS, Nicholas",O MILAGRE,ÚNICO,,RIO DE JANEIRO,AGIR,2010,,NÃO CONSTA,,
1552/2021,12/02/21,CDD-869.91,1. Poesia: Literatura brasileira,"ALVES, Castro",O NAVIO NEGREIRO E OUTROS POEMAS,ÚNICO,,SÃO PAULO,SARAIVA,2007,,1ª,,
1553/2021,19/08/21,CD-370.1,1.Educação: Filosofia ,"MORIN, Edgar",EDUCAÇÃO E COMPLEXIDADE: OS SETE SABERES E OUTROS ENSAIOS,ÚNICO,2,SÃO PAULO,CORTEZ,2009,,5ª ,,
1554/2021,19/08/21,CDD-306.09,1.História- Metodologia.2.História-Filosofia.3.Cultura- História i título,"BURKE, Peter",O QUE É HISTÓRIA CULTURAL?,ÚNICO,6,RIO DE JANEIRO,ZAHAR,2008,,2ª,,
1555/2021,19/08/21,CDD-371.3,1.Didática.I Título. II Série,"PILETTI, Claudino",DIDÁTICA GERAL,ÚNICO,,SÃO pAULO,ÁTICA,2010,,24ª,,
1556/2021,19/08/21,CDD-370.891,1.Educação-Brasil-História 2. Escravidão -Brasil- História 3. Negros -Brasil 4. Movimentos Sociais. Brasil,VÁRIOS AUTORES,O NEGRO NO BRASIL TRAJETÓRIAS E LUTAS EM DEZ AULAS DE HISTÓRIA,ÚNICO,2,RIO DE JANEIRO,OBJETIVA,2012,,1ª,,
1557/2021,19/08/21,CDD-028.5,1.Literatura infantojuvenil ,"MONTGORMERY, Lucy Maud",ANNE DE AVONLEA,VOL. 2,1,BRASIL,PÉ DE LETRA,2020,DOAÇÃO ALUNA GEOVANA AVELINO,,,
1558/2021,19/08/21,CDD-869.93,1.Literatura brasileira 2.Romance ,"AZEVEDO, Álvres de",NOITES NA TAVERNA,ÚNICO,,FORTALEZA,BRINK BRASIL,2018,SEDUC-CE,1ª,,
1559/2021,19/08/2021,CDD-869.93,1.Literatura brasileira 2. Romance ,"PENA, Martins",O NOVIÇO,ÚNICO,,FORTALEZA,BRINK BRASIL,2018,SEDUC-CE,1ª,,
1560/2021,19/08/2021,CDD-869.93,1.Literatura brasileira 2. Romance,"ALENCAR, José de ",A VIUVINHA,ÚNICO,1,FORTALEZA,BRINK BRASIL,2018,SEDUC-CE,1ª,,
1561/2021,19/08/21,CDD-869.93,1.Literatura brasileira 2. Romance,"ASSIS, Machado de",MEMÓRIAS PÓSTUMAS DE BRÁS CUBAS,ÚNICO,5,FORTALEZA,BRINK BRASIL,2018,SEDUC-CE,1ª,,
1562/2021,19/08/21,CDD- 869.93,1.Literatura brasileira 2. Romance,"HERCULANO, Alexandre",EURICO O PRESBITERO,ÚNICO,1,FORTALEZA,BRINK BRASIL,2018,SEDUC-CE,1ª,,
1563/2021,19/08/21,CDD-869.93,1.Literatura brasileira 2. Romance,"LIMA, Barreto",TRISTE FIM DE POLICARPO QUARESMA,ÚNICO,5,FORTALEZA,BRINK BRASIL,2018,SEDUC-CE,1ª,,
1564/2021,19/08/21,CDD-869.93,1.Literatura brasileira 2. Romance,"TAUANY, Visconde de",INOCÊNCIA,ÚNICO,6,FORTALEZA,BRINK BRASIL,2018,SEDUC-CE,1ª,,
1565/2021,19/08/21,CDD-869.93,1.Literatura brasileira 2. Romance,"LIMA, Barreto",OS BRUZUNDANGAS,ÚNICo,,FORTALEZA,BRINK BRASIL,2018,SEDUC-CE,1ª,DANIFICADO,
1566/2021,19/08/21,CDD-869.93,1. Literatura brasileira 2. Romance,"ALMEIDA, Manuel Antonio de",MEMÓRIAS DE UM SARGENTO DE MILÍCIAS,ÚNICO,5,FORTALEZA,BRINK BRASIL,2018,SEDUC-CE,1ª,,
1567/2021,19/08/21,CDD-869.93,1. Literatura brasileira 2. Romance,"GONZAGA, Antonio Tomás",MARÍLIA DE DIRCEU,ÚNICO,2,FORTALEZA,BRINK BRASIL,2018,SEDUC-CE,1ª,,
1568/2021,19/08/21,CDD.869.93,1. Literatura brasileira 2. Romance,"GUIMARÃES, Bernardo",A ESCRAVA ISAURA,ÚNICO,3,FORTALEZA,BRINK BRASIL,2018,SEDUC-CE,1ª,,
1569/2021,19/08/21,CDD 869.93,1.Literatura brasileira   2. Romance,"ASSIS, Machado de",HELENA,ÚNICO,4,FORTALEZA,BRINK BRASIL,2018,SEDUC-CE,1ª,,
1570/2021,19/08/21,CDD 869.93,1.Literatura brasileira - Romance 2. Ficção brasileira,"ASSIS, Machado de",A MÃO E A LUVA,ÚNICO,1,FORTALEZA,BRINK BRASIL,2018,SEDUC-CE,1ª,,
1571/2021,19/08/21,CDD 869.93,1.Literatura brasileira- Romance 2. Ficção Portuguesa,"DINIS, Júlio",AS PUPILAS DO SENHOR REITOR,ÚNICO,,FORTALEZA,BRINK BRASIL,2018,SEDUC-CE,1ª,,
1572/2021,19/08/21,CDD-869.93,1.Literatura brasileira- Romance 2. Ficção brasileira,"ALENCAR, José de ",O GUARANI,ÚNICO,3,FORTALEZA,BRINK BRASIL,2018,SEDUC-CE,1ª,,
1573/2021,19/08/21,CDD-869.93,1.Literatura brasileira- 2. Romance ,"BRANCO, Camilo castelo",AMOR DE PERDIÇÃO,ÚNICO,2,FORTALEZA,BRINK BRASIL,2018,SEDUC-CE,1ª,,
1574/2021,19/08/21,CDD-869.1;B869.9,1.Literatura portuguesa-poesia 2.Literatura brasileira-poesia,"BILAC, Olavo e outros",O LIVRO DOS SONETOS,ÚNICO,,FORTALEZA,BRINK BRASIL,2018,SEDUC-CE,1ª,,
1575/2021,19/08/21,CDD-869.93,1. Literatura brasileira 2. Romance,"MACEDO, Joaquim Manuel ",A MORENINHA,ÚNICO,1,FORTALEZA,BRINK BRASIL,2018,SEDUC-CE,1ª,,
1576/2021,19/08/21,CDD-869.93,1. Literatura brasileira- conto 2. Ficção brasileira,"ASSIS, Machado de",O ALIENISTA,ÚNICO,4,FORTALEZA,BRINK BRASIL,2018,SEDUC-CE,1ª,,
1577/2021,19/08/21,CDD-869.93,1.Literatura brasileira - Romance 2. Ficção brasileira,"AZEVEDO, Aluísio",O MULATO,ÚNICO,4,FORTALEZA,BRINK BRASIL,2018,SEDUC-CE,1ª,,
1578/2021,19/08/21,CDD-869.93,1.Literatura brasileira- Romance 2. Ficção Portuguesa,"QUEIRÓS, Eça de",A CIDADE E AS SERRAS,ÚNICO,2,FORTALEZA,BRINK BRASIL,2018,SEDUC-CE,1ª,,
1579/2021,19/08/21,CDD- 869-4,1.Literatura portuguesa-poesia 2. Poesia Portuguesa,"PESSOA, Fernando",POEMAS DE ALBERTO CAEIRO,ÚNICO,,FORTALEZA,BRINK BRASIL,2018,SEDUC-CE,1ª,,
1580/2021,19/08/21,CDD-869.93,1.Literatura brasileira - Romance 2. Ficção brasileira,"ASSIS, Machado de",,ÚNICO,,FORTALEZA,BRINK BRASIL,2018,SEDUC-CE,1ª,,
1581/2021,19/08/21,CDD-869.93,1.Literatura brasileira - Romance 2. Ficção brasileira,"ALENCAR, José de ",LUCÍOLA,ÚNICO,3,FORTALEZA,BRINK BRASIL,2018,SEDUC-CE,1ª,,
1582/2021,19/08/21,CDD-869.93,1.Literatura brasileira- 2. Romance,"ALENCAR, José de ",IRACEMA,ÚNICO,4,FORTALEZA,BRINK BRASIL,2018,SEDUC-CE,1ª,,
1583/2021,19/08/21,CDD-869.93,1.Literatura brasileira - Romance 2. Ficção brasileira,"ALENCAR, José de ",CINCO MINUTOS,ÚNICO,1,FORTALEZA,BRINK BRASIL,2018,SEDUC-CE,1ª,,
1584/2021,19/08/21,CDD-869.92,1.Literatura brasileira- 2. Teatro,"ALENCAR, José de ",O DEMÔNIO FAMILIAR,ÚNICO,,FORTALEZA,BRINK BRASIL,2018,SEDUC-CE,1ª,,
1585/2021,19/08/21,CDD-869.93,1.Literatura brasileira- 2. Romance,"GUIMARÃES, Bernardo",O GARIMPEIRO,ÚNICO,,FORTALEZA,BRINK BRASIL,2018,SEDUC-CE,1ª,,
1586/2021,19/08/21,CDD-869.93,1.Literatura brasileira- 2. Romance,"MACEDO, Joaquim  Manuel ",A LUNETA MÁGICA,ÚNICO,2,FORTALEZA,BRINK BRASIL,2018,SEDUC-CE,1ª,,
1587/2021,19/08/21,CDD-869.93,1.Literatura brasileira- 2. Romance,"ASSIS, Machado de",DOM CASMURRO,ÚNICO,5,FORTALEZA,BRINK BRASIL,2018,SEDUC-CE,1ª,,
1588/2021,19/08/21,CDD-869.93,1.Literatura brasileira- 2. Romance,"POMPÉIA, Raul",O ATENEU,ÚNICO,3,FORTALEZA,BRINK BRASIL,2018,SEDUC-CE,1ª,,
1589/2021,19/08/21,CDD.869.1,1.Literatura brasileira- 2. poesia,"ALVES, Castro",OS ESCRAVOS,ÚNICO,,FORTALEZA,BRINK BRASIL,2018,SEDUC-CE,1ª,,
1590/2021,19/08/21,CDD-869.3,1.Literatura portuguesa 2 novela,"QUEIRÓS, Eça de",O MANDARIM,ÚNICO,,FORTALEZA,BRINK BRASIL,2018,SEDUC-CE,1ª,,
1591/2021,19/08/21,CDD-869.93,1.Literatura brasileira- 2. Romance,"AZEVEDO, Aluísio",O CORTIÇO,ÚNICO,11,FORTALEZA,BRINK BRASIL,2018,SEDUC-CE,1ª,,
1592/2021,19/08/21,CDD-869.93,1.Literatura brasileira- 2. Romance,"BILAC, Olavo ",ANTOLOGIA POÉTICA,ÚNICO,,FORTALEZA,BRINK BRASIL,2018,SEDUC-CE,1ª,,
1593/2021,19/08/21,CDD-869.3,1.Literatura portuguesa 2 Romance,"QUEIRÓS, Eça de",O PRIMO BASÍLIO,ÚNICO,2,FORTALEZA,BRINK BRASIL,2018,SEDUC-CE,1ª,,
1594/2021,19/08/21,CDD-869.3,1.Literatura portuguesa 2 Romance,"QUEIRÓS, Eça de",ALVES & CIA,ÚNICO,,FORTALEZA,BRINK BRASIL,2018,SEDUC-CE,1ª,,
1595/2021,19/08/21,CDD.869.1,1.Literatura brasileira- 2. poesia,"CAMÕES, Luís de",OS LUSÍADAS,ÚNICO,2,FORTALEZA,BRINK BRASIL,2018,SEDUC-CE,1ª,,
1596/2021,19/08/21,CDD-869.93,1.Literatura brasileira- 2. Romance,"ALENCAR, José de ",ENCARNAÇÃO,ÚNICO,1,FORTALEZA,BRINK BRASIL,2018,SEDUC-CE,1ª,,
1597/2021,19/08/21,CDD-869.93,1.Literatura brasileira- 2. Romance,"QUEIRÓS, Eça de",A RELÍQUIA,ÚNICO,3,FORTALEZA,BRINK BRASIL,2018,SEDUC-CE,1ª,,
1598/2021,19/08/21,CDD- 840,1. Fábula francesa. Ficção francesa.,"SAINT-EXUPÉRY, Antoine de",O PEQUENO PRÍNCIPE,ÚNICO,2,SÃO PAULO,GEEK,,RESSARCIMENTO,ESPECIAL,,
1599/2021,19/08/21,CDD-370,1. Pré-universitário 2. educação,"FARIAS, José Airton de",UMA BREVE HISTÓRIA DO ÍNDIO NO BRASIL,ÚNICO,,FORTALEZA,SAS SISTEMA DE ENSINO,2012,,,,
1600/2021,19/08/21,CDD-370,1. Pré-universitário 2. educação,"FARIAS, José Airton de",INDÍGENAS NO BRASIL E POVOS DA ÁFRICA BREVES HISTÓRIAS,ÚNICO,,FORTALEZA,SAS SISTEMA DE ENSINO,,DOAÇÃO  PROFESSORA AISLANE,2ª,,
1601/2021,20/10/21,CDD-133.9,1. Romance espírita,"CEZAR, Marcelo (PELO ESPÍRITO MARCO AURÉLIO)",O AMOR É PARA OS FORTES,ÚNICO,1,SÃO PAULO,VIDA & CONSCIÊNCIA,2015,DOAÇÃO  ALUNA SHAYANE GOMES DA SILVA,1ª,,
1602/2021,20/10/21,CDD-813,1. Ficção americana,"SPARKS, Nicholas",UMA CARTA DE AMOR,ÚNICO,,SÃO PAULO,ARQUEIRO,2014,DOAÇÃO  ALUNA SHAYANE GOMES DA SILVA,NÃO CONSTA,,
1603/2021,20/10/21,CDD-823,1. Literatura inglesa. 2.Romance,"CARROL, Lewis",ALICE NO PAÍS DAS MARAVILHAS,ÚNICO,4,"BARUERI, SP",CIRANDA CULTURAL,2018,DOAÇÃO  ALUNA SHAYANE GOMES DA SILVA,1ª ,,
1604/2021,20/10/21,CDD-158.1280835,1. Psicologia aplicada - adolescente 2. Literatura infantojuvenil,"MATTJE, Gilberto Dari",TOSCO,ÚNICO,,CAMPO GRANDE,GRÁFICA E EDITORA ALVORADA,2009,DOAÇÃO  ALUNA SHAYANE GOMES DA SILVA,1ª,,
1605/2021,20/10/21,CDD-028.5,1. Romance infantojuvenil escocês,"DOYLE, Arthur Conan",,ÚNICO,,"COTIA, SP",PÉ DA LETRA,2017,DOAÇÃO  ALUNA SHAYANE GOMES DA SILVA,NÃO CONSTA,,
1606/2021,20/10/21,CDD-823.9,1. Ficção irlandesa,"HEGARTY, Shane",DARKMOUTH,ÚNICO,,"RIBEIRÃO PRETO, SP",NOVO CONCEITO EDITORA,2017,DOAÇÃO  ALUNA SHAYANE GOMES DA SILVA,NÃO CONSTA,,
1607/2021,20/10/21,CDD-869.98,1. Crônica brasileira,"VERISSIMO, Luis Fernando",ED MORT: TODAS AS HISTÓRIAS,ÚNICO,,RIO DE JANEIRO,OBJETIVA,2011,DOAÇÃO  ALUNA SHAYANE GOMES DA SILVA,NÃO CONSTA,,
1608/2021,20/10/21,CDD-153.14,1. Mnemônica,"DELL'ISOLA, Alberto",MENTES EXTRAORDINÁRIAS: COMO DESENVOLVER TODO O POTENCIAL DO SEU CÉREBRO,ÚNICO,,SÃO PAULO,UNIVERSO DOS LIVROS,2018,DOAÇÃO  ALUNA SHAYANE GOMES DA SILVA,NÃO CONSTA,,
1609/2021,20/10/21,CDD-869.3,1. Ficção brasileira 2. Suspense 3. Terror,"DEBRITO, Marcos",A CASA DOS PESADELOS,ÚNICO,,"BARUERI, SP",FARO EDITORIAL,2019,DOAÇÃO  ALUNA SHAYANE GOMES DA SILVA,NÃO CONSTA,,
1610/2021,20/10/21,CDD-231.73,1. Deus (Cristianismo) - Amor. 2. Milagres,"KENT, Carol",MILAGRES DO ÁGAPE: HISTÓRIAS REAIS E MOTIVADORAS SOBRE O PODER DO AMOR DE DEUS,ÚNICO,,RIO DE JANEIRO,VALENTINA,2018,DOAÇÃO  ALUNA SHAYANE GOMES DA SILVA,1ª,,
1611/2021,29/10/21,CDD-302.2,1. Signos e símbolos: Comunicação: Sociologia,"O'CONNELL, Mark","ALMANAQUE ILUSTRADO SÍMBOLOS: ORIGENS, SIGNIFICADOS, UTILIZAÇÃO E REVELAÇÕES: OS CÓDIGOS SECRETOS DOS MISTÉRIOS, MAGIA E SABEDORIA  DE TODOS OS TEMPOS",ÚNICO,,SÃO PAULO,EDITORA ESCALA,2016,,4ª,,
1612/2022,10/01/22,CDD-807,1. Leitura literária: Ensino,VÁRIOS AUTORES,CÍRCULOS DE LEITURA: A ARTE DO ENCONTRO,ÚNICO,11,SÃO PAULO,EDITORIAL,2018,,1ª,,
1613/2022,10/01/22,CDD.869.1,1.Literatura brasileira- 2. poesia,"DIAS, Francinaldo Silva",DELÍRIOS,ÚNICO,,"CRATO,CE",EDITORA BSG,2014,DOAÇÃO PROFESSOR JOÃO PAULO ROCHA,NÃO CONSTA,,
1614/2022,10/01/22,CDD-869.93,1. Literatura brasileira: contos,"FIGUEIRA, J. Apolônio C.",ACONTECEU NO PORTO DAS NUVENS,ÚNICO,,FORTALEZA,EXPRESSÃO GRÁFICA E EDITORA,2004,DOAÇÃO PROFESSOR JOÃO PAULO ROCHA,NÃO CONSTA,,
1615/2022,10/01/22,CDD-158.1,1. Perseverança: Auto-ajuda: Psicologia,"LOHNE, Alf",O AMANHÃ COMEÇA HOJE: SUGESTÕES PARA UMA VIDA DE SUCESSO,ÚNICO,,"TATUÍ, SP",CASA PUBLICADORA BRASILEIRA,2008,DOAÇÃO PROFESSOR JOÃO PAULO ROCHA,NÃO CONSTA,,
1616/2022,10/01/22,CDD-469,1. Língua Portuguesa. 2. Enem. 3. Livro didático. 4. Ensino médio,"SÁ, Cícera Alves Agostinho de",A LÍNGUA PORTUGUESA NO ENSINO MÉDIO: DOS DOCUMENTOS OFICIAIS À PRÁTICA ESCOLAR,ÚNICO,1,FORTALEZA,SEDUC,2019,SEDUC-CE,NÃO CONSTA,,
1617/2022,10/01/22,CDD-028.9,1. Leitura. 2. Multiletramentos. 3. Letramento. 4. Gêneros,"SOUSA, Caio Eder Santiago Lopes de ",OS MULTILETRAMENTOS COMO MOTIVADORES DA PRÁTICA DE LEITURA E SALA DE AULA,ÚNICO,1,FORTALEZA,SEDUC,2019,SEDUC-CE,NÃO CONSTA,,
1618/2022,10/01/22,CDD-248.844,1. Família: Guias de vida cristã: Cristianismo,"OLIVER, Willie",ESPERANÇA PARA A FAMÍLIA: O CAMINHO PARA UM FINAL FELIZ,ÚNICO,,"TATUÍ, SP",CASA PUBLICADORA BRASILEIRA,2018,DOAÇÃO ALUNA GEOVANNA AVELINO,1ª,,
1619/2022,10/01/22,CDD-869.93,1. LIteratura brasileira: Romance,"AZEVEDO, Aluísio",O CORTIÇO,ÚNICO,12,"JANDIRA, SP",CIRANDA CULTURAL,2018,RESSARCIMENTO ALUNA MARIA SOLENE,2ª,,
1620/2022,27/04/22,CDD-813,1. Romance americano,"SHELDON, Sidney",ANJO DA ESCURIDÃO,ÚNICO,,RIO DE JANEIRO,RECORD,2012,RESSARCIMENTO ALUNO ANTONIO LAYSON,2ª,,
1621/2022,05/05/2022,CDD-869.93,1. Ficção brasileira,"COELHO, Paulo",O ALQUIMISTA,ÚNICO,,RIO DE JANEIRO,SEXTANTE,2012,RESSARCIMENTO ALUNO ANTONIO BISPO,NÃO CONSTA,,
1622/2022,10/05/2022,CDD-869.93,1. Crônicas,"RODRIGUES, Nelson",A PÁTRIA DE CHUTEIRAS,ÚNICO,,RIO DE JANEIRO,NOVA FRONTEIRA,2013,,NÃO CONSTA,,
1623/2022,10/05/2022,CDD-355,1. Ciência militar. 2. Estratégia,SUN TZU,A ARTE E OS PRINCÍPIOS DA GUERRA,ÚNICO,,SÃO PAULO,UNIVERSO DOS LIVROS,2008,,NÃO CONSTA,,
1624/2022,10/05/2022,CDD-158.1,1. Psicologia - Comportamento 2. Equilíbrio pessoal,"ABREU, Jarbas",SEJA INDISPENSÁVEL,ÚNICO,,FORTALEZA,PREMIUS GRÁFICA E EDITORA,2018,,NÃO CONSTA,,
1625/2022,18/05/2022,CDD-813,1. Romance americano,"GARCIA, Kami",DEZESSEIS LUAS,ÚNICO,1,RIO DE JANEIRO,GALERA RECORD,2013,DOAÇÃO-ALUNA MARIA CAIONARA,6ª edição,,
1626/2023,24/02/23,CDD-469,1. Língua Portuguesa. 2. Enem. 3. Livro didático. 4. Ensino médio,"SÁ, Cícera Alves Agostinho de",A LÍNGUA PORTUGUESA NO ENSINO MÉDIO: DOS DOCUMENTOS OFICIAIS À PRÁTICA ESCOLAR,ÚNICO,2,FORTALEZA,SEDUC,2019,SEDUC-CE,NÃO CONSTA,,
1627/2023,24/02/23,CDD-469,1. Língua Portuguesa. 2. Enem. 3. Livro didático. 4. Ensino médio,"SÁ, Cícera Alves Agostinho de",A LÍNGUA PORTUGUESA NO ENSINO MÉDIO: DOS DOCUMENTOS OFICIAIS À PRÁTICA ESCOLAR,ÚNICO,3,FORTALEZA,SEDUC,2019,SEDUC-CE,NÃO CONSTA,,
1628/2023,24/02/23,CDD-469,1. Língua Portuguesa. 2. Enem. 3. Livro didático. 4. Ensino médio,"SÁ, Cícera Alves Agostinho de",A LÍNGUA PORTUGUESA NO ENSINO MÉDIO: DOS DOCUMENTOS OFICIAIS À PRÁTICA ESCOLAR,ÚNICO,4,FORTALEZA,SEDUC,2019,SEDUC-CE,NÃO CONSTA,,
1629/2023,24/02/23,CDD-028.9,1. Leitura. 2. Multiletramentos. 3. Letramento. 4. Gêneros,"SOUSA, Caio Eder Santiago Lopes de ",OS MULTILETRAMENTOS COMO MOTIVADORES DA PRÁTICA DE LEITURA E SALA DE AULA,ÚNICO,2,FORTALEZA,SEDUC,2019,SEDUC-CE,NÃO CONSTA,,
1630/2023,24/02/23,CDD-028.9,1. Leitura. 2. Multiletramentos. 3. Letramento. 4. Gêneros,"SOUSA, Caio Eder Santiago Lopes de ",OS MULTILETRAMENTOS COMO MOTIVADORES DA PRÁTICA DE LEITURA E SALA DE AULA,ÚNICO,3,FORTALEZA,SEDUC,2019,SEDUC-CE,NÃO CONSTA,,
1631/2023,24/02/23,CDD-028.9,1. Leitura. 2. Multiletramentos. 3. Letramento. 4. Gêneros,"SOUSA, Caio Eder Santiago Lopes de ",OS MULTILETRAMENTOS COMO MOTIVADORES DA PRÁTICA DE LEITURA E SALA DE AULA,ÚNICO,4,FORTALEZA,SEDUC,2019,SEDUC-CE,NÃO CONSTA,,
1632/2023,24/02/23,CDU-291.4,1. Vocação religiosa. 2. Congregações religiosas. 3. Caminhos Pastorais. 4. Profissionalização. 5. Sertanejos e a Seca - Ceará. 6. Reforma Agrária - Ceará,"FONTES, Ir. Cleide",RASTROS AGRÁRIOS: DA TERRA O BROTAR DA CIDADANIA,ÚNICO,1,FORTALEZA,GRÁFICA ENCAIXE,2014,SEDUC-CE,1ª,,
1633/2023,24/02/23,CDU-291.4,1. Vocação religiosa. 2. Congregações religiosas. 3. Caminhos Pastorais. 4. Profissionalização. 5. Sertanejos e a Seca - Ceará. 6. Reforma Agrária - Ceará,"FONTES, Ir. Cleide",RASTROS AGRÁRIOS: DA TERRA O BROTAR DA CIDADANIA,ÚNICO,2,FORTALEZA,GRÁFICA ENCAIXE,2014,SEDUC-CE,1ª,,
1634/2023,24/02/23,CDD-400,1. Literatura Angolana. 2. Ondjaki. 3. Infância,"NASCIMENTO, Marlúcia Nogueira do",DE PAISAGENS E INFÂNCIAS EM ONDJAKI OU UMA POÉTICA DOS ANOS 80,ÚNICO,1,FORTALEZA,SEDUC,2019,SEDUC-CE,NÃO CONSTA,,
1635/2023,24/02/23,CDD-400,1. Literatura Angolana. 2. Ondjaki. 3. Infância,"NASCIMENTO, Marlúcia Nogueira do",DE PAISAGENS E INFÂNCIAS EM ONDJAKI OU UMA POÉTICA DOS ANOS 80,ÚNICO,2,FORTALEZA,SEDUC,2019,SEDUC-CE,NÃO CONSTA,,
1636/2023,24/02/23,CDD-400,1. Literatura Angolana. 2. Ondjaki. 3. Infância,"NASCIMENTO, Marlúcia Nogueira do",DE PAISAGENS E INFÂNCIAS EM ONDJAKI OU UMA POÉTICA DOS ANOS 80,ÚNICO,3,FORTALEZA,SEDUC,2019,SEDUC-CE,NÃO CONSTA,,
1637/2023,24/02/23,CDD-869.93,1. Literatura brasileira. 2. Contos,"ALVES, Luís Carlos Ribeiro",O HÓSPEDE E OUTROS CONTOS,ÚNICO,1,FORTALEZA,SEDUC,2019,SEDUC-CE,NÃO CONSTA,,
1638/2023,24/02/23,CDD-869.93,1. Literatura brasileira. 2. Contos,"ALVES, Luís Carlos Ribeiro",O HÓSPEDE E OUTROS CONTOS,ÚNICO,2,FORTALEZA,SEDUC,2019,SEDUC-CE,NÃO CONSTA,,
1639/2023,24/02/23,CDD-869.93,1. Literatura brasileira. 2. Contos,"ALVES, Luís Carlos Ribeiro",O HÓSPEDE E OUTROS CONTOS,ÚNICO,3,FORTALEZA,SEDUC,2019,SEDUC-CE,NÃO CONSTA,,
1640/2023,24/02/23,CDD-869.93,1. Literatura brasileira. 2. Contos,"ALVES, Luís Carlos Ribeiro",O HÓSPEDE E OUTROS CONTOS,ÚNICO,4,FORTALEZA,SEDUC,2019,SEDUC-CE,NÃO CONSTA,,
1641/2023,24/02/23,CDD-305,1. Conjunto Palmeiras. 2. Memórias. 3. Narrativas. 4. Lutas Sociais,"RABELO, Cristiano Rodrigues",MEMÓRIAS DE NOSSAS LUTAS: NARRATIVAS DO CONJUNTO PALMEIRAS,ÚNICO,,FORTALEZA,SEDUC,2017,SEDUC-CE,NÃO CONSTA,,
1642/2023,27/02/23,CDD-869,1. Literatura brasileira. 2. Poemas,"SOARES, Paulo Cesar Ferreira",ALGUNS POEMAS,ÚNICO,1,FORTALEZA,SEDUC,2019,SEDUC-CE,NÃO CONSTA,,
1643/2023,27/02/23,CDD-869,1. Literatura brasileira. 2. Poemas,"SOARES, Paulo Cesar Ferreira",ALGUNS POEMAS,ÚNICO,2,FORTALEZA,SEDUC,2019,SEDUC-CE,NÃO CONSTA,,
1644/2023,27/02/23,CDD-869,1. Literatura brasileira. 2. Poemas,"SOARES, Paulo Cesar Ferreira",ALGUNS POEMAS,ÚNICO,3,FORTALEZA,SEDUC,2019,SEDUC-CE,NÃO CONSTA,,
1645/2023,27/02/23,CDD-808.889282,1. Literatura infantojuvenil. 2. Literatura inglesa,"CARROL, Lewis",ALICE NO PAÍS DAS MARAVILHAS,ÚNICO,5,SÃO PAULO,UNIVERSO DOS LIVROS,2014,RESSARCIMENTO ALUNA RENARA,NÃO CONSTA,,
1646/2023,27/02/23,CDD-869.8996733,1. Romance angolano,PEPETELA,SE O PASSADO NÃO TIVESSE ASAS,ÚNICO,,RIO DE JANEIRO,CASA DA PALAVRA,2018,PNLD LITERÁRIO,2ª,,
1647/2023,27/02/23,CDD-869.1,1. Poesia brasileira,"SOUZA, Gabriella Santos Rodrigues de",CANTOS DA SEMENTE DO MARTÍRIO,ÚNICO,1,SÃO PAULO,ZÉ-ZAPT EDITORA LTDA,2019,PNLD LITERÁRIO,1ª,,
1648/2023,27/02/23,CDD-869.1,1. Poesia brasileira,"SOUZA, Gabriella Santos Rodrigues de",CANTOS DA SEMENTE DO MARTÍRIO,ÚNICO,2,SÃO PAULO,ZÉ-ZAPT EDITORA LTDA,2019,PNLD LITERÁRIO,1ª,,
1649/2023,27/02/23,CDD-869.1,1. Poesia brasileira,"SOUZA, Gabriella Santos Rodrigues de",CANTOS DA SEMENTE DO MARTÍRIO,ÚNICO,3,SÃO PAULO,ZÉ-ZAPT EDITORA LTDA,2019,PNLD LITERÁRIO,1ª,,
1650/2023,27/02/23,CDD-869.1,1. Poesia brasileira,"SOUZA, Gabriella Santos Rodrigues de",CANTOS DA SEMENTE DO MARTÍRIO,ÚNICO,4,SÃO PAULO,ZÉ-ZAPT EDITORA LTDA,2019,PNLD LITERÁRIO,1ª,,
1651/2023,27/02/23,CDD-869.1,1. Poesia brasileira,"SOUZA, Gabriella Santos Rodrigues de",CANTOS DA SEMENTE DO MARTÍRIO,ÚNICO,5,SÃO PAULO,ZÉ-ZAPT EDITORA LTDA,2019,PNLD LITERÁRIO,1ª,,
1652/2023,27/02/23,CDD-B869.3,1. Literatura brasileira. 2. Racismo. 3. Preconceitos,"PRATS, Beatriz","CONSCIÊNCIA, CONSEQUÊNCIA",ÚNICO,1,SÃO PAULO,UNIVERSO DOS LIVROS,2019,PNLD LITERÁRIO,1ª,EXTRAVIADO E RESSARCIDO,
1653/2023,27/02/23,CDD-B869.3,1. Literatura brasileira. 2. Racismo. 3. Preconceitos,"PRATS, Beatriz","CONSCIÊNCIA, CONSEQUÊNCIA",ÚNICO,2,SÃO PAULO,UNIVERSO DOS LIVROS,2019,PNLD LITERÁRIO,1ª,,
1654/2023,27/02/23,CDD-B869.3,1. Literatura brasileira. 2. Racismo. 3. Preconceitos,"PRATS, Beatriz","CONSCIÊNCIA, CONSEQUÊNCIA",ÚNICO,3,SÃO PAULO,UNIVERSO DOS LIVROS,2019,PNLD LITERÁRIO,1ª,,
1655/2023,27/02/23,CDD-B869.3,1. Literatura brasileira. 2. Racismo. 3. Preconceitos,"PRATS, Beatriz","CONSCIÊNCIA, CONSEQUÊNCIA",ÚNICO,4,SÃO PAULO,UNIVERSO DOS LIVROS,2019,PNLD LITERÁRIO,1ª,,
1656/2023,27/02/23,CDD-B869.3,1. Literatura brasileira. 2. Racismo. 3. Preconceitos,"PRATS, Beatriz","CONSCIÊNCIA, CONSEQUÊNCIA",ÚNICO,5,SÃO PAULO,UNIVERSO DOS LIVROS,2019,PNLD LITERÁRIO,1ª,,
1657/2023,27/02/23,CDD-869.3,1. Ficção brasileira,"NOVAES, Vinicius Cellurale",SOLO MÃE,ÚNICO,1,"CAMPINAS, SP",SABER E LER,2018,PNLD LITERÁRIO,1ª,,
1658/2023,27/02/23,CDD-869.3,1. Ficção brasileira,"NOVAES, Vinicius Cellurale",SOLO MÃE,ÚNICO,2,"CAMPINAS, SP",SABER E LER,2018,PNLD LITERÁRIO,1ª,,
1659/2023,27/02/23,CDD-869.3,1. Ficção brasileira,"NOVAES, Vinicius Cellurale",SOLO MÃE,ÚNICO,3,"CAMPINAS, SP",SABER E LER,2018,PNLD LITERÁRIO,1ª,,
1660/2023,27/02/23,CDD-869.3,1. Ficção brasileira,"NOVAES, Vinicius Cellurale",SOLO MÃE,ÚNICO,4,"CAMPINAS, SP",SABER E LER,2018,PNLD LITERÁRIO,1ª,,
1661/2023,27/02/23,CDD-869.3,1. Ficção brasileira,"NOVAES, Vinicius Cellurale",SOLO MÃE,ÚNICO,5,"CAMPINAS, SP",SABER E LER,2018,PNLD LITERÁRIO,1ª,,
1662/2023,27/02/23,CDD-869.93,1. Literatura brasileira. 2. Romance. 3. Memórias,"SERAFIM, Luciana",CICLO 90,ÚNICO,1,ARARIPE,SEDUC ARARIPE,2018,DOAÇÃO,NÃO CONSTA,,
1663/2023,27/02/23,CDD-869.93,1. Literatura brasileira. 2. Romance. 3. Memórias,"SERAFIM, Luciana",CICLO 90,ÚNICO,2,ARARIPE,SEDUC ARARIPE,2018,DOAÇÃO,NÃO CONSTA,,
1664/2023,27/02/23,CDD-869.93,1. Literatura brasileira. 2. Romance. 3. Memórias,"SERAFIM, Luciana",CICLO 90,ÚNICO,3,ARARIPE,SEDUC ARARIPE,2018,DOAÇÃO,NÃO CONSTA,,
1665/2023,27/02/23,CDD-869.93,1. Literatura brasileira. 2. Romance. 3. Memórias,"SERAFIM, Luciana",CICLO 90,ÚNICO,4,ARARIPE,SEDUC ARARIPE,2018,DOAÇÃO,NÃO CONSTA,,
1666/2023,27/02/23,CDD-869.93,1. Literatura brasileira. 2. Romance. 3. Memórias,"SERAFIM, Luciana",CICLO 90,ÚNICO,5,ARARIPE,SEDUC ARARIPE,2018,DOAÇÃO,NÃO CONSTA,,
1667/2023,27/02/23,CDD-869.93,1. Literatura brasileira. 2. Romance. 3. Memórias,"SERAFIM, Luciana",CICLO 90,ÚNICO,6,ARARIPE,SEDUC ARARIPE,2018,DOAÇÃO,NÃO CONSTA,,
1668/2023,27/02/23,CDD-869.93,1. Literatura brasileira. 2. Romance. 3. Memórias,"SERAFIM, Luciana",CICLO 90,ÚNICO,7,ARARIPE,SEDUC ARARIPE,2018,DOAÇÃO,NÃO CONSTA,,
1669/2023,27/02/23,CDD-869.93,1. Literatura brasileira. 2. Romance. 3. Memórias,"SERAFIM, Luciana",CICLO 90,ÚNICO,8,ARARIPE,SEDUC ARARIPE,2018,DOAÇÃO,NÃO CONSTA,,
1670/2023,27/02/23,CDD-869.93,1. Literatura brasileira. 2. Romance. 3. Memórias,"SERAFIM, Luciana",CICLO 90,ÚNICO,9,ARARIPE,SEDUC ARARIPE,2018,DOAÇÃO,NÃO CONSTA,,
1671/2023,27/02/23,CDD-869.93,1. Literatura brasileira. 2. Romance. 3. Memórias,"SERAFIM, Luciana",CICLO 90,ÚNICO,10,ARARIPE,SEDUC ARARIPE,2018,DOAÇÃO,NÃO CONSTA,,
1672/2023,27/02/23,CDD-869.93,1. Literatura brasileira. 2. Romance. 3. Memórias,"SERAFIM, Luciana",CICLO 90,ÚNICO,11,ARARIPE,SEDUC ARARIPE,2018,DOAÇÃO,NÃO CONSTA,,
1673/2023,27/02/23,CDD-869.93,1. Literatura brasileira. 2. Romance. 3. Memórias,"SERAFIM, Luciana",CICLO 90,ÚNICO,12,ARARIPE,SEDUC ARARIPE,2018,DOAÇÃO,NÃO CONSTA,,
1674/2023,27/02/23,CDD-869.93,1. Literatura brasileira. 2. Romance. 3. Memórias,"SERAFIM, Luciana",CICLO 90,ÚNICO,13,ARARIPE,SEDUC ARARIPE,2018,DOAÇÃO,NÃO CONSTA,,
1675/2023,27/02/23,CDD-869.93,1. Literatura brasileira. 2. Romance. 3. Memórias,"SERAFIM, Luciana",CICLO 90,ÚNICO,14,ARARIPE,SEDUC ARARIPE,2018,DOAÇÃO,NÃO CONSTA,,
1676/2023,27/02/23,CDD-869.93,1. Literatura brasileira. 2. Romance. 3. Memórias,"SERAFIM, Luciana",CICLO 90,ÚNICO,15,ARARIPE,SEDUC ARARIPE,2018,DOAÇÃO,NÃO CONSTA,,
1677/2023,27/02/23,CDD-869.93,1. Literatura brasileira. 2. Romance. 3. Memórias,"SERAFIM, Luciana",CICLO 90,ÚNICO,16,ARARIPE,SEDUC ARARIPE,2018,DOAÇÃO,NÃO CONSTA,,
1678/2023,27/02/23,CDD-869.93,1. Literatura brasileira. 2. Romance. 3. Memórias,"SERAFIM, Luciana",CICLO 90,ÚNICO,17,ARARIPE,SEDUC ARARIPE,2018,DOAÇÃO,NÃO CONSTA,,
1679/2023,27/02/23,CDD-869.93,1. Literatura brasileira. 2. Romance. 3. Memórias,"SERAFIM, Luciana",CICLO 90,ÚNICO,18,ARARIPE,SEDUC ARARIPE,2018,DOAÇÃO,NÃO CONSTA,,
1680/2013,27/02/23,CDD-869.93,1. Literatura brasileira. 2. Romance. 3. Memórias,"SERAFIM, Luciana",CICLO 90,ÚNICO,19,ARARIPE,SEDUC ARARIPE,2018,DOAÇÃO,NÃO CONSTA,,
1681/2013,27/02/23,CDD-869.93,1. Literatura brasileira. 2. Romance. 3. Memórias,"SERAFIM, Luciana",CICLO 90,ÚNICO,20,ARARIPE,SEDUC ARARIPE,2018,DOAÇÃO,NÃO CONSTA,,
1682/2023,27/02/23,CDD-869.93,1. Literatura brasileira. 2. Romance. 3. Memórias,"SERAFIM, Luciana",CICLO 90,ÚNICO,21,ARARIPE,SEDUC ARARIPE,2018,DOAÇÃO,NÃO CONSTA,,
1683/2023,27/02/23,CDD-869.93,1. Literatura brasileira. 2. Romance. 3. Memórias,"SERAFIM, Luciana",CICLO 90,ÚNICO,22,ARARIPE,SEDUC ARARIPE,2018,DOAÇÃO,NÃO CONSTA,,
1984/2023,27/02/23,CDD-869.93,1. Literatura brasileira. 2. Romance. 3. Memórias,"SERAFIM, Luciana",CICLO 90,ÚNICO,23,ARARIPE,SEDUC ARARIPE,2018,DOAÇÃO,NÃO CONSTA,,
1685/2023,27/02/23,CDD-869.93,1. Literatura brasileira. 2. Romance. 3. Memórias,"SERAFIM, Luciana",CICLO 90,ÚNICO,24,ARARIPE,SEDUC ARARIPE,2018,DOAÇÃO,NÃO CONSTA,,
1686/2023,27/02/23,CDD-869.93,1. Literatura brasileira. 2. Romance. 3. Memórias,"SERAFIM, Luciana",CICLO 90,ÚNICO,25,ARARIPE,SEDUC ARARIPE,2018,DOAÇÃO,NÃO CONSTA,,
1687/2023,02/03/23,CDD-320.981,"1. Serra, José, 1942. 2. Políticos -  Brasil - Biografia","SERRA, José",CINQUENTA ANOS ESTA NOITE,ÚNICO,,RIO DE JANEIRO,RECORD,2014,DOAÇÃO PROFESSORA SARAH,1ª,,
1688/2023,07/03/23,CDD-262.7,1. Bíblia. N.T. Evangelhos - Meditações. 2. Vida cristã,"WASHER, Paul",O VERDADEIRO EVANGELHO: REDESCOBRINDO A MENSAGEM MAIS IMPORTANTE DA ESCRITURA,ÚNICO,,"SÃO JOSÉ DOS CAMPOS, SP",FIEL,2016,DOAÇÃO PROFESSORA SARAH,1ª,,
1689/2023,07/03/23,CDD-745.2,1.Desenho industrial - Estudo e ensino - Brasil. 2. Design - Estudo e ensino - Brasil,"CARA, Milena",DO DESENHO INDUSTRIAL AO DESIGN NO BRASIL: UMA BIBLIOGRAFIA CRÍTICA PARA A DISCIPLINA,ÚNICO,,SÃO PAULO,BLUCHER,2010,DOAÇÃO PROFESSORA SARAH,NÃO CONSTA,,
1690/2023,07/03/23,CDD-869.93,1. Romance brasileiro,"CARDOSO, Lúcio",A LUZ NO SUBSOLO,ÚNICO,,RIO DE JANEIRO,CIVILIZAÇÃO BRASILEIRA,2003,DOAÇÃO PROFESSORA SARAH,3ª,,
1691/2023,07/03/23,CDD-658.812,1. Clientes: Marketing de relacionamento: Administração de empresas,"FERNANDES, Walberto",EXCELÊNCIA NO ATENDIMENTO A CLIENTE,ÚNICO,,"SALTO, SP",EDITORA SCHOBA,2010,DOAÇÃO PROFESSORA SARAH,1ª,,
1692/2023,07/03/23,CDD-658.022,1. Empreendedorismo. 2. Pequenas e médias empresas,"DORNELAS, José Carlos Assis",EMPREENDEDORISMO: TRANSFORMANDO IDEIAS EM NEGÓCIOS,ÚNICO,,RIO DE JANEIRO,ELSEVIER,2008,DOAÇÃO PROFESSORA SARAH,3ª,,
1693/2023,07/03/23,CDD-332.02401,1. Moeda - Aspectos psicológicos. 2. Milionários,"EKER, T. Harv",OS SEGREDOS DA MENTE MILIONÁRIA,ÚNICO,1,RIO DE JANEIRO,SEXTANTE,2020,DOAÇÃO PROFESSORA CRISTIANE,NÃO CONSTA,,
1694/2023,07/03/23,CDD-823,1. Literatura inglesa,"BRONTË, Emily",O MORRO DOS VENTOS UIVANTES,ÚNICO,2,"JANDIRA, SP",CIRANDA CULTURAL,2019,ALUNA ANA CLARISSE ÁLVARO JANUÁRIO,3ª,,
1695/2023,07/03/23,CDD-158.1,1.Autoconsciência. 2. Filosofia da mente. 3. Teoria do autoconhecimento. 4. Memória,"CURY, Augusto",A FASCINANTE CONSTRUÇÃO DO EU,ÚNICO,2,SÃO PAULO,PLANETA,2011,DOAÇÃO PROFESSORA CRISTIANE,NÃO CONSTA,,
1696/2023,07/03/23,CDD-363.7,"1. Analista ambiental - Problemas, questões, exercícios. 2. Analista ambiental - Concursos",VÁRIOS AUTORES,700 QUESTÕES COMENTADAS DE PROVAS E CONCURSOS PARA ANALISTA AMBIENTAL,ÚNICO,,SALVADOR,EKOA EDUCAÇÃO,2022,DOAÇÃO PROFESSOR GUSTAVO LEITE,NÃO CONSTA,,
1697/2023,07/03/23,CDD-158.1,1. Auto-realização (Psicologia). 2. Sucesso,"CARNEGIE, Dale",COMO FAZER AMIGOS E INFLUENCIAR PESSOAS,ÚNICO,,SÃO PAULO,COMPANHIA EDITORA NACIONAL,2016,DOAÇÃO PROFESSORA CRISTIANE,53ª,,
1698/2023,13/04/23,CDD-133.,1. Romance brasileiro 2. Romance espírita,"GASPARETTO, Zibia",ENTRE O AMOR E A GUERRA,ÚNICO,,SÃO PAULO,VIDA E CONSCIÊNCIA,2018,DOAÇÃO ALUNO NAIRTON,2ª,,
1699/2023,13/04/23,CDD-028.5,1. Contos- Literatura infantojuvenil,"SEIXAS, Lucia",PROCURA-SE UM CORAÇÃO,ÚNICO,,SÃO PAULO,FTD,2010,DOAÇÃO PROFESSORA HÉLIDA,1ª,,
1700/2023,14/04/23,CDD-028-5,1.Literatura infantojuvenil,"TWAIN, Mark",O PRÍNCIPE E O MENDIGO,ÚNICO,2,SÃO PAULO,SCIPIONE,2001,DOAÇÃO PROFESSORA HÉLIDA,2ª,,
1701/2023,14/04/23,CDD-869.93,1.Literatura brasileira. 2. Romance,"PUNTEL, Luiz",MENINOS SEM PÁTRIA,ÚNICO,,SÃO PAULO,ÁTICA,1994,DOAÇÃO PROFESSORA HÉLIDA,14 ª,,
1702/2023,14/04/23,CDD-869.93,1.Literatura brasileira. 2.Conto,"BAGNO, Marcos",MACHADO DE ASSIS PARA INICIANTES,ÚNICO,,SÃO PAULO,ÁTICA,2000,DOAÇÃO PROFESSORA HÉLIDA,2ª,,
1703/2023,14/04/23,CDD-028-5,1.Literatura infantojunvenil,"NICOLELIS, Giselda Laporta",O SOL DA LIDERDADE,ÚNICO,,SÃO PAULO,ATUAL,2004,DOAÇÃO PROFESSORA HÉLIDA,23ª,,
1704/2023,14/04/23,CDD-869.93,1. Literatura brasileira. 2.Crônicas,"MARTINELLI, Tânia Alexandre",O QUE É QUE EU POSSO FAZER?,ÚNICO,,SÃO PAULO,ATUAL,1964,DOAÇÃO PROFESSORA HÉLIDA,7ª,,
1705/2023,14/04/23,CDD-028.5,1.Literatura infantojuvenil. 2.Brasil - História - Guerra de Canudos,"SCLIAR, Moacyr",O SERTÃO VAI VIRAR MAR,ÚNICO,,SÃO PAULO,ÁTICA,2008,DOAÇÃO PROFESSORA HÉLIDA,2ª,,
1706/2023,14/04/23,CDD-028.5,1. Literatura infantojuvenil,"CLAVER, Ronald",DIÁRIO DO OUTRO,ÚNICO,1,SÃO PAULO,ATUAL,2004,DOAÇÃO PROFESSORA HÉLIDA,15ª,,
1707/2023,14/04/23,CDD-028.5,1.Literatura infantojuvenil,"ROWLING, J.K",HARRY POTTER E A PEDRA FILOSOFAL,VOL. 1,2,RIO DE JANEIRO,ROCCO,2000,DOAÇÃO PROFESSORA HÉLIDA,NÃO CONSTA,,
1708/2023,14/04/23,CDD-028.5,1.Literatura infantojuvenil,"ROWLING, J.K",HARRY POTTER E A CÂMARA SECRETA, VOL. 2,2,RIO DE JANEIRO,ROCCO,2000,DOAÇÃO PROFESSORA HÉLIDA,NÃO CONSTA,,
1709/2023,14/04/23,CDD-028.5,1.Literatura infantojuvenil,"ROWLING, J.K",HARRY POTTER E O PRISIONEIRO DE AZKABAN,VOL. 3,2,RIO DE JANEIRO,ROCCO,2000,DOAÇÃO PROFESSORA HÉLIDA,NÃO CONSTA,,
1710/2023,17/04/23,CDD-028.5,1.Literatura infantojuvenil,"ROWLING, J.K",HARRY POTTER E O CÁLICE DE FOGO,VOL. 4,2,RIO DE JANEIRO,ROCCO,2001,DOAÇÃO PROFESSORA HÉLIDA,NÃO CONSTA,,
1711/2023,17/04/23,CDD-028.5,1.Literatura infantojuvenil,"ROWLING, J.K",HARRY POTTER E O ENIGMA DO PRÍNCIPE,VOL. 6,2,RIO DE JANEIRO,ROCCO,2005,DOAÇÃO PROFESSORA HÉLIDA,NÃO CONSTA,,
1712/2023,17/04/23,CDD-028.5,1.Literatura infantojuvenil,"ROWLING, J.K",HARRY POTTER E AS RELÍQUIAS DA MORTE,VOL. 7,2,RIO DE JANEIRO,ROCCO,2007,DOAÇÃO PROFESSORA HÉLIDA,NÃO CONSTA,,
1713/2023,17/04/23,CDD-028.5,1. Literatura infantojuvenil inglesa,"BARRIE, J.M.",PETER PAN,ÚNICO,,RIO DE JANEIRO,ZAHAR,2013,DOAÇÕ ALUNA LARA GABRIELLE,1ª,,
1714/2023,18/04/23,CDD 637.1,1.Sustentabilidade. 2.Leite e derivados. 3.Políticas públicas. 4.agronegócio do leite. 5.Sistemas de produção,VÁRIOS AUTORES,FÓRUM DAS AMÉRICAS: LEITE E DERIVADOS,ÚNICO,,JUIZ DE FORA,EMBRAPA GADO DE LEITE,2009,,1ª,,
1715/2023,18/04/23,CDD 637.1,1. Integração lavoura/pecuária. 2. Qualidade do leite. 3. Segurança alimentar. 4. Saúde animal. 5. Gestão de propriedade,VÁRIOS AUTORES,TECNOLOGIA E GESTÃO NA ATIVIDADE LEITEIRA,ÚNICO,,JUIZ DE FORA,EMBRAPA GADO DE LEITE,2005,,NÃO CONSTA,,
1716/2023,18/04/23, CDD-800,1. Literatura. 2. Coletânea de textos sobre ética,VÁRIOS AUTORES,HISTÓRIAS SOBRE ÉTICA,VOL. 27,,SÃO PAULO,ÁTICA,2002,DOAÇÃO PROFESSORA HÉLIDA,4ª,,
1717/2023,18/04/23,CDD-334.68371,1. Cooperativas. 2. Leite. Censo,VÁRIOS AUTORES,O FUTURO DO COOPERATIVISMO DE LEITE,ÚNICO,,JUIZ DE FORA,EMBRAPA GADO DE LEITE,2004,,1ª,,
1718/2023,18/04/23,CDD-371.26,1. Avaliação Educacional - Brasil. 2. Sociologia Educacional. 3. Educação - Brasil. 4. Curriculum - Educação,VÁRIOS AUTORES,MÚLTIPLAS DIMENSÕES EM AVALIAÇÃO EDUCACIONAL,ÚNICO,,FORTALEZA,IMPRECE,2010,,NÃO CONSTA,,
1719/2023,18/04/23,CDD-375.0083,1. Meio ambiente. 2. Política ambiental. 3. Reciclagem. 4. Recurso hídrico,VÁRIOS AUTORES,MEIO AMBIENTE E A ESCOLA,VOL. 7,,"BRASÍLIA, DF",EMBRAPA ,2012,,NÃO CONSTA,,
1720/2023,18/04/23,CDD-333.2,1. Cynodon. 2. Forrageiras. 3. Cynodon - silagens. 4. Bovino de leite,VÁRIOS AUTORES,CYNODON: FORRAGEIRAS QUE ESTÃO REVOLUCIONANDO A PECUÁRIA BRASILEIRA,ÚNICO,,JUIZ DE FORA,EMBRAPA GADO DE LEITE,2005,,NÃO CONSTA,,
1721/2023,18/04/23,CDD-636.2142,1. Bovinos - Leite - Genética - Estatística. 2. Bovinos - Seleção - Raças - Tipos  - Cruzamentos,VÁRIOS AUTORES,MELHORAMENTO GENÉTICO DE BOVINOS DE LEITE,ÚNICO,,JUIZ DE FORA,EMBRAPA GADO DE LEITE,2001,,NÃO CONSTA,,
1722/2023,18/04/23,CDU-658.512.2,1. Gestão Empresarial. 2. Gestão do design. 3. Planejamento estratégico,"MARTINS, Rosane Fonseca de Freitas",A GESTÃO DE DESIGN COMO ESTRATÉGIA ORGANIZACIONAL,ÚNICO,,RIO DE JANEIRO,RIO BOOKS,2011,,2ª,,
1723/2023,18/04/23,CDD-546,1. Metais e seus componentes. 2. Metais - Homem,"ESPERIDIÃO, Ivone Mussa; NÓBREGA, Olímpio",OS METAIS E O HOMEM,ÚNICO,,SÃO PAULO,ÁTICA,2010,,5ª,,
1724/2023,18/04/23,CDD-133.93,1. Espiritismo. 2. Psicografia. 3. Romance espírita,"GASPARETTO, Zíbia",TUDO VALE A PENA,ÚNICO,,SÃO PAULO,VIDA & CONSCIÊNCIA,2004,DOAÇÃO PROFESSORA MARTA SOUSA,1ª,,
1725/2023,18/04/23,CDD-833.7,1. Ficção. 2. Literatura Alemã,"KAFKA, Franz",O PROCESSO,ÚNICO,,COTIA - SP,PÉ DA LETRA,2018,DOAÇÃO PROFESSORA MARTA SOUSA,NÃO CONSTA,,
1726/2023,18/04/23,CDD-813.6,1. Ficção norte-americana. 2. Família. 3. Amor,"SHERIDAN, Mia",O MELHOR DE VOCÊ: UMA HISTÓRIA DE AMOR,ÚNICO,,SÃO PAULO,UNIVERSO DOS LIVROS,2019,DOAÇÃO PROFESSORA MARTA SOUSA,NÃO CONSTA,,
1727/2023,18/04/23,CDD-028.5,1. Literatura infantojuvenil,"BANDEIRA, Pedro",A MARCA DE UMA LÁGRIMA,ÚNICO,,SÃO PAULO,AVALIA EDUCACIONAL,2021,MATERIAL DE DIVULGAÇÃO - ESCOLHA DE LIVRO,1ª,,
1728/2023,18/04/23,CDD-028.5,1. Contos - Literatura juvenil,VÁRIOS AUTORES,O AMANHÃ CHEIO DE HISTÓRIAS,ÚNICO,,SÃO PAULO,FTD,2021,MATERIAL DE DIVULGAÇÃO - ESCOLHA DE LIVRO,1ª,,
1729/2023,18/04/23,CDD-028.5,1. Literatura infantojuvenil - Teatro,"CARRASCO, Walcyr",SONHO DE UMA NOITE DE VERÃO,ÚNICO,1,SÃO PAULO,PITANGUÁ,2021,MATERIAL DE DIVULGAÇÃO - ESCOLHA DE LIVRO,1ª,,
1730/2023,18/04/23,CDD-B869.8,1. Crônicas brasileiras,"CASTRO, Ruy",A MELANCIA QUADRADA,ÚNICO,1,SÃO PAULO,AVALIA EDUCACIONAL,2021,MATERIAL DE DIVULGAÇÃO - ESCOLHA DE LIVRO,1ª,,
1731/2023,18/04/23,CDD-028.5,1. Ficção - Literatura infantojuvenil - Crônicas,"BRANDÃO, Ignácio de Loyola",A MORENA DA ESTAÇÃO,ÚNICO,,SÃO PAULO,SIEDUC,2021,MATERIAL DE DIVULGAÇÃO - ESCOLHA DE LIVRO,1ª,,
1732/2023,18/04/23,CDD-869.9,1. Literatura brasileira. 2. Romance,"KUPSTAS, Marcia",FRONTEIRAS,ÚNICO,,PORTO ALEGRE,EDIPUCRS,2021,MATERIAL DE DIVULGAÇÃO - ESCOLHA DE LIVRO,1ª,,
1733/2023,18/04/23,CDD-028.5,1.Escritores brasileiros - autobiografia. 2.Pellegrini,"PELLEGRINI, Domingos",MESTRES DA PAIXÃO,ÚNICO,,SÃO PAULO,SALAMANDRA,2021,MATERIAL DE DIVULGAÇÃO - ESCOLHA DE LIVRO,1ª,,
1734/2023,18/04/23,CDD-028.5,1.Ficção - literatura infantojuvenil,"PRETA, Stanislaw Ponte",DOIS AMIGOS E UM CHATO,ÚNICO,1,SÃO PAULO,MODERNA,2020,MATERIAL DE DIVULGAÇÃO - ESCOLHA DE LIVRO,3ª,,
1735/2023,18/04/23,CDD-028.5,1.Literatura juvenil,"VINEY, Brigit Anna",PRIDE AND PREJUDICE,ÚNICO,,PORTO ALEGRE,MEDIAÇÃO,2021,MATERIAL DE DIVULGAÇÃO - ESCOLHA DE LIVRO,1ª,,
1736/2023,18/04/23,CDD-028.5,1. Literatura infantojuvenil,"SCLIAR, Moacyr",A COLINA DOS SUSPIROS,ÚNICO,,SÃO PAULO,PITANGUÁ,2021,MATERIAL DE DIVULGAÇÃO - ESCOLHA DE LIVRO,1ª,,
1737/2023,18/04/23,CDD-028.5,1. Ficção - Literatura infantojuvenil,"CARRASCO, Walcyr",A MEGERA DOMADA,ÚNICO,1,SÃO PAULO,SIEDUC,2021,MATERIAL DE DIVULGAÇÃO - ESCOLHA DE LIVRO,1ª,,
1738/2023,18/04/23,CDD-028.5,1. Ficção - Literatura infantojuvenil,"QUINTANA, Mario",NARIZ DE VIDRO,ÚNICO,2,SÃO PAULO,MODERNA,2020,MATERIAL DE DIVULGAÇÃO - ESCOLHA DE LIVRO,3ª,,
1739/2023,18/04/23,CDD-028.5,1. Literatura infantojuvenil,"CARRASCO, Walcyr",DOM QUIXOTE,ÚNICO,1,SÃO PAULO,RICHMOND,2021,MATERIAL DE DIVULGAÇÃO - ESCOLHA DE LIVRO,1ª,,
1740/2023,18/04/23,CDD-028.5,1. Folclore indígena. 2. Povos indígenas - Brasil,"MUNDURUKU, Daniel",ANTOLOGIA DE CONTOS INDÍGENAS DE ENSINAMENTO: TEMPO DE HISTÓRIAS,ÚNICO,,SÃO PAULO,RICHMOND,2021,MATERIAL DE DIVULGAÇÃO - ESCOLHA DE LIVRO,1ª,,
1741/2023,12/05/23,CDD- 928.6981,1. Biografia – personagens históricos brasileiros.,VÁRIOS AUTORES,PATRONOS,VOL. 2,1,ARARIPE,HB GRÁFICA,2020,DOAÇÃO ANTONIA LÚCIA NUNES DE ALENCAR ALMEIDA,1ª,,
1742/2023,12/05/23,CDD- 928.6981,1. Biografia – personagens históricos brasileiros.,VÁRIOS AUTORES,PATRONOS,VOL. 2,2,ARARIPE,HB GRÁFICA,2020,DOAÇÃO ANTONIA LÚCIA NUNES DE ALENCAR ALMEIDA,1ª,,
1743/2023,12/05/23,CDD- 928.6981,1. Biografia – personagens históricos brasileiros.,VÁRIOS AUTORES,PATRONOS,VOL. 2,3,ARARIPE,HB GRÁFICA,2020,DOAÇÃO ANTONIA LÚCIA NUNES DE ALENCAR ALMEIDA,1ª,,
1744/2023,12/05/23,CDD- 928.6981,1. Biografia – personagens históricos brasileiros.,VÁRIOS AUTORES,PATRONOS,VOL. 2,4,ARARIPE,HB GRÁFICA,2020,,1ª,,
1745/2023,12/05/23,CDD- 928.6981,1. Biografia – personagens históricos brasileiros.,VÁRIOS AUTORES,PATRONOS,VOL. 2,5,ARARIPE,HB GRÁFICA,2020,,1ª,,
1746/2023,12/05/23,CDD-004,1. Ciência da computação. 2. Metodologia e Técnicas de Computação. 3. Especificação de Sistemas e Programas. 4. Computação Aplicada,"BARRIVIERA, Rodolfo",INTRODUÇÃO À INFORMÁTICA,ÚNICO,2,CURITIBA,LIVRO TÉCNICO,2012,,NÃO CONSTA,,
1747/2023,12/05/23,CDD-741.5,1. Histórias em quadrinhos,"GOÉS, Gabriel",MAPINGUARI,ÚNICO,,SÃO PAULO,FTD,2021,MATERIAL DE DIVULGAÇÃO - ESCOLHA DE LIVRO,1ª,,
1748/2023,12/05/23,CDD-741.5,1. Histórias em quadrinhos,"ASSIS, Machado de",QUINCAS BORBA,ÚNICO,1,SÃO PAULO,QUINTETO,2021,MATERIAL DE DIVULGAÇÃO - ESCOLHA DE LIVRO,1ª,,
1749/2023,12/05/23,CDD-621.381,1. Eletrônica,"BIASI, Ronaldo S. de",O MUNDO DA ELETRÔNICA,VOL. 40,,RIO DE JANEIRO,RECORD,1966,,NÃO CONSTA,,
1750/2023,15/06/23,CDD-828.99113,1. Literatura irlandesa. 2. Romance,"STOKER, Bram",DRÁCULA,ÚNICO,1,"JANDIRA, SP",PRINCIPIS,2020,DOAÇÃO PROJETO CAFÉ COM OS CLÁSSICOS ,NÃO CONSTA,,
1751/2023,15/06/23,CDD-823,1. Literatura inglesa. 2. Teatro,"SHAKESPEARE, William",HAMLET,ÚNICO,,"JANDIRA, SP",PRINCIPIS,2021,DOAÇÃO PROJETO CAFÉ COM OS CLÁSSICOS ,NÃO CONSTA,,
1752/2023,15/06/23,CDD-823,1. Literatura inglesa. 2. Tragédia,"SHAKESPEARE, William",ROMEU E JULIETA,ÚNICO,,"JANDIRA, SP",PRINCIPIS,2021,DOAÇÃO PROJETO CAFÉ COM OS CLÁSSICOS ,NÃO CONSTA,,
1753/2023,15/06/23,CDD-843,1. Literatura francesa. 2. Romance,"HUGO, Victor",OS TRABALHADORES DO MAR,ÚNICO,,"JANDIRA, SP",PRINCIPIS,2019,DOAÇÃO PROJETO CAFÉ COM OS CLÁSSICOS ,NÃO CONSTA,,
1754/2023,15/06/23,CDD-320,1. Ciência política. 2. Ética política,"MAQUIAVEL, Nicolau",O PRÍNCIPE,ÚNICO,1,"BARUERI, SP",CAMELOT,2019,DOAÇÃO PROJETO CAFÉ COM OS CLÁSSICOS ,NÃO CONSTA,,
1755/2023,15/06/23, CDD-928,1. Carta autobiográfica. 2. Memórias. 3. Literatura alemã,"KAFKA, Franz",CARTA AO PAI,ÚNICO,,PORTO ALEGRE,L&PM POCKET,2020,DOAÇÃO PROJETO CAFÉ COM OS CLÁSSICOS ,NÃO CONSTA,,
1756/2023,15/06/23,CDD-843,1. Literatura francesa. 2. Romance,"HUGO, Victor",OS MISERÁVEIS,ÚNICO,2,"JANDIRA, SP",PRINCIPIS,2020,DOAÇÃO PROJETO CAFÉ COM OS CLÁSSICOS ,NÃO CONSTA,,
1757/2023,15/06/23,CDD-891.73,1. Literatura russa. 2. Romance,"DOSTOIÉVSKI, Fiódor",CRIME E CASTIGO,ÚNICO,1,"JANDIRA, SP",PRINCIPIS,2020,DOAÇÃO PROJETO CAFÉ COM OS CLÁSSICOS ,NÃO CONSTA,,
1758/2023,15/06/23,CDD-823,1. Literatura inglesa. 2. Romance,"AUSTEN, Jane",ORGULHO E PRECONCEITO,ÚNICO,2,"JANDIRA, SP",CIRANDA CULTURAL,2018,DOAÇÃO PROJETO CAFÉ COM OS CLÁSSICOS ,NÃO CONSTA,,
1759/2023,15/06/23,CDD-823,1. Ficção inglesa,"AUSTEN, Jane",RAZÃO E SENSIBILIDADE,ÚNICO,2,"BARUERI, SP",PRINCIPIS,2018,DOAÇÃO PROJETO CAFÉ COM OS CLÁSSICOS ,NÃO CONSTA,,
1760/2023,15/06/23,CDD-823.91,1. Literatura inglesa. 2. Ficção,"AUSTEN, Jane",A ABADIA DE NORTHANGER,ÚNICO,1,"JANDIRA, SP",CIRANDA CULTURAL,2018,DOAÇÃO PROJETO CAFÉ COM OS CLÁSSICOS ,NÃO CONSTA,,
1761/2023,15/06/23,CDD-242,1. Literatura cristã,"BUNYAN, John",O PEREGRINO,ÚNICO,,"JANDIRA, SP",PRINCIPIS,2019,DOAÇÃO PROJETO CAFÉ COM OS CLÁSSICOS ,NÃO CONSTA,,
1762/2023,15/06/23,CDD-869.41,1. Literatura portuguesa,"QUEIRÓS, Eça de",A RELÍQUIA,ÚNICO,4,"BARUERI, SP",CIRANDA CULTURAL,2018,DOAÇÃO PROJETO CAFÉ COM OS CLÁSSICOS ,NÃO CONSTA,,
1763/2023,15/06/23,CDD-891.73,1. Literatura russa,"TOLSTÓI, Liév",A MORTE DE IVAN LLITCH,ÚNICO,1,"JANDIRA, SP",PRINCIPIS,2019,DOAÇÃO PROJETO CAFÉ COM OS CLÁSSICOS ,NÃO CONSTA,,
1764/2023,15/06/23,CDD-891.73,1. Literatura russa. 2. Romance,"TOLSTÓI, Liév",GUERRA E PAZ,ÚNICO,1,"JANDIRA, SP",PRINCIPIS,2020,DOAÇÃO PROJETO CAFÉ COM OS CLÁSSICOS ,NÃO CONSTA,,
1765/2023,16/06/23,CDD-823,1. Literatura inglesa. 2. Teatro,"SHAKESPEARE, William",MACBETH,ÚNICO,,"JANDIRA, SP",PRINCIPIS,2021,DOAÇÃO PROJETO CAFÉ COM OS CLÁSSICOS ,NÃO CONSTA,,
1766/2023,16/06/23,CDD-028.5,1. Literatura juvenil. 2. Literatura inglesa,"DEFOE, Daniel",A VIDA E AS AVENTURAS DE ROBINSON CRUSOÉ,ÚNICO,1,"JANDIRA, SP",PRINCIPIS,2019,DOAÇÃO PROJETO CAFÉ COM OS CLÁSSICOS ,NÃO CONSTA,,
1767/2023,16/06/23,CDD-028.5                                                                                                                                                                                                                                                                                                                     ,1. Literatura infantil. 2. Literatura inglesa,"BURNETT, Frances Hodgson",O JARDIM SECRETO,ÚNICO,,"JANDIRA, SP",PRINCIPIS,2021,DOAÇÃO PROJETO CAFÉ COM OS CLÁSSICOS ,NÃO CONSTA,,
1768/2023,16/06/23,CDD-869.93,1. Romance brasileiro,"OLÍMPIO, Domingos",LUZIA-HOMEM,VOL. 29,,SÃO PAULO,ESCALA,NÃO CONSTA,DOAÇÃO PROJETO CAFÉ COM OS CLÁSSICOS ,2ª,,
1769/2023,16/06/23,CDD-869.93,1. Romance brasileiro,"ALENCAR, José de ",SENHORA,VOL. 12,4,SÃO PAULO,ESCALA,NÃO CONSTA,DOAÇÃO PROJETO CAFÉ COM OS CLÁSSICOS ,2ª,,
1770/2023,16/06/23,CDD-869.93,1. Romance brasileiro,"ALENCAR, José de ",ENCARNAÇÃO,VOL. 13,2,SÃO PAULO,ESCALA,NÃO CONSTA,DOAÇÃO PROJETO CAFÉ COM OS CLÁSSICOS ,NÃO CONSTA,,
1771/2023,16/06/23,CDD-823,1. Literatura inglesa. 2. Teatro,"SHAKESPEARE, William",SONHO DE UMA NOITE DE VERÃO,ÚNICO,2,SÃO PAULO,OBJETIVO,NÃO CONSTA,DOAÇÃO PROJETO CAFÉ COM OS CLÁSSICOS ,NÃO CONSTA,,
1772/2023,16/06/23,CDD-869.91,1. Poesia brasileira,"DIAS, Gonçalves",I-JUCA-PIRAMA E OS TIMBIRAS,ÚNICO,,SÃO PAULO,ESCALA EDUCACIONAL,2008,DOAÇÃO PROJETO CAFÉ COM OS CLÁSSICOS ,NÃO CONSTA,,
1773/2023,16/06/23,CDD-823,1. Ficção inglesa. 2. Literatura inglesa - Romance,"AUSTEN, Jane",PERSUASÃO,ÚNICO,1,COTIA (SP),PÉ DA LETRA,2018,DOAÇÃO PROFESSORA MARTA WILLEIANE DE JESUS SOUSA,NÃO CONSTA,,
1774/2023,16/06/23,CDD-869.93,1. Romance brasileiro,"CAMINHA, Adolfo",A NORMALISTA,ÚNICO,,SÃO PAULO,FTD,1994,DOAÇÃO PROFESSORA MARTA WILLEIANE DE JESUS SOUSA,NÃO CONSTA,,
1775/2023,16/06/23,CDD-869.93,1. Romance brasileiro,"ASSIS, Machado de",MEMÓRIAS PÓSTUMAS DE BRÁS CUBAS,ÚNICO,6,SÃO PAULO,CIRANDA CULTURAL,2018,DOAÇÃO PROFESSORA MARTA WILLEIANE DE JESUS SOUSA,NÃO CONSTA,,
1776/2023,16/06/23,CDD-869.93,1. Romance brasileiro,"ALMEIDA, Manuel Antônio de",MEMÓRIAS DE UM SARGENTO DE MILÍCIAS,ÚNICO,6,SÃO PAULO,NOBEL,2008,DOAÇÃO PROFESSORA MARTA WILLEIANE DE JESUS SOUSA,NÃO CONSTA,,
1777/2023,16/06/23,CDD-809,1. Crítica literária. 2. Ensaios. 3. Literatura - História e Crítica,"CALVINO, Italo",POR QUE LER OS CLÁSSICOS,ÚNICO,,SÃO PAULO,COMPANHIA DAS LETRAS,2007,DOAÇÃO PROFESSORA MARTA WILLEIANE DE JESUS SOUSA,1ª,,
1778/2023,16/06/23, CDD-869.1,1. Poesia portuguesa,"CAMÕES, Luís de",OS LUSÍADAS,ÚNICO,3,"COTIA, SP",PÉ DA LETRA,2018,DOAÇÃO PROFESSORA MARTA WILLEIANE DE JESUS SOUSA,1ª,,
1779/2023,16/06/23,CDD-940.5318092,"1. Frank, Anne, 1929-1945 - Biografia. 2. Crianças judias no Holocausto - Narrativas pessoais. 3. Holocausto judeu","LINDWER, Willy",OS SETE ÚLTIMOS MESES DE ANNE FRANK,ÚNICO,,SÃO PAULO,UNIVERSO DOS LIVROS,2018,DOAÇÃO ALUNA YASMIM ALVES DE AMORIM,NÃO CONSTA,,
1780/2023,16/06/23,CDD-808.4,1. Crônicas,"SALGUEIRO, Pedro",FORTALEZA VOADORA,ÚNICO,,FORTALEZA,IMPRECE,2007,,NÃO CONSTA,,
1781/2023,16/06/23,CDD-415,1. Fala. 2. Linguagem. 3. Textos - Linguística,"KOCH, Ingedore Grunfeld Villaça",O TEXTO E A CONSTRUÇÃO DOS SENTIDOS,ÚNICO,2,SÃO PAULO,CONTEXTO,2010,,9ª,,
1782/2023,16/06/23,CDD-028.5,1. Literatura Infantojuvenil,"ROWLING, J.K",HARRY POTTER E O PRISIONEIRO DE AZKABAN,VOL. 3,3,RIO DE JANEIRO,ROCCO,2000,,NÃO CONSTA,,
1783/2023,27/06/23,CDD-355,1. Ciência militar. 2. Estratégia,"TZU, Sun",A ARTE DA GUERRA,ÚNICO,1,"JANDIRA, SP",CIRANDA CULTURAL,2019,DOAÇÃO PROJETO CAFÉ COM OS CLÁSSICOS ,3ª,,
1784/2023,30/06/2023,CDD-869.89923,1. Literatura brasileira. 2. Romance ,"ASSIS, Machado de ",QUINCAS BORBA,ÚNICO ,6,"JANDIRA, SP",PRINCIPIS,2019,RESSARCIMENTO ALUNO PEDRO HENRIQUE,3ª,,
1785/2023,30/06/23,CDD-869.89923,1. Literatura brasileira. 2. Romance ,"ASSIS, Machado de ",DOM CASMURRO ,ÚNICO ,6,"JANDIRA, SP",CIRANDA CULTURAL ,2019,DOAÇÃO ALUNO PEDRO HENRIQUE ,3ª,,
1786/2023,06/10/23,CDD-028.5,1. Contos. 2. Literatura juvenil,"VIANA, Maria",CONTOS DE GUY DE MAUPASSANT,ÚNICO,,SÃO PAULO,DCL,2021,PNLD LITERÁRIO,2ª,,
1787/2023,06/10/23,CDD-869.93,1. Conto. 2. Literatura brasileira,"SEIXAS, Heloísa",CONTOS MAIS QUE MÍNIMOS,ÚNICO,,RIO DE JANEIRO,CRIATIVAMENTE,2021,PNLD LITERÁRIO,2ª,,
1788/2023,06/10/23,CDD-B869.3,1. Contos Brasileiros.,"ALMEIDA, Hugo","FELIZ ANIVERSÁRIO, CLARICE",ÚNICO,,BELO HORIZONTE,AUTÊNTICA,2021,PNLD LITERÁRIO,2ª,,
1789/2023,06/10/23,CDD-B869.3,1. Contos Brasileiros. 2. Comportamento humano - Ficção. 3. Projetos de vida. 4. Inquietações da juventude. 5. Ficção. 6. Mistério. 7. Fantasia. ,"COLASANTI, Marina",PENÉLOPE MANDA LEMBRANÇAS ,ÚNICO,,SÃO PAULO,PIGMENTO,2021,PNLD LITERÁRIO,1ª,,
1790/2023,06/10/23,CDD-028.5,1.Literatura infantojuvenil. 2. Conto,"RAMOS, Anna Claudia",PRA ONDE VÃO OS DIAS QUE PASSAM?,ÚNICO,,RIO DE JANEIRO,IMO'S,2021,PNLD LITERÁRIO,2ª,,
1791/2023,20/10/23,CDD-B869.3,1. Romance: Literatura brasileira,"SCOTTI, Myriam",QUEM CHAMAREI DE LAR?,ÚNICO,,"PINHEIRAL, RJ",PANTOGRAF,2021,PNLD LITERÁRIO,1ª,,
1792/2023,20/10/23,CDD-028.5,1. Ficção americana. 2. Literatura infantojuvenil,"PORTER, Eleanor H. ",POLIANA CRESCEU,ÚNICO,,"CAJAMAR, SP",ESCALA INTEGRADA,2021,PNLD LITERÁRIO,1ª,,
1793/2023,20/10/23,CDD-863,1. Romance espanhol,"SIERRA I FABRA, Jordi",BATENDO À PORTA DO CÉU,ÚNICO,,SÃO PAULO,BIRUTA,2021,PNLD LITERÁRIO,2ª,,
1794/2023,20/10/23,CDD-869.3,1. Literatura brasileira: Romance,"NABUCO, Carolina",CHAMA E CINZAS,ÚNICO,,SÃO PAULO,EDITORA INSTANTE,2021,PNLD LITERÁRIO,1ª,,
1795/2023,20/10/23,CDD-B869.93,1. Literatura brasileira: Romance,"SUASSUNA, Ariano",A HISTÓRIA DO AMOR DE FERNANDO E ISAURA,ÚNICO,,RIO DE JANEIRO,DUETTO,2021,PNLD LITERÁRIO,14ª,,
1796/2023,20/10/23,CDD-869.89923,1. Literatura brasileira: Ficção,"SANSO, Flávio",VIVA LUDOVICO1805,ÚNICO,,SÃO PAULO,QUATRO CANTOS,2021,PNLD LITERÁRIO,2ª,,
1797/2023,20/10/23,CDD-028.5,1. Literatura unfantojuvenil: Romance,"CARRASCO, Walcyr",DOM QUIXOTE,ÚNICO,2,SÃO PAULO,RICHMOND,2021,PNLD LITERÁRIO,1ª,,
1798/2023,20/10/23,CDD-869.3,1. Ficção brasileira,"BERNARDO, Gustavo",O MÁGICO DE VERDADE,ÚNICO,,RIO DE JANEIRO,LENDO E APRENDENDO,2021,PNLD LITERÁRIO,1ª,,
1799/2023,24/10/23,CDD-B869.3,1. Ficção brasileira,"CARVALHO, Campos de ",A LUA VEM DA ÁSIA,ÚNICO,,BELO HORIZONTE,CONTEMPORÂNEA,2021,PNLD LITERÁRIO,6ª,,
1800/2023,24/10/23,CDD-B869.3,1. Ficção brasileira,"AMADO, Jorge",CAPITÃES DA AREIA,ÚNICO,,SÃO PAULO,CLARO ENIGMA,2021,PNLD LITERÁRIO,1ª,,
1801/2023,24/10/23,CDD-028.5,1. Ficção: Literatura juvenil,"ROZSAS, Jeanette",AS VIDAS E AS MORTES DE FRANKENSTEIN,ÚNICO,,SÃO PAULO,TROIA EDITORA,2021,PNLD LITERÁRIO,2ª,,
1802/2023,24/10/23,CDD-M869.3,1. Ficção moçambicana,"COUTO, Mia","UM RIO CHAMADO TEMPO, UMA CASA CHAMADA TERRA",ÚNICO,,SÃO PAULO,EDITORA BONIFÁCIO,2021,PNLD LITERÁRIO,1ª,,
1803/2023,24/10/23,CDD-B869.3,1. Ficção brasileira 2. Projeto de vida 3. Inquietaçãoes da juventude 4. Diálogos com a sociologia e a antropologia 5. O jovem no mundo do trabalho 6. Disputas de poder 7. Mandonismo 8. Vida rural,"VEIGA, José J. ",O TRONO NO MORRO,ÚNICO,,SÃO PAULO,ÁTICA,2021,PNLD LITERÁRIO,1ª,,
1804/2023,24/10/23,CDD-B869.93,1. Literatura brasileira: romance juvenil,"FILHO, Manuel",VAI ENCARAR?,ÚNICO,,RIO DE JANEIRO,EDITORA BAMBOLÊ,2021,PNLD LITERÁRIO,NÃO CONSTA,,
1805/2023,24/10/23,CDD-869.93,1. Novela brasileira,"GOMES, Eustáquio",O VALE DE SOLOMBRA,ÚNICO,,SÃO PAULO,GERAÇÃO EDITORIAL,2021,PNLD LITERÁRIO,3ª,,
1806/2023,26/10/23,CDD-869.3,1. Ficção brasileira,"GOMEs,Helena ",ASSASSINATO NA BIBLIOTECA ,ÚNICO ,,RIO DE JANEIRO ,PRUMO ,2021,PNLD LITERÁRIO,1ª,,
1807/2023,26/10/23,CDD-808.899282,1.Literatura infanto juvenil brasileira.2.Ficção brasileira ,"RITER,Caio Dussarrat",TRÊS DIAS E MAIS ALGUNS,ÚNICO ,,RIO DE JANEIRO ,FGV EDITORA ,2021,PNLD LITERÁRIO,2ª,,
1808/2023,26/10/23,CDD-B869.1,1.Poesia brasileira ,"BANDEIRA,Manuel ",BANDEIRA ,ÚNICO ,,CURITIBA,A PÁGINA DISTRIBUIDORA ,2021,PNLD LITERÁRIO,7ª,,
1809/2023,26/10/23,CDD-028.5,1.Literatura juvenil.2.Literatura de cordel.3.Cultura ,PATATIVA DO ASSARÉ,UMA VOZ DO NORDESTE ,ÚNICO,,SÃO PAULO ,ÍNDICO,2021,PNLD LITERÁRIO,1ª,,
1810/2023,26/10/23,CDD-920.99405318,"1.Holocausto ,judeu-Romênia-Sighetu Marmañtiei 3 .Memórias-Autobiografia 4.Perguntas 5.Sobreviventes do Holocausto ","FRIED,Hédi",PERGUNTAS QUE ME FAZEM SOBRE O HOLOCAUSTO,ÚNICO ,,SÃO PAULO,EDITORA OCEANA ,2021,PNLD LITERÁRIO,1ª,,
1811/2023 ,26/10/23,CDD-299.7,1.Mitologia 2.Maias ,"PACHECO,Daniel Grecco",POPOL VUH ,ÚNICO ,,SÃO PAULO ,UBU EDITORA ,2021,PNLD LITERÁRIO,1ª,,
1812/2023 ,26/10/23,CDD-028.5,1.Literatura infantojuvenil ,"SHAKESPEARE, William",SONHO DE UMA NOITE DE VERÃO,ÚNICO,3,SÃO PAULO ,EDITORA PITANGUÁ ,2021,PNLD LITERÁRIO,1ª,,
1813/2023 ,26/10/23,CDD-981.05 ,"1.Pedro I, IMPERADOR DO BRASIL .2. Brasil-História","REZZUTTI,Paulo",D.PEDRO:A HISTÓRIA NÃO CONTADA ,ÚNICO ,,UBERLÂNDIA ,EUREKA SOLUÇÕES ,2021,PNLD LITERÁRIO,2ª,,
1814/2023,26/10/23,CDD-028.5,1.Literatura infantojuvenil ,"ALFEDRO,Olegário ",O PRÍCIPE EM CORDEL ,ÚNICO ,,BELO HORIZONTE,PENNINHA EDIÇÕES ,2021,PNLD LITERÁRIO ,2ª,,
1815/2023,26/10/23,CDD-028.5,1.Ficção-literatura infantojuvenil I,"ANDRADE,Tiago de Melo ",COMO SUBIR EM ÁRVORES ,ÚNICO,,SÃO PAULO,AKPALÔ EDITORA ,2020,PNLD LITERÁRIO,2ª,,
1816/2023,26/10/2023,CDD-028.5,1.literatura juvenil. 2. cultuta digital no cotidiano do jovem 3.a vulnerabilidade dos jovens 4. protagonismo juvenil 5.cidadania 6. ficção 7.mistério  8.fantasia ,"MARTINELLI, Tânia Alexandre",REDE DE ABUSOS ,ÚNICO,,SÃO PAULO ,TODAS AS LETRAS ,2021,PNLD LITERÁRIO ,1ª,,
1817/2023,26/10/23,CDD-869.3,1.Novela brasileira,"SOMBRA,Fábio ",A LENDA DO VIOLEIRO INVEJOSO ,ÚNICO ,,RIO DE JANEIRO ,JPA,2021,PNLD LITERÁRIO ,1ª,,
1818/2023,26/10/23,CDD-816,1.Cartas americanas 2. Mãe e filha ,"ANGELOU,Maya ",CARTA A MINHA FILHA ,ÚNICO ,,RIO DE JANIERO ,NOVA FRONTEIRA,2021,PNLD LITERÁRIO ,5ª,,
1819/2023,26/10/23,CDD-028.5,1.Diversidade cultural -literatura infantojuvenil 2.Ficção-infantojuvenil  3.Literatura infantojuvenil 4. Quilombos-História -infanto juvenil ,"SANTOS,Arquimino dos Santos ",UMA REVIRA VOLTA QUILOMBOLA ,ÚNICO ,,"ITAPIRA,SP",ESTRELA CULTURAL ,2021,PNLD LITERÁRIO ,3ª,,
1820/2023,26/10/23,CDD-813,1.Literatura canadense -romance .2. Ficção canadense ,"ATWOOD,Margaret",SEMENTE DE BRUXA ,ÚNICO,,SÃO PAULO ,EDITORA MORRO BRANCO ,2018,PNLD LITERÁRIO ,1ª,,
1821/2023,26/10/23,CDD-B869.8,1.Crônicas brasileiras ,"REY,Marcos ",SELEÇÃO E PREFÁCIO ,ÚNICO ,,PORTO ALEGRE,MGE,2021,PNLD LITERÁRIO ,2ª,,
1822/2023,26/10/23,CDD-B869.8,1. Crônicas 2.Crônicas brasileiras ,"BRAGA,Rubem",SELEÇÃO E PREFÁCIO ,ÚNICO  ,,BELO HORIZONTE,BOA VIAGEM ,2021,PNLD LITERÁRIO ,2ª,,
1823/2023,26/10/23,CDD-869.3,1.Ficção brasileira ,"KUCINSKI,B",JÚLIA :NOS CAMPOS CONFLAGRADOS DO SENHOR ,ÚNICO ,,SÃO PAULO ,ALAMEDA ,2021,PNLD LITERÁRIO ,2ª,,
1824/2023,26/10/23,CDD-869.3,1.Romance brasileiro ,"RAMOS,Graciliano ",VIDAS SECAS ,ÚNICO,,RIO DE JANIERO ,CAMERON ,2021,PNLD LITERÁRIO ,1ª,,
1825/2023,26/10/23,CDD-028.5,1.Crônicas brasileiras 2. Literatura infantojuvenil ,"PRATA,Mario ","PARIS,28!",ÚNICO,,SÃO PAULO ,EVOLUIR ,2021,PNLD LITERÁRIO,2ª,,
1826/2023,31/10/23,CDD-869.93,1. Literatura brasileira: Romance,"SOUZA, Ronaldo Luiz",EXPEDIÇÃO VERA CRUZ: UMA FANTÁSTICA AVENTURA PELOS MITOS E LENDAS DO BRASIL,ÚNICO,,RIO DE JANEIRO,VERMELHO MARINHO,2021,PNLD LITERÁRIO,2ª,,
1827/2023,31/10/23,CDD-028.5,1. Literatuta juvenil,"COHEN-JANCA, Irène",MARIE CURIE NO PAÍS DA CIÊNCIA,ÚNICO,,SÃO PAULO,EDITORA TIMBÓ,2021,PNLD LITERÁRIO,1ª,,
1828/2023,31/10/23,CDD-028.5,1. Mitologia grega: Literatura juvenil,"MESSIAS, Adriano",O POMO DA DISCÓRDIA: A HISTÓRIA DA GUERRA DE TROIA,ÚNICO,,SÃO PAULO,SOWILO EDITORA,2020,PNLD LITERÁRIO,1ª,,
1829/2023,31/10/23,CDD-741.5,1. Histórias em quadrinhos,"FERREIRA, Carlos",OS SERTÕES: A luta,ÚNICO,,RIO DE JANEIRO,PEQUENA ZAHAR,2021,PNLD LITERÁRIO,1ª,,
1830/2023,31/10/23,CDD-741.5,1. Ficção brasileira. 2. Histórias em quadrinhos,"VILACHÃ, Francisco",UM MÚSICO EXTRAORDINÁRIO: LIMA BARRETO EM QUADRINHOS,ÚNICO,,"SÃO PAULO, SP",KIT´S EDITORA,2021,PNLD LITERÁRIO,1ª,,
1831/2023,31/10/23,CDD-741.5,1. Histórias em quadrinhos,"FERREIRA, Laudo",IRACEMA DE JOSÉ DE ALENCAR,ÚNICO,,SÃO PAULO,ATELIÊ DA ESCRITA EDITORA,2021,PNLD LITERÁRIO,2ª,,
1832/2023,31/10/23,CDD-741.5,1. Histórias em quadrinhos: Biografia: Literatura juvenil,"GAUDÊNCIO, Bruno",EUCLIDES DA CUNHA EM QUADRINHOS,ÚNICO,,JOÃO PESSOA,DIRETA EDITORA,2021,PNLD LITERÁRIO,2ª,,
1833/2023,31/10/23,CDD-028.5,1. Literatura juvenil,"BARANDA, María",DENTE DE LEÃO,ÚNICO,,SÃO PAULO,FABBRICA DE IDEIAS EDITORA,2021,PNLD LITERÁRIO,2ª,,
1834/2023,31/10/23,CDD-741.5,1. Histórias em quadrinhos: Literatura americana: Biografia,"WALDEN, Tillie",SPINNING,ÚNICO,,SÃO PAULO,VENETA,2021,PNLD LITERÁRIO,2ª,,
1835/2023,07/11/23,CDD-B869.3,1. Literatura brasileira: Ficção,"MAMEDE, Gladston","UÍSQUE, POR FAVOR",ÚNICO,1,SÃO PAULO,LONGARINA,2017,DOAÇÃO PELO PRÓPRIO AUTOR,NÃO CONSTA,,
1836/2023,07/11/23,CDD-B869.3,1. Literatura brasileira: Ficção,"MAMEDE, Gladston","UÍSQUE, POR FAVOR",ÚNICO,2,SÃO PAULO,LONGARINA,2017,DOAÇÃO PELO PRÓPRIO AUTOR,NÃO CONSTA,,
1837/2023,07/11/23,CDD-B869,1. Literatura brasileira: Ficção,"MAMEDE, Gladston",INFERNO VERDE,ÚNICO,1,SÃO PAULO,LONGARINA,2019,DOAÇÃO PELO PRÓPRIO AUTOR,2ª,,
1838/2023,07/11/23,CDD-B869,1. Literatura brasileira: Ficção,"MAMEDE, Gladston",INFERNO VERDE,ÚNICO,2,SÃO PAULO,LONGARINA,2019,DOAÇÃO PELO PRÓPRIO AUTOR,2ª,,
1839/2023,07/11/23,CDD-641.5,1. Culinária 2. Gastronomia,"MAMEDE, Gladston",FRAGMENTOS DE UM DISCURSO MANDUCATÓRIO: QUESTÕES E MEDITAÇÕES (TAMBÉM) CULINÁRIAS E GASTRÔNOMICAS,ÚNICO,,BELO HORIZONTE,INSTITUTO PANDECTAS,2022,DOAÇÃO PELO PRÓPRIO AUTOR,NÃO CONSTA,,
1840/2023,16/11/23,CDD-B869.3,1. Ficção brasileira 2. Diálogos com a sociologia e a antropologia,"DUPRÉ, Maria José",ÉRAMOS SEIS,ÚNICO,,SÃO JOSÉ DOS CAMPOS,SGE,2021,PNLD LITERÁRIO,1ª,,
1841/2023,16/11/23,CDD-028.5,1. Brasil - História - Palmares,"GALDINO, Luiz",ZUMBI DOS PALMARES,ÚNICO,,"BARUERI, SP",EDITORIAL 25,2021,PNLD LITERÁRIO,2ª,,
1842/2023,16/11/23,CDD-869.3,1. Romance brasileiro,"RODRIGUES, Paulo",À MARGEM DA LINHA,ÚNICO,,SÃO PAULO,GRUA LIVROS,2019,PNLD LITERÁRIO,2ª,,
1843/2023,16/11/23,CDD-028.5,1. Ficção: Literatura infantojuvenil,"CARRASCO, Walcyr",A MEGERA DOMADA,ÚNICO,2,SÃO PAULO,SIEDUC,2021,PNLD LITERÁRIO,1ª,,
1844/2023,16/11/23,CDD-028.5,1. Ficção: Literatura infantojuvenil,"QUINTANA, Mario",NARIZ DE VIDRO,ÚNICO,2,SÃO PAULO,MODERNA,2013,PNLD LITERÁRIO,3ª,,
1845/2023,16/11/23,CDD-869.1,1. Poesia 2. Modernismo 3. Literatura brasileira,"ANDRADE, Mário de",PAULICEIA DESVAIRADA,ÚNICO,,RIO DE JANEIRO,ARLECCHINO,2021,PNLD LITERÁRIO,1ª,,
1846/2023,16/11/23,CDD-Co863,"1. Literatura Colombiana 2. García Márquez, Gabriel, - 1927-2014 - Infância e juventude","PARGA, Beatriz",A PROFESSORA E O NOBEL: GAABRIEL GARCÍA MÁRQUEZ,ÚNICO,,SÃO PAULO,TRGD,2021,PNLD LITERÁRIO,1ª,,
1847/2023,16/11/23,CDD-869,1. Literatura Brasileira. 2. Romance,"ILELIS, Neir",EU ESTAVA AQUI... E VOCÊ?,ÚNICO,,SÃO PAULO,N21,2020,PNLD LITERÁRIO,1ª,,
1848/2023,16/11/23,CDD-028.5,1. Literatura infantojuvenil,"BLADON, Rachel",ROMEO AND JULIET,ÚNICO,,SÃO PAULO,MACMILLAN EDUCATION DO BRASIL,2021,PNLD LITERÁRIO,1ª,,
1849/2023,16/11/23,CDD-B869.3,1. Romance brasileiro,"FRASER, Ian",MAR I.O,ÚNICO,,SALVADOR,FB: PUBLICAÇÕES,2021,PNLD LITERÁRIO,2ª,,
1850/2023,16/11/23,CDD-869.301,1. Literatura brasileira,"AZEVEDO, Julio",MOLETOM,ÚNICO,,SÃO PAULO,GLOBO LIVROS,2021,PNLD LITERÁRIO,1ª,,
1851/2023,16/11/23,CDD-869.93,1. Ficção: Literatura brasileira,"DRUMMOND, Roberto",DIA DE SÃO NUNCA À TARDE,ÚNICO,,SÃO PAULO,JARDIM DOS LIVROS,2021,PNLD LITERÁRIO,3ª,,
1852/2023,16/11/23,CDD-Ir823,1. Ficção: Literatura Irlandesa,"JOYCE, James",DUBLINENSES,ÚNICO,,RIO DE JANEIRO,ANDORINHAS,2021,PNLD LITERÁRIO,NÃO CONSTA,,
1853/2023,16/11/23,CDD-828.99153,1. Ficção irlandesa,"WILDE, Oscar",O RETRATO DE DORIAN GRAY,ÚNICO,2,SÃO PAULO,PANDA BOOKS,2021,PNLD LITERÁRIO,1ª,,
1854/2023,16/11/23,CDD-028.5,1. Literatura juvenil. 2. Romance Juvenil. 3. Protagonismo Juvenil. 4. Migração. 5. Projeto de Vida. 6. Bullying,"CUNHA, Marcelo Carneiro da",A MENINA DE ALEPPO,ÚNICO,,PORTO ALEGRE,ANTES EDITORA LTDA,2021,PNLD LITERÁRIO,NÃO CONSTA,,
1855/2023,17/11/23,CDD-B869.3,1. Ficção brasileira,"ROSA, Guimarães",GRANDE SERTÃO VEREDAS,ÚNICO,,SÃO PAULO,EDITORA REVIRAVOLTA,2021,PNLD LITERÁRIO,1ª,,
1856/2023,17/11/23,CDD-824,1. Literatura inglesa: conto,"NESBIT, Edith",A SOMBRA,ÚNICO,,"GUARUJÁ, SP",AMARE EDITORA,2021,PNLD LITERÁRIO,2ª,,
1857/2023,17/11/23,CDD-869.3,1. Contos brasileiros,"LISPECTOR, Clarice",FELICIDADE CLANDESTINA,ÚNICO,2,RIO DE JANEIRO,PRUMO ,2021,PNLD LITERÁRIO,1ª,,
1858/2023,17/11/23,CDD-869.308,1. Contos: Antologia: Literatura brasileira,VÁRIOS AUTORES,13 DOS MELHORES CONTOS DE AMOR,ÚNICO,,RIO DE JANEIRO,TRAMA,2021,PNLD LITERÁRIO,4ª,,
1859/2023,17/11/23,CDD-028.5,1. Ficção inglesa. 2. Literatura infantojuvenil. 3. Conto,"DICKENS, Charles",UM CONTO DE NATAL,ÚNICO,,"SÃO PAULO, SP",EDITORA BMH,2021,PNLD LITERÁRIO,1ª,,
1860/2023,17/11/23,CDD-813,1. Ficção norte-americana: Conto,"TWAIN, Mark",DIÁRIOS DE ADÃO E EVA,ÚNICO,,SÃO PAULO,EDLAB PRESS,2021,PNLD LITERÁRIO,1ª,,
1861/2023,17/11/23,CDD-028.5,1. Literatura juvenil. 2. Realismo fantástico. 3. Contos,"MESSIAS, Adriano",ALUADO E OUTROS CONTOS DE ALUMBRAMENTO,ÚNICO,,BELO HORIZONTE,ALUAR,2021,PNLD LITERÁRIO,2ª,,
1862/2023,17/11/23,CDD-800,1. Literatura 2. Narrativas,"BUSATTO, Cléo",ENAMORADOS,ÚNICO,,CURITIBA,CLB,2020,PNLD LITERÁRIO,NÃO CONSTA,,
1863/2023,17/11/23,CDD-028.5,1. Literatura juvenil: Conto,"QUIROGA, Horacio",AS FERAS CÚMPLICES,ÚNICO,,"UBATUBA, SP",LIVROS DA RAPOSA VERMELHA,2014,PNLD LITERÁRIO,1ª,,
1864/2023,17/11/23,CDD-869.3,1. Contos brasileiros,"CARRASCOZA, João Anzanello",DUAS TARDES: E OUTROS ENCONTROS SILENCIOSOS,ÚNICO,,SÃO PAULO,BOITEMPO,2021,PNLD LITERÁRIO,2ª,,
1865/2023,17/11/23,CDD-869.8992301,1. Literatura brasileira: Contos,"SIMÕES, Maria Lúcia",CONTOS CONTIDOS,ÚNICO,,BELO HORIZONTE,BAOBÁ,2021,PNLD LITERÁRIO,3ª,,
1866/2023,17/11/23,CDD-B869.3,1. Contos: Literatura brasilleira,"ROSA, João Guimarães",MELHORES CONTOS ,ÚNICO,,SÃO PAULO,EDITORA NOVA AGUILAR,2021,PNLD LITERÁRIO,2ª,,
1867/2023,17/11/23,CDD-B869.8,1. Contos: Literatuta brasileira,"TELLES, Lygia Fagundes",ANTES DO BAILE VERDE: CONTOS,ÚNICO,,SÃO PAULO,EDITORA BONIFÁCIO,2021,PNLD LITERÁRIO,1ª,,
1868/2023,17/11/23,CDD-B869.3,1. Literatura brasileira. 2. Contos,"LOBATO, Monteiro",UM SUPLÍCIO E OUTROS CONTOS,ÚNICO,,RIO DE JANEIRO,CIRCUITO,2021,PNLD LITERÁRIO,1ª,,
1869/2023,17/11/23,CDD-869.93,1. Conto. 2. Crônica. 3. Literatura brasileira,"CAMPOS, Humberto de",CONTOS E CRÔNICAS,ÚNICO,,RIO DE JANEIRO,VMP EDIÇÕES,2021,PNLD LITERÁRIO,2ª,,
1870/2023,17/11/23,CDD-028.5,1. Contos: Literatura infantojuvenil,"CARRASCOZA, João Anzanello",O MÍNIMO IMENSO,ÚNICO,,BELO HORIZONTE,YELLOWFANTE,2021,PNLD LITERÁRIO,2ª,,
1871/2023,17/11/23,CDD-P869.3,1. Ficção portuguesa,"SARAMAGO, José",ENSAIO SOBRE A CEGUEIRA,ÚNICO,,SÃO PAULO,ZAHAR,2021,PNLD LITERÁRIO,1ª,,
1872/2023,17/11/23,CDD-863,1. Ficção guatemalteca. 2. Memórias. 3. Identidade judaica,"HALFON, Eduardo",LUTO,ÚNICO,,SÃO PAULO,MUNDARÉU,2021,PNLD LITERÁRIO,2ª,,
1873/2023,17/11/23,CDD-833,1. Ficção: Literatura alemã,"ENDE, Michael",MOMO E O SENHOR DO TEMPO ,ÚNICO,,SÃO PAULO,EDITORA OCEANA ,2021,PNLD LITERÁRIO,1ª,,
1874/2023,17/11/23,CDD-869.3,1. Romance brasileiro,"MAGALHÃES, Carlos Eduardo de",OS JACARÉS,ÚNICO,,SÃO PAULO,GRUA LIVROS,2019,PNLD LITERÁRIO,2ª,,
1875/2023,17/11/23,CDD-891.7,1. Literatura russa. 2. Ficção científica,"ZAMIÁTIN, Ievguêni",NÓS,ÚNICO,,SÃO PAULO,ALEPH,2021,PNLD LITERÁRIO,3ª,,
1876/2023,17/11/23,CDD-813,1. Ficção: Literatura norte-americana,"WHITEHEAD, Colson",O REFORMATÓRIO NICKEL,ÚNICO,,RIO DE JANEIRO,CASA DOS LIVROS,2021,PNLD LITERÁRIO,1ª,,
1877/2023,17/11/23,CDD-869.3,1. Ficção brasileira,"MORENO, Claúdio",TROIA: O ROMANCE DE UMA GUERRA,ÚNICO,,PORTO ALEGRE,MUTANTE,2021,PNLD LITERÁRIO,1ª,,
1878/2023,17/11/23,CDD-869.3,1. Literatura brasileira: Romance histórico,"QUEIROZ, Dinah Silveira de",A MURALHA,ÚNICO,,SÃO PAULO,EDITORA ÁGUA VIVA,2021,PNLD LITERÁRIO,1ª,,
1879/2023,17/11/23,CDD-808.899282,1. Literatura infantojuvenil,"MOTA, Marcos",OBJETO DE PODER: A MALDIÇÃO DAS FADAS,ÚNICO,,BELO HORIZONTE,VIGÍLIA,2021,PNLD LITERÁRIO,1ª,,
1880/2023,17/11/23,CDD-028.5,1. Literatura infantojuvenil,"FALCÃO, Adriana",A MÁQUINA,ÚNICO,1,"GUARULHOS, SP",SALAMANDRA,2021,PNLD LITERÁRIO,1ª,,
1881/2023,17/11/23,CDD-M863,1. Ficção: literatura mexicana,"BARANDA, María",UMA HISTÓRIA POSSÍVEL,ÚNICO,,CURITIBA,OLHO DE VIDRO,2021,PNLD LITERÁRIO,1ª,,
1882/2023,17/11/23,CDD-869.3,1. Romance brasileiro,"ZATZ, Lia",A MENINA QUE NÃO QUERIA SER TOP MODEL,ÚNICO,,SÃO PAULO,GAIVOTA,2021,PNLD LITERÁRIO,1ª,,
1883/2023,17/11/23,CDD-808.899282,1. Diários - Literatura infantojuvenil brasileira,"SOUZA, Shirley",ESPELHOS,ÚNICO,,SÃO PAULO,GUIA DOS CURIOSOS,2021,PNLD LITERÁRIO,1ª,,
1884/2023,17/11/23,CDD-Ir823,1. Ficção irlandesa. 2. Literatura irlandesa - Romance,"WILDE, Oscar",O RETRATO DE DORIAN GRAY,ÚNICO,3,SÃO PAULO,SÃO PAULO,2021,PNLD LITERÁRIO,1ª,,
1885/2023,17/11/23,CDD-028.5,1. Ficção: Literatura juvenil,"MYERS, Walter Dean",MONSTRO,ÚNICO,,SÃO PAULO,EDITORA WMF MARTINS FONTES LTDA,2021,PNLD LITERÁRIO,2ª,,
1886/2023,17/11/23,CDD-869.3,1. Romance brasileiro,"BAUER, Daniella",MORADA DAS LEMBRANÇAS,ÚNICO,,SÃO PAULO,GAIVOTA,2021,PNLD LITERÁRIO,1ª,,
1887/2023,17/11/23,CDD-843,1. Ficção francesa,"BOVE, EMMANUEL",A ARMADILHA,ÚNICO,,SÃO PAULO,MUNDARÉU,2021,PNLD LITERÁRIO,2ª,,
1888/2023,17/11/23,CDD-028.5,1. Romance infantojuvenil brasileiro,"MELO, Ana Cristina",DE VOLTA À CAIXA DE DESEJOS,ÚNICO,,SÃO PAULO,TORDESILHAS,2021,PNLD LITERÁRIO,2ª,,
1889/2023,17/11/23,CDD-869.3,1. Ficção: Literatura brasileira,"KOPSCH, Daniela",O PIOR DIA DE TODOS,ÚNICO,,SÃO PAULO,TORDESILHAS,2021,PNLD LITERÁRIO,1ª,,
1890/2023,17/11/23,CDD-869.93,1. Ficção brasileira: Literatura juvenil,"BRANDÃO, Toni",1,ÚNICO,,SÃO PAULO,TERRAS BONSUCESSO,2021,PNLD LITERÁRIO,1ª,,
1891/2023,20/11/23,CDD-028.5,1. Literatura infantojuvenil - Literatura Suméria. 2. Poema Narrativo. 3. Epopeia. 4. Finitude Humana,"CAPPARELI, Sérgio",GILGÁMESH,ÚNICO,,PORTO ALEGRE,EDITORA PROJETO,2021,PNLD LITERÁRIO,1ª,,
1892/2023,20/11/23,CDD-811.6,1. Poesia Norte-Americana. 2. Autorrealização (Psicologia) em Mulheres - Poesia. 3. Mulheres - Poesia.  4. Feminismo,"LOVELACE, Amanda",A PRINCESA SALVA A SI MESMA NESTE LIVRO,ÚNICO,,SÃO PAULO,CASA DOS MUNDOS,2021,PNLD LITERÁRIO,2ª,,
1893/2023,20/11/23,CDD-B869.1,1. Poesia: Literatura brasileira,"MURRAY, Roseana",ROTAS DE FUGA: VERSOS PARA VOAR,ÚNICO,,"COTIA, SP",PROMOBOOK EDITORIAL,2021,PNLD LITERÁRIO,2ª,,
1894/2023,20/11/23,CDD-869.1,1. Poesia brasileira,"PRADO, Adélia",BAGAGEM,ÚNICO,,RIO DE JANEIRO,CAMERON ,2021,PNLD LITERÁRIO,1ª,,
1895/2023,20/11/23,CDD-028.5,1. Literatura juvenil. 2. Literatura de cordel. 3. Cultura brasileira,"VICENTE, Zé",POETA POPULAR PARAENSE,ÚNICO,,SÃO PAULO,FÊNIX,2021,PNLD LITERÁRIO,1ª,,
1896/2023,20/11/23,CDD-869.2,1. Teatro brasileiro,"SUASSUNA, Ariano",AS CONCHAMBRANÇAS DE QUADERNA,ÚNICO,,RIO DE JANEIRO,PETRA,2021,PNLD LITERÁRIO,3ª,,
1897/2023,20/11/23,CDD-028.5,1. Ficção: Literatura infantojuvenil,"PONTE PRETA, Stanislaw",DOIS AMIGOS E UM CHATO,ÚNICO,2,SÃO PAULO,MODERNA,2013,PNLD LITERÁRIO,3ª,,
1898/2023,20/11/23,CDD-B869.3,1. Diversidade 2. Ficção brasileira 3. Identidade 4. Respeito,"PELAGAGI, Andréa",AS AMIGAS QUE FIZ,ÚNICO,,SÃO PAULO,ROTA IMAGINÁRIA,2021,PNLD LITERÁRIO,1ª,,
1899/2023,20/11/23,CDD-B869.8,1. Crônicas brasileiras,"CASTRO, Ruy",A MELANCIA QUADRADA,ÚNICO,2,SÃO PAULO,AVALIA EDUCACIONAL,2021,PNLD LITERÁRIO,1ª,,
1900/2023,20/11/23,CDD-910.4,1. Brasil - História 2. Ingleses - Relatos de viagens,VÁRIOS AUTORES,INGLESES NO BRASIL,ÚNICO,,SÃO PAULO,CHÃO EDITORA,2021,PNLD LITERÁRIO,1ª,,
1901/2023,20/11/23,CDD-201.3,1. Mitologia,"FRANCHINI, A. S.",AS MELHORES HISTÓRIAS DA MITOLOGIA,ÚNICO,,PORTO ALEGRE,VIA LÁCTEA,2021,PNLD LITERÁRIO,1ª,,
1902/2023,20/11/23,CDD-398.22,1. Mitologia. 2. Amor,"BLANC, Claudio",MITOS DE AMOR,ÚNICO,,RIO DE JANEIRO,ALMADA LIVROS,2021,PNLD LITERÁRIO,1ª,,
1903/2023,20/11/23,CDD-028.5,1. Literatura infantojuvenil. 2. Novela infantojuvenil. 3. Ficção. 4. Circo. 5. Insufuciência renal aguda,"BERGALLO, Laura",DOM QUIXOTE DE LA PLANCHA,ÚNICO,3,RIO DE JANEIRO,ESCRITA FINA,2021,PNLD LITERÁRIO,2ª,,
1904/2023,20/11/23,CDD-B869.3,1. Ficção brasileira,"LISBÔA, Cris",PAPEL-MANTEIGA PARA EMBRULHAR SEGREDOS: CARTAS CULINÁRIAS,ÚNICO,,RIO DE JANEIRO,MEMÓRIA VISUAL,2021,PNLD LITERÁRIO,2ª,,
1905/2023,20/11/23,CDD-928,1. Sociologia 2. Escravidão 3. Autobiografia 4. Estados Unidos,"JACOBS, Harriet Ann",INCIDENTES NA VIDA DE UMA MENINA ESCRAVA: ESCRITO POR ELA MESMA,ÚNICO,,SÃO PAULO,TAIM,2021,PNLD LITERÁRIO,1ª,,
1906/2023,20/11/23,CDD-869.4,1. Literatura brasileira: ensaio,"PRATA, Liliane",O MUNDO QUE HABITA EM NÓS: REFLEXÕES FILOSÓFICAS E LITERÁRIAS PARA TEMPOS (IN)TENSOS,ÚNICO,,SÃO PAULO,EDITORA MIRAGEM,2021,PNLD LITERÁRIO,1ª,,
1907/2023,20/11/23,CDD-973.7115092,1. Estados Unidos: Escravos: Biografia,"TRUTH, Sojourner",E EU NÃO SOU MULHER? A NARRATIVA DE SOJOURNER TRUTH,ÚNICO,,RIO DE JANEIRO,LIVROS DE CRIAÇÃO,2020,PNLD LITERÁRIO,1ª,,
1908/2023,20/11/23,CDD-920.936466,1. Prisioneiros - Autobiografia,"MASTERS, Jarvis Jay",ENCONTRANDO A LIBERDADE: COMO O CORREDOR DA MORTE DESPERTOU E SENSIBILIZOU MEU CORAÇÃO,ÚNICO,,SÃO PAULO,CASA DOS MUNDOS,2021,PNLD LITERÁRIO,2ª,,
1909/2023,20/11/23,CDD-869.3,1. Novela brasileira,"JATOBÁ, Roniwalter",PARAGENS,ÚNICO,,SÃO PAULO,BOITEMPO,2021,PNLD LITERÁRIO,2ª,,
1910/2023,20/11/23,CDD-028.5,1. Literatura juvenil - novela,"RITER, Caio",CECÍLIA QUE AMAVA FERNANDO,ÚNICO,,PORTO ALEGRE,EDELBRA,2021,PNLD LITERÁRIO,3ª,,
1911/2023,20/11/23,CDD-869.8996733,1. Novela angolana,"RUI, Manuel",QUEM ME DERA SER ONDA,ÚNICO,,RIO DE JANEIRO,GRYPHUS,2021,PNLD LITERÁRIO,3ª,,
1912/2023,20/11/23,CDD-813,1. Ficção: Literatura norte-americana,"ZOBOI, Ibi",ORGULHO,ÚNICO,,RIO DE JANEIRO,CASA DOS LIVROS EDITORA LTDA,2021,PNLD LITERÁRIO,1ª,,
1913/2023,20/11/23,CDD-Ni823,1. Ficção nigeriana,"ADICHIE, Chimamanda",HIBISCO ROXO,ÚNICO,,CURITIBA,BECBOOKS,2021,PNLD LITERÁRIO,1ª,,
1914/2023,20/11/23,CDD-028.5,1. Ficção: Literatura juvenil,"AGUIAR, Luiz Antonio",ILEGAIS,ÚNICO,,SÃO PAULO,EDITORA DO BRASIL,2020,PNLD LITERÁRIO,2ª,,
1915/2023,20/11/23,CDD-B869.93,1. Literatura brasileira: Romance histórico: Histórias de amor,"CARVALHO, Carlos Alberto de",OS INCONFIDENTES: UMA HISTÓRIA DE AMOR E LIBERDADE,ÚNICO,,SÃO PAULO,DRAGON,2021,PNLD LITERÁRIO,1ª,,
1916/2023,20/11/23,CDD-869.89923,1. Literatura brasileira: Romance,"VELUDO, Pedro",A CIDADE DAS SOMBRAS DANÇANTES,ÚNICO,,SÃO PAULO,VERBA EDITORIAL,2021,PNLD LITERÁRIO,2ª,,
1917/2023,20/11/23,CDD-028.5,1. Ficção brasileira 2. Literatura infantojuvenil - Contos,"PIRES, Fernando A.",DESLOCAMENTOS,ÚNICO,,"SÃO PAULO, SP",SET EDUCACIONAL,2021,PNLD LITERÁRIO,1ª,,
1918/2023,20/11/23,CDD-813.6,1. Ficção norte-americana 2. Família - Crianças 3. Perda (Psicologia) 4. Luto,"NAVIN, Rhiannon",O MENINO QUE SOBREVIVEU,ÚNICO,,COTIA,PRIME,2021,PNLD LITERÁRIO,2ª,,
1919/2023,20/11/23,CDD-808.899282,1. Romance. 2. Literatura infantojuvenil mexicana,"TORO, Guilherme del",O LABIRINTO DO FAUNO,ÚNICO,,RIO DE JANEIRO,UNTRÍNSECA,2021,PNLD LITERÁRIO,2ª,,
1920/2023,20/11/23,CDD-808.899282,1. Ficção. 2. Literatura infantojuvenil brasileira,"DUARTE, Marcelo",QUE NEM MARÉ,ÚNICO,,SÃO PAULO,RAKUN,2021,PNLD LITERÁRIO,1ª,,
1921/2023,21/11/23,CDD-370.11,1. Escolas: Literatura infantojuvenil,"PONTIN, Joel Arnaldo","SUA EXCELÊNCIA, A ESCOLA!",ÚNICO,,SÃO PAULO,ZÉ - ZAPT EDITORA,2021,PNLD LITERÁRIO,1ª,,
1922/2023,21/11/23,CDD-741.5981,1. Histórias em quadrinhos,"GUAZZELLI FILHO, Eloar",O PAGADOR DE PROMESSAS EM GRAPHIC NOVEL,ÚNICO,,RIO DE JANEIRO,ESTANTE DE LIVROS,2021,PNLD LITERÁRIO,3ª,,
1923/2023,21/11/23,CDD-741.5,1. Histórias em quadrinhos,"VILACHÃ, Francisco",A METAMORFOSE DE KAFKA,ÚNICO,,SÃO PAULO,EDITORA CARAMINHOCA,2021,PNLD LITERÁRIO,2ª,,
1924/2023,21/11/23,CDD-028.5,1. Ficção brasileira. 2. Literatura infantojuvenil,"MUNDURUKU, Daniel",O MISTÉRIO DA ESTRELA VÉSPER,ÚNICO,,"SÃO PAULO, SP",LAFONTE,2021,PNLD LITERÁRIO,1ª,,
1925/2023,21/11/23,CDD-808.899282,1. Ficção. 2. Literatura infantojuvenil brasileira,"RIOS, Rosana",A FILHA DO ALQUIMISTA,ÚNICO,,BELO HORIZONTE,COMPOR,2021,PNLD LITERÁRIO,1ª,,
1926/2023,21/11/23,CDD-741.5,1. Ficção russa. 2. Histórias em quadrinhos,"MAIROWITZ, David Zane",CRIME E CASTIGO / FIÓDOR DOSTOIÉVSKI,ÚNICO,1,PORTO ALEGRE. RS,VIA LÁCTEA,2021,PNLD LITERÁRIO,1ª,,
1927/2023,21/11/23,CDD-741.5,1. Histórias em quadrinhos,"BRAGA, Flávio",TRISTE FIM DE POLICARPO QUARESMA,ÚNICO,1,RIO DE JANEIRO,MAMUTE,2021,PNLD LITERÁRIO,4ª,,
1928/2023,21/11/23,CDD-741.5,1. Histórias em quadrinhos. 2. Romance francês,"BARDET, Daniel",OS MISERÁVEIS / VICTOR HUGO,ÚNICO,,"PORTO ALEGRE, RS",MAR AZUL,2021,PNLD LITERÁRIO,1ª,,
1929/2023,21/11/23,CDD-741.5,1. Ficção brasileira. 2. História em quadrinhos,"BARBOSA, Maria Sonia",A MORENINHA / JOAQUIM MANOEL DE MACEDO,ÚNICO,,"LAJES, SC",LA FONTAINE,2021,PNLD LITERÁRIO,1ª,,
1930/2023,21/11/23,CDD-741.5,1.Histórias em quadrinhos,"PARRA, Lillo",A TEMPESTADE / WILLIAM SHAKESPEARE,ÚNICO,,BELO HORIZONTE,BADABUM,2021,PNLD LITERÁRIO,2ª,,
1931/2023,21/11/23,CDD-741.5,1. Histórias em quadrinhos,"GODOY, Marcela",,ÚNICO,,BELO HORIZONTE,BADABUM,2021,PNLD LITERÁRIO,2ª,,
1932/2023,21/11/23,CDD-B869.3,1. Ficção brasileira 2. Diálogos com a sociologia e a antropologia 3. Ficção 4. Mistério,"AZEVEDO, Ricardo",TRAGO NA BOCA A MEMÓRIA DO MEU FIM,ÚNICO,,BELO HORIZONTE,SB SISTEMA DE ENSINO,2021,PNLD LITERÁRIO,1ª,,
1933/2023,21/11/23,CDD-741.5,1. Histórias em quadrinhos 2. HIV - Infecções,"PEETERS, Frederik",PÍLULAS AZUIS,ÚNICO,,BELO HORIZONTE,VESTÍGIO,2021,PNLD LITERÁRIO,2ª,,
1934/2023,21/11/23,CDD-398.5,1. Literatura de cordel. 2. Reconto. 3. Macunaíma,"ANDRADE, Mário de",MACUNAÍMA EM CORDEL,ÚNICO,,"SÃO PAULO, SP",FOLIA DE LETRAS,2021,PNLD LITERÁRIO,1ª,,
1935/2023,21/11/23,CDD-869.93,"1. Literatura: conto; Horror, suspense, terror",VÁRIOS AUTORES,VOZES DO HORROR,ÚNICO,,"LONDRINA, PR",EDITORA MADREPÉROLA,2021,PNLD LITERÁRIO,1ª,,
1936/2023,28/11/23,CDD-028.5,1. Novela infantojuvenil inglesa,"STANDON, Andy",SR. GUM E OS CRISTAIS DE PODER,VOL. 4,,RIO DE JANEIRO,GALERINHA RECORD,2013,DOAÇÃO DE ANA CAROLINA,1ª,,
1937/2023,28/11/23,CDD-839.313,1.Contos de horror,"MALERMAN, Josh",CAIXA DE PÁSSAROS,ÚNICO,1,RIO DE JANEIRO,INTRÍNSECA ,2015,DOAÇÃO DE ANA CAROLINA,1ª,,
1938/2023,28/11/23,CDD-028.5,1. Ficção americana,"STACKPOLE, Michael A.",WORLD OF WARCRAFT,VOL. 3,,RIO DE JANEIRO,GALERA RECORD,2016,DOAÇÃO DE ANA CAROLINA,6ª,,
1939/2023,28/11/23,CDD-813,1. Ficção fantástica americana,"MARTIN, George R. R.",WILD CARDS: JOGO SUJO,VOL. 5,,SÃO PAULO,LEYA,2016,DOAÇÃO DE ANA CAROLINA,NÃO CONSTA,,
1940/2023,28/11/23,CDD-813,1. Romance inglês,"COLE, Martina",DUAS MULHERES,ÚNICO,,RIO DE JANEIRO,RECORD,2008,DOAÇÃO DE ANA CAROLINA,NÃO CONSTA,,
1941/2023,28/11/23,CDD-028.5,1. Fição de fantasia 2. Ficção juvenil,"POOL, Katy Rose.",A ERA DA ESCURIDÃO,ÚNICO,,RIO DE JANEIRO,SUMA,2020,RESSARCIMENTO DE MATEUS SOARES,1ª,,
1942/2023,28/11/23,CDD-813,1. Conto americano,VÁRIOS AUTORES,FORMATURAS INFERNAIS,ÚNICO,,RIO DE JANEIRO,GALERA RECORD,2009,DOAÇÃO DE ANA CAROLINA,7ª,,
1943/2023,28/11/23,CDD-813,1. Ficção norte-americana,"RYAN, Amy Kathleen",BRILHO,ÚNICO,,SÃO PAULO,GERAÇÃO EDITORIAL,2012,DOAÇÃO DE ANA CAROLINA,1ª,,
1944/2023,28/11/23,CDD-813,1. Literatura norte-americana,"DUNCAN, Lois",EU SEI O QUE VOCÊS FIZERAM NO VERÃO PASSADO,ÚNICO,,SÃO PAULO,BENVIRÁ,2014,DOAÇÃO DE ANA CAROLINA,NÃO CONSTA,,
1945/2023,30/11/23,CDD-306.893,1. Relações homem-mulher. 2. Ciúmes,"CURY, Augusto",CIÚMES: O MEDO DA PERDA ACELERA A PERDA,ÚNICO,,SÃO PAULO,GÊNIOS,2016,DOAÇÃO PROFESSORA CRISTIANE,NÃO CONSTA,,
1946/2023,01/12/23,CDD-131.3,1. Desenvolvimento pessoal. 2. Motivação. 3. Sucesso pessoal. 4. Autoajuda,"HILL, Napoleon",MAIS ESPERTO QUE O DIABO,ÚNICO,,PORTO ALEGRE,CDG,2014,DOAÇÃO PROFESSOR MARCEL,24ª,,
1947/2023,01/12/23,CDD-839.823,1. Romances: Literatura norueguesa,"GAARDER, Jostein",O MUNDO DE SOFIA,ÚNICO,,SÃO PAULO,COMPANHIA DAS LETRAS,2012,DOAÇÃO PROFESSOR MARCEL,1ª,,
1948/2023,04/12/23,CDD-869.91,1. Literatura. 2. Poesia,"SANTOS, Germá Martins dos",A INSÔNIA DOS ESPINHOS,ÚNICO,1,FORTALEZA,SEDUC-CE,2023,SEDUC-CE,NÃO CONSTA,,
1949/2023,04/12/23,CDD-869.91,1. Literatura. 2. Poesia,"SANTOS, Germá Martins dos",A INSÔNIA DOS ESPINHOS,ÚNICO,2,FORTALEZA,SEDUC-CE,2023,SEDUC-CE,NÃO CONSTA,,
1950/2023,04/12/23,CDD-869.91,1. Literatura. 2. Poesia,"SOUSA, Carlos César Pereira de",MALUNGO,ÚNICO,1,FORTALEZA,SEDUC-CE,2023,SEDUC-CE,NÃO CONSTA,,
1951/2023,04/12/23,CDD-869.91,1. Literatura. 2. Poesia,"SOUSA, Carlos César Pereira de",MALUNGO,ÚNICO,2,FORTALEZA,SEDUC-CE,2023,SEDUC-CE,NÃO CONSTA,,
1952/2023,04/12/23,CDD-371.1,1. Planejamento-ensino . 2.Gestão- resultados. 3. Formação docente.,"SANTOS, Dionys Morais dos","FORMAÇÃO CONTINUADA, PLANEJAMENTO DO ENSINO E GESTÃO PARA RESULTADOS EDUCACIONAIS NO ÂMBITO DA CRED 1 - MARACANAÚ/CE",ÚNICO,1,FORTALEZA,SEDUC-CE,2023,SEDUC-CE,NÃO CONSTA,,
1953/2023,04/12/23,CDD-371.1,1. Planejamento-ensino . 2.Gestão- resultados. 3. Formação docente.,"SANTOS, Dionys Morais dos","FORMAÇÃO CONTINUADA, PLANEJAMENTO DO ENSINO E GESTÃO PARA RESULTADOS EDUCACIONAIS NO ÂMBITO DA CRED 1 - MARACANAÚ/CE",ÚNICO,2,FORTALEZA,SEDUC-CE,2023,SEDUC-CE,NÃO CONSTA,,
1954/2023,04/12/23,CDD-869.93,1. Literatura. 2. Contos.,"FARIAS, Vanessa Pinto Rodrigues",CONTOS DO FIM ,ÚNICO,1,FORTALEZA,SEDUC-CE,2023,SEDUC-CE,NÃO CONSTA,,
1955/2023,04/12/23,CDD-869.93,1. Literatura. 2. Contos.,"FARIAS, Vanessa Pinto Rodrigues",CONTOS DO FIM ,ÚNICO,2,FORTALEZA,SEDUC-CE,2023,SEDUC-CE,NÃO CONSTA,,
1956/2023,04/12/23,CDD-107,1. Filosofia. 2. Ensino. 3. Filosofia - responsabilidade.,"OLIVEIRA, Elineide Alves de",O ENSINO DE FILOSOFIA COMO RESPONSABILIDADE PELO MUNDO: UMA ABORDAGEM A PARTIR DE HANNAH ARENDETH,ÚNICO ,1,FORTALEZA,SEDUC-CE,2023,SEDUC-CE,NÃO CONSTA,,
1957/2023,04/12/23,CDD-107,1. Filosofia. 2. Ensino. 3. Filosofia - responsabilidade.,"OLIVEIRA, Elineide Alves de",O ENSINO DE FILOSOFIA COMO RESPONSABILIDADE PELO MUNDO: UMA ABORDAGEM A PARTIR DE HANNAH ARENDETH,ÚNICO ,2,FORTALEZA,SEDUC-CE,2023,SEDUC-CE,NÃO CONSTA,,
1958/2023,04/12/23,CDD-469.07,1. Língua portuguesa - ensino. 2. Formação - professores. 3. Sociocognição,"PEREIRA, Hylo Leal",RESSIGNIFICAR O ENSINO DE LÍNGUA PORTUGUESA A PARTIR DA SOCIOCOGNIÇÃO E DA COMPLEXIDADE - UMA EXPERIÊNCIA DE FORMAÇÃO DE PROFESSORES ,ÚNICO,1,FORTALEZA,SEDUC-CE,2023,SEDUC-CE,NÃO CONSTA,,
1959/2023,04/12/23,CDD-469.07,1. Língua portuguesa - ensino. 2. Formação - professores. 3. Sociocognição,"PEREIRA, Hylo Leal",RESSIGNIFICAR O ENSINO DE LÍNGUA PORTUGUESA A PARTIR DA SOCIOCOGNIÇÃO E DA COMPLEXIDADE - UMA EXPERIÊNCIA DE FORMAÇÃO DE PROFESSORES ,ÚNICO,2,FORTALEZA,SEDUC-CE,2023,SEDUC-CE,NÃO CONSTA,,
1960/2023,04/12/23,CDD-373.19,1. Ensino médio - Ceará. 2. Currículo. 3. Escola - tempo integral,"SILVA, Paulo Roberto Ângelo da",ATIVIDADES ELETIVAS DE UMA ESCOLA DE ENSINO MÉDIO EM TEMPO INTEGRAL DA CIDADE DE FORTALEZA (CE):GESTÃO DA PARTE FLEXÍVEL DO CURRÍCULO ,ÚNICO,1,FORTALEZA,SEDUC-CE,2023,SEDUC-CE,NÃO CONSTA,,
1961/2023,04/12/23,CDD-373.19,1. Ensino médio - Ceará. 2. Currículo. 3. Escola - tempo integral,"SILVA, Paulo Roberto Ângelo da",ATIVIDADES ELETIVAS DE UMA ESCOLA DE ENSINO MÉDIO EM TEMPO INTEGRAL DA CIDADE DE FORTALEZA (CE):GESTÃO DA PARTE FLEXÍVEL DO CURRÍCULO ,ÚNICO,2,FORTALEZA,SEDUC-CE,2023,SEDUC-CE,NÃO CONSTA,,
1962/2023,04/12/23,CDD-869.93,1. Literatura. 2. Contos,"DIAS, Francinaldo Silva",PROSAS DE CABINA E DE PROFESSOR,ÚNICO,1,FORTALEZA,SEDUC-CE,2023,SEDUC-CE,NÃO CONSTA,,
1963/2023,04/12/23,CDD-869.93,1. Literatura. 2. Contos,"DIAS, Francinaldo Silva",PROSAS DE CABINA E DE PROFESSOR,ÚNICO,2,FORTALEZA,SEDUC-CE,2023,SEDUC-CE,NÃO CONSTA,,
1964/2023,04/12/23,CDD-373.224,1. Educação integral. 2.Ensino médio - Ceará. 3. Escola - Ceará,"MAIA, José Eduardo Nobre",ENSINO MÉDIO INTEGRADO NO CEARÁ: CONSTRUÇÃO DA ESCOLA EM TEMPO INTEGRAL,ÚNICO,1,FORTALEZA,SEDUC-CE,2023,SEDUC-CE,NÃO CONSTA,,
1965/2023,04/12/23,CDD-373.224,1. Educação integral. 2.Ensino médio - Ceará. 3. Escola - Ceará,"MAIA, José Eduardo Nobre",ENSINO MÉDIO INTEGRADO NO CEARÁ: CONSTRUÇÃO DA ESCOLA EM TEMPO INTEGRAL,ÚNICO,2,FORTALEZA,SEDUC-CE,2023,SEDUC-CE,NÃO CONSTA,,
1966/2023,04/12/23,CDD-869.93,1. Literatura. 2. Contos,"BRITO, Isasbel Crsitina Cardoso de",DOMINGO SOMBRIO E OUTROS CONTOS,ÚNICO,1,FORTALEZA,SEDUC-CE,2023,SEDUC-CE,NÃO CONSTA,,
1967/2023,04/12/23,CDD-869.93,1. Literatura. 2. Contos,"BRITO, Isasbel Crsitina Cardoso de",DOMINGO SOMBRIO E OUTROS CONTOS,ÚNICO,1,FORTALEZA,SEDUC-CE,2023,SEDUC-CE,NÃO CONSTA,,
1968/2023,04/12/23,CDD-028.5,1. Literatura infantojuvenil - Romance,"MELO, Antonio Crispim",O CACHORRO MARÁ E A ONÇA PINTADA,ÚNICO,1,FORTALEZA,LC GRÁFICA E EDITORA,2022,DOAÇÃO PROFESSORA LÚCIA,1ª,,
1969/2023,04/12/23,CDD-028.5,1. Literatura infantojuvenil - Romance,"MELO, Antonio Crispim",O CACHORRO MARÁ E A ONÇA PINTADA,ÚNICO,2,FORTALEZA,LC GRÁFICA E EDITORA,2022,DOAÇÃO PROFESSORA LÚCIA,1ª,,
1970/2023,04/12/23,CDD-028.5,1. Literatura infantojuvenil - Romance,"MELO, Antonio Crispim",O CACHORRO MARÁ E A ONÇA PINTADA,ÚNICO,3,FORTALEZA,LC GRÁFICA E EDITORA,2022,DOAÇÃO PROFESSORA LÚCIA,1ª,,
1971/2023,04/12/23,,,"CORREIA, Geraldo",EU SOU COMBATENTE,ÚNICO,,SÃO PAULO,EDITORA ANJO,2021,DOAÇÃO PROFESSOR CRISTIANE,1ª,,
1972/2023,04/12/23,,,"EVERT, Jason e Crystalina",COMO ENCONTRAR SUA ALMA GÊMEA SEM PERDER SUA ALMA,ÚNICO,,SÃO PAULO,EDITORA CANÇÃO NOVA,2014,DOAÇÃO PROFESSOR CRISTIANE,NÃO CONSTA,DOAÇÃO PARA ALUNOS,
1973/2023,04/12/23,CDD-028.5,1. Ficção - Literatura infantojuvenil,"RODDA, Emily",DELTORA QUEST 3: A IRMÃ DO SUL,ÚNICO,,SÃO PAULO-SP,FUNDAMENTO EDUCACIONAL,2007,DOAÇÃO ALUNA YASMIM,NÃO CONSTA,,
1974/2023,05/12/23,CDD-926.2913,1. Inventores - Brasil - Biografia. 2. Aeronáutica - História,"HOFFMAN, Paul",ASAS DA LOUCURA: A EXTRAORDINÁRIA VIDA DE SANTOS-DUMONT,ÚNICO,,RIO DE JANEIRO,OBJETIVA,2010,LEGADO LITERÁRIO ALUNO CAUÃ DCC,NÃO CONSTA,,
1975/2023,06/12/23,CDD-813,1. Vampiros - Ficção. 2. Escolas secundárias - Ficção. 3. Romance americano,"MEYER, Stephenie",LUA NOVA,ÚNICO,,RIO DE JANEIRO,INTRÍNSECA ,2009,DOAÇÃO ALUNA MARIA LETÍCIA ADM,NÃO CONSTA,,
1976/2023,06/12/23,CDD-028.5,1. Literatura infantojuvenil,"ROWLING, J.K",HARRY POTTER E A ORDEM DA FÊNIX,VOL. 5,2,RIO DE JANEIRO,ROCCO,2003,DOAÇÃO ALUNA MARIA LETÍCIA ADM,NÃO CONSTA,,
1977/2023,07/12/23,CDD-823,1. Literatura inglesa. 2.Clássicos da Literatura Mundial,"ORWELL, George",O SÍTIO DOS BICHOS,ÚNICO,,SÃO PAULO,CAROCHINHA,2021,PNLD LITERÁRIO,NÃO CONSTA,,
1978/2023,07/12/23,CDD-028.5,1. Anne Frank: Biografia: Literatura infantojuvenil,"ALONSO, Eduardo",ANNE FRANK: A MEMÓRIA DO HOLOCAUSTO,ÚNICO,,"UBATUBA, SP",NAVEGARE,2021,PNLD LITERÁRIO,1ª,,
1979/2023,07/12/23,CDD-B869.3,1. Ficção: Literatura brasileira,"REGO, José Lins do",FOGO MORTO,ÚNICO,,"PORTO ALEGRE, RS",MGE,2021,PNLD LITERÁRIO,83ª,,
1980/2023,07/12/23,CDD-869.8,1. Crônicas brasileiras,"BRUM, Eliane",A VIDA QUE NINGUÉM VÊ,ÚNICO,,PORTO ALEGRE,ARQUIPELÁGO,2021,PNLD LITERÁRIO,3ª,,
1981/2023,07/12/23,CDD-028.5,1. Fantasia: Literatura juvenil,"JACOB, Dionísio",SONHO DE UMA NOITE DE VERÃO,ÚNICO,4,SÃO PAULO,EDITORA ANZOL,2021,PNLD LITERÁRIO,1ª,,
1982/2023,07/12/23,CDD-395.5,1. Literatura de cordel. 2. Os sertões,"CUNHA, Euclides da",OS SERTÕES EM CORDEL,ÚNICO,,SÃO PAULO,FOLIA DE LETRAS,2021,PNLD LITERÁRIO,1ª,,
1983/2023,07/12/23,CDD-741.5,1. Histórias em quadrinhos 2. Literatura juvenil,"ASSIS, Machado de ",QUINCAS BORBA EM QUADRINHOS,ÚNICO,2,SÃO PAULO,QUINTETO,2021,PNLD LITERÁRIO,1ª,,
1984/2023,07/12/23,CDD-028.5,1. Literatura juvenil,"FALCÃO, Adriana",A MÁQUINA,ÚNICO,2,"GUARULHOS, SP",SALAMANDRA,2021,MATERIAL DE DIVULGAÇÃO,1ª,,
1985/2023,07/12/23,CDD-813.54,1. Literatura americana - ficção científica,"VALENTINE, Genevieve",O CIRCO MECÂNICO,ÚNICO,,RIO DE JANEIRO,DARKSIDE BOOKS,2016,DOAÇÃO ALUNA JOANA CAROLINE INF,NÃO CONSTA,,
1986/2023,15/12/23,CDD-813,1. Ficção policial e mistério: Literatura norte-americana,"DONLEA, Charlie",A GAROTA DO LAGO,ÚNICO,1,"BARUERI, SP",FARO EDITORIAL,2017,LEGADO LITERÁRIO EQUIPE INF,2ª,,
1987/2023,15/12/23,CDD-823,1. Literatura inglesa. 2. Romance,"AUSTEN, Jane",EMMA,ÚNICO,,"JANDIRA, SP",TRICAJU,2021,LEGADO LITERÁRIO EQUIPE INF,1ª,,
1988/2023,15/12/23,CDD-813,1. Ficção norte-americana,"LEHRMAN, Maggie",A GAROTA QUE NÃO QUERIA LEMBRAR,ÚNICO,2,SÃO PAULO,PAVANA,2017,LEGADO LITERÁRIO EQUIPE INF,NÃO CONSTA,,
1989/2023,15/12/23,CDD-813,1. Ficção americana,"COLGAN, Jenny",UM LUGAR MUITO DISTANTE,ÚNICO,1,SÃO PAULO,ARQUEIRO,2022,LEGADO LITERÁRIO EQUIPE INF,1ª,,
1990/2023,15/12/23,CDD-B869.3,1. Ficção brasileira,"ALVES, Clara",ROMANCE REAL,ÚNICO,,SÃO PAULO,SEGUINTE,2022,LEGADO LITERÁRIO EQUIPE INF,1ª,,
1991/2023,15/12/23,CDD-813,1. Romance americano,"LIPPINCOTT, Rachael",,ÚNICO,,SÃO PAULO,GLOBO ALT,2019,LEGADO LITERÁRIO EQUIPE INF,1ª,,
1992/2023,15/12/23,CDD-843,1. Literatura francesa: Romance,"FLAUBERT, Gustave",MADAME BOVARY,ÚNICO,1,"JANDIRA, SP",PRINCIPIS,2020,LEGADO LITERÁRIO EQUIPE INF,1ª,,
1993/2023,15/12/23,CDD-823,1. Literatura inglesa: Romance,"AUSTEN, Jane",PERSUASÃO,ÚNICO,2,"JANDIRA, SP",PRINCIPIS,2019,LEGADO LITERÁRIO EQUIPE INF,2ª,,
1994/2023,15/12/23,CDD-823,1. Romance inglês,"JAMES, E. L.",MISTER,ÚNICO,,RIO DE JANEIRO,INTRÍNSECA ,2019,LEGADO LITERÁRIO EQUIPE INF,1ª,,
1995/2023,15/12/23,CDD-813,1. Ficção norte-americana,"LAUREN, Christina",IMPERFEITOS,ÚNICO,1,SÃO PAULO,FARO EDITORIAL,2022,LEGADO LITERÁRIO EQUIPE INF,1ª,,
1996/2023,15/12/23, CDD-869.89923,1. Literatura brasileira: Romance,"ASSIS, Machado de ",QUINCAS BORBA,ÚNICO,7,"JANDIRA, SP",PRINCIPIS,2019,LEGADO LITERÁRIO ANA JENNIFER INF,3ª,,
1997/2023,15/12/23,CDD-741.5,1. Histórias em quadrinhos,"HARRAR, Andrew",A ILHA DO TESOURO,ÚNICO ,1,SÃO PAULO,FAROL LITERÁRIO,2010,LEGADO LITERÁRIO NAYARA ADM,1ª,,
1998/2023,15/12/23,CDD-813.5,1. Literatura americana. 2. Romance,"ALCOTT, Louisa May",MULHERZINHA,VOL. 1,,"JANDIRA, SP",PRINCIPIS,2020,LEGADO LITERÁRIO MARIA EDUARDA SEC. ESC.,1ª,,
1999/2023,15/12/23,CDD-813.5,1. Literatura americana. 2. Romance,"ALCOTT, Louisa May",BOAS ESPOSAS,VOL. 2,,"JANDIRA, SP",PRINCIPIS,2020,LEGADO LITERÁRIO MARIA EDUARDA SEC. ESC.,1ª,,
2000/2023,15/12/23,CDD-833,"1. Ficção alemã 2. Segunda Guerra, 1939-1945 - Ficção 3. Campos de concentração","APITZ, Bruno",SOBREVIVENDO ENTRE LOBOS: A HISTÓRIA DE UMA CRIANÇA ESCONDIDA EM UMA MALA PARA SOBREVIVER NO CAMPO DE CONCENTRAÇÃO,ÚNICO,,SÃO PAULO,UNIVERSO DOS LIVROS,2017,DOAÇÃO PROFESSORA VERA CLARO,NÃO CONSTA,,
2001/2023,15/12/23,CDD-158.1,1. Autoconsciência. 2. Autodomínio. 3. Autorrealização (Psicologia). 4. Liderança,"CURY, Augusto",SEJA LÍDER DE SI MESMO,ÚNICO,1,RIO DE JANEIRO,SEXTANTE,2012,DOAÇÃO PROFESSORA VERA CLARO,NÃO CONSTA,,
2002/2023,15/12/23,CDD-813,1. Ficção americana,GREEN. John,A CULPA É DAS ESTRELAS,ÚNICO,2,RIO DE JANEIRO,INTRÍNSECA ,2013,DOAÇÃO PROFESSORA FLÁVIA SALVINO,1ª,,
2003/2023,15/12/23,CDD-823,1. Romance inglês,"MOYES, Jojo",NADA MAIS A PERDER,ÚNICO,,RIO DE JANEIRO,INTRÍNSECA ,2017,LEGADO LITERÁRIO RUANIA ADM,NÃO CONSTA,,
2004/2023,15/12/23,CDD-028.5,1. Ficção infantojuvenil australiana,"RAYVEN, Leisa",HISTÓRIAS DE MEU ROMEU,ÚNICO,,SÃO PAULO,GLOBO ALT,2017,LEGADO LITERÁRIO ANA VITÓRIA INF,1ª,,
2005/2023,15/12/23,CDD-823,1. Ficção inglesa,"AUSTEN, Jane",RAZÃO E SENSIBILIDADE,ÚNICO,3,"COTIA, SP",PÉ DA LETRA,2021,LEGADO LITERÁRIO ANA VITÓRIA INF,NÃO CONSTA,,
2006/2023,15/12/23,CDD-813,1. Ficção americana,"YOUNG, William",A CABANA,ÚNICO,3,SÃO PAULO,ARQUEIRO,2017,RESSARCIMENTO DE ANTONIA JAIANA MEIO AMB.,NÃO CONSTA,,
2007/2023,15/12/23,CDD-210,1. Religião - Filosofia. 2. Religiões. 3. Seitas,VÁRIOS AUTORES,O LIVRO DAS RELIGIÕES,ÚNICO,,SÃO PAULO,GLOBO LIVROS,2016,DOAÇÃO LUIZ PEDRALINO,2ª,,
2008/2023,20/12/23,CDD-813,1. Ficção norte-americana,"IRVINE, Alex",SUPER-HERÓIS MARVEL: GUERRAS SECRETAS,ÚNICO,,"BARUERI, SP",NOVO SÉCULO EDITORA,2016,DOAÇÃO LUIZ PEDRALINO,NÃO CONSTA,,
2009/2023,20/12/23,CDD-813,1. Ficção norte-americana 2. Guerra Civil 3. os vingadores,"MOORE, Stuart",GUERRA CIVIL - UMA HISTÓRIA DO UNIVERSO MARVEL,ÚNICO,1,"BARUERI, SP",NOVO SÉCULO EDITORA,2015,DOAÇÃO LUIZ PEDRALINO,NÃO CONSTA,,
2010/2023,20/12/23,CDD-813,1. Literatura norte-americana 2. Super-heróis,"KWITNEY, Alisa",NOVOS VINGADORES: MOTIM!,ÚNICO,,"BARUERI, SP",NOVO SÉCULO EDITORA,2016,DOAÇÃO LUIZ PEDRALINO,NÃO CONSTA,,
2011/2023,20/12/23,CDD-028.5,1. Literatura juvenil. 2. Contos de fadas,"CORRIGAN, Ava",FATE: A SAGA WINX: O CAMINHO DAS FADAS,ÚNICO,,JANDIRA,PRINCIPIS,2021,DOAÇÃO LUIZ PEDRALINO,1ª,,
2012/2024,03/01/24,CDD-813,1. Ficção norte-americana,"GERRITSEN, Tess",O CIRURGIÃO - LIVRO 1 / O PECADOR - LIVRO 2,ÚNICO,,RIO DE JANEIRO,BESTBOLSO,2012,RESSARCIMENTO DO ALUNO RAUL 3C 2023,2ª,,
2013/2024,01/02/24,CDD-813,1. Ficção americana,"COLGAN, Jenny",UM LUGAR MUITO DISTANTE,ÚNICO,2,SÃO PAULO,ARQUEIRO,2022,LEGADO LITERÁRIO EQUIPE ADM,1ª,,
2014/2024,01/02/24,CDD-895.63,1. Romance japonês,"KAWAGUCHI, Toshikazu",ANTES QUE O CAFÉ ESFRIE,ÚNICO,,RIO DE JANEIRO,VALENTINA,2023,LEGADO LITERÁRIO EQUIPE ADM,10ª,,
2015/2024,01/02/24,CDD-813,1. Ficção: Literatura norte-americana,"MCQUISTON, Casey",ÚLTIMA PARADA,ÚNICO,,SÃO PAULO,SEGUINTE,2021,LEGADO LITERÁRIO EQUIPE ADM,1ª,,
2016/2024,01/02/24,CDD-813,1. Ficção americana,"DIAMOND, Lucy",O CAFÉ DA PRAIA,ÚNICO,,SÃO PAULO,ARQUEIRO,2019,LEGADO LITERÁRIO EQUIPE ADM,NÃO CONSTA,,
2017/2024,01/02/24,CDD-B869.301,1. Contos brasileiros,"MACHADO, Antônio de Âlcantara","BRÁS, BEXIGA E BARRA FUNDA",ÚNICO,2,SÃO PAULO,GLOBUS,2011,RESSARCIMENTO DE FRANCISCO WANDERSON 3C 2023,21ª,,
2018/2024,01/02/24,CDD-649.1,1. Crianças com Transtorno do Espectro do Autismo: Psicologia Infantil: Medicina,"GAIATO, Mayra",S.O.S. AUTISMO: GUIA COMPLETO PARA ENTENDER O TRANSTORNO DO ESPECTRO AUTISTA,ÚNICO,,SÃO PAULO ,NVERSOS,2018,DOAÇÃO DE TONILDA MORAIS,4ª,,
2019/2024,01/02/24,CDD-813,1. Mudança de vida - Ficção americana. 2. Crianças desaparecidas,"YOUNG, William",A CABANA,ÚNICO,4,SÃO PAULO,ARQUEIRO,2012,DOAÇÃO DA ALUNA LUANA DE SOUZA GONÇALVES,NÃO CONSTA,,
2020/2024,01/02/24,CDD-813,1. Ficção americana,"GLINES, Abbi",TENTAÇÃO SEM LIMITES,VOL. 2,,SÃO PAULO,ARQUEIRO,2014,LEGADO LITERÁRIO ADAILSO TÉCNICO EM INFORMÁTICA 2024,NÃO CONSTA,,
2021/2024,01/02/24,CDD-813,1. Ficção americana,"GLINES, Abbi",AMOR SEM LIMITES,VOL. 3,,SÃO PAULO,ARQUEIRO,2014,LEGADO LITERÁRIO ADAILSO TÉCNICO EM INFORMÁTICA 2024,NÃO CONSTA,,
2022/2024,01/02/24,CDD-028.5,1. Literatura infantojuvenil,"ROWLING, J.K",HARRY POTTER E A CÂMARA SECRETA,VOL. 2,3,RIO DE JANEIRO,ROCCO,2000,DOAÇÃO DO ALUNO BARTOLOMEU DE INFORMÁTICA,NÃO CONSTA,,
2023/2024,01/02/24,CDD-028.5,1. Ficção juvenil americana,"MAAS, Sarah J.",CORTE DE ESPINHOS E ROSAS,VOL. 1,,RIO DE JANEIRO,GALERA RECORD,2021,DOAÇÃO DA ALUNA LUYSA DAIGRIELLY CARVALHO (ADMINISTRAÇÃO),40ª,,
2024/2024,01/02/24,CDD-028.5,1. Ficção juvenil americana,"MAAS, Sarah J.",CORTE DE NÉVOA E FÚRIA,VOL. 2,,RIO DE JANEIRO,GALERA RECORD,2021,DOAÇÃO DA ALUNA LUYSA DAIGRIELLY CARVALHO (ADMINISTRAÇÃO),34ª,,
2025/2024,01/02/24,CDD-028.5,1. Ficção juvenil americana,"MAAS, Sarah J.",CORTE DE ASAS E RUÍNA,VOL. 3,,RIO DE JANEIRO,GALERA RECORD,2021,DOAÇÃO DA ALUNA LUYSA DAIGRIELLY CARVALHO (ADMINISTRAÇÃO),27ª,,
2026/2024,01/02/24,CDD-028.5,1. Ficção juvenil americana,"MAAS, Sarah J.",CORTE DE CHAMAS PRATEADAS,VOL. 4,,RIO DE JANEIRO,GALERA RECORD,2021,DOAÇÃO DA ALUNA LUYSA DAIGRIELLY CARVALHO (ADMINISTRAÇÃO),1ª,,
2027/2024,01/02/24,CDD-028.5,1. Ficção juvenil americana . 2. Novela,"MAAS, Sarah J.",CORTE DE GELO E ESTRELAS,ÚNICO,,RIO DE JANEIRO,GALERA RECORD,2021,DOAÇÃO DA ALUNA LUYSA DAIGRIELLY CARVALHO (ADMINISTRAÇÃO),20ª,,
2028/2024,05/02/24,CDD-028.5,1. Literatura infantojuvenil 2. Ficção 3. Princesas,"RUDNICK, Elizabeth",FROZEN: UM CORAÇÃO CONGELADO,ÚNICO,,SÃO PAULO,UNIVERSO DOS LIVROS,2016,DOAÇÃO DA ALUNA MARIA LAYS (ADMINISTRAÇÃO),NÃO CONSTA,,
2029/2024,05/02/24,CDD-813,1. Mulheres - Emprego - Ficção americana,"BUSHNELL, Candace",SELVA DE BATOM,ÚNICO,,RIO DE JANEIRO,RECORD,2008,DOAÇÃO DA ALUNA MARIA LAYS (ADMINISTRAÇÃO),3ª,,
2030/2024,16/02/24,CDD-813,1. Ficção americana,"MITCHELL, Margaret",E O VENTO LEVOU,VOL. 1,,RIO DE JANEIRO,BESTBOLSO,2014,DOAÇÃO DA PROFESSORA SARAH SLAYG FERNANDES FRANÇA,3ª,,
2031/2024,16/02/24,CDD-813,1. Ficção americana,"MITCHELL, Margaret     ",E O VENTO LEVOU,VOL. 2,,RIO DE JANEIRO,BESTBOLSO,2015,DOAÇÃO DA PROFESSORA SARAH SLAYG FERNANDES FRANÇA,3ª,,
2032/2024,16/02/24,CDD-823,1. Ficção inglesa,"AUSTEN, Jane",RAZÃO E SENSIBILIDADE,ÚNICO,4,"COTIA, SP",PÉ DE LETRA,2018,LEGADO LITERÁRIO ANA CAROLINA TÉCNICO EM INFORMÁTICA 2024,NÃO CONSTA,,
2033/2024,16/02/24,CDD-823,1. Ficção inglesa,"AUSTEN, Jane",ORGULHO E PRECONCEITO,ÚNICO,3,"COTIA, SP",PÉ DE LETRA,NÃO CONSTA,LEGADO LITERÁRIO ANA CAROLINA TÉCNICO EM INFORMÁTICA 2024,NÃO CONSTA,,
2034/2024,16/02/24,CDD-823,1. Ficção inglesa,"AUSTEN, Jane",PERSUASÃO,ÚNICO,3,"COTIA, SP",PÉ DE LETRA,2018,LEGADO LITERÁRIO ANA CAROLINA TÉCNICO EM INFORMÁTICA 2024,NÃO CONSTA,,
2035/2024,16/02/24,CDD-823.91,1. Literatura inglesa: ficção,"DOYLE, Arthur Conan",,ÚNICO,1,"JANDIRA, SP",TRICAJU,2021,LEGADO LITERÁRIO ANA CAROLINA TÉCNICO EM INFORMÁTICA 2024,NÃO CONSTA,,
2036/2024,21/02/24,CDD-869.93,1. Literatura brasileira: Romance,"AZEVEDO, Aluísio",CASA DE PENSÃO,ÚNICO,1,SÃO PAULO,MARTIN CLARET,2008,DOAÇÃO DA PROFESSORA IVA FÉLIX,2ª,,
2037/2024,21/02/24,CDD-869.93,1. Literatura brasileira: Romance,"CUNHA, Euclides da",OS SERTÕES,ÚNICO,1,SÃO PAULO,MARTIN CLARET,2010,DOAÇÃO DA PROFESSORA IVA FÉLIX,3ª,,
2038/2024,21/02/24,CDD-869.93,1. Ficção brasileira 2. Mulheres na literatura,"ALENCAR, José",SENHORA,VOL. 3,5,FORTALEZA,ARMAZÉM DA CULTURA,2011,DOAÇÃO DA PROFESSORA IVA FÉLIX,NÃO CONSTA,,
2039/2024,22/02/24,CDD-843,1. Ficção infantojuvenil francesa,"SAINT-EXUPÉRY, Antoine de",O PEQUENO PRÍNCIPE,ÚNICO,3,"BARUERI, SP",CIRANDA CULTURAL,2016,DOAÇÃO DA ALUNA SÂMIA OLIVEIRA (TÉCNICO EM ADMINISTRAÇÃO),NÃO CONSTA,,
2040/2024,22/02/24,CDD-355.02,1. Ciência militar  2. Filosofia da guerra,"TZU, Sun",A ARTE DA GUERRA,ÚNICO,2,BRASIL,PÉ DA LETRA,2021,DOAÇÃO DA ALUNA SÂMIA OLIVEIRA (TÉCNICO EM ADMINISTRAÇÃO),NÃO CONSTA,,
2041/2024,23/02/24,CDD-028.5,1. Literatura infantojuvenil,"BIN, Marco",VIAGEM AO CENTRO DA TERRA,ÚNICO,,SÃO PAULO,ESCALA EDUCACIONAL,2009,DOAÇÃO DA ALUNA ANA BEATRIZ (TÉCNICO EM DESENHO DE CONSTRUÇÃO CIVIL),NÃO CONSTA,,
2042/2024,26/02/24,CDD-869.3,1. Romance português,"JORGE, Lídia",A MANTA DO SOLDADO,ÚNICO,,RIO DE JANEIRO,RECORD,2003,DOAÇÃO DO ALUNO CLEUTON PEREIRA DA SILVA (TÉCNICO EM DESENHO DE CONSTRUÇÃO CIVIL),NÃO CONSTA,,
2043/2024,06/03/24,CDD-750.92,1. Pintores: Biografia e obra,"COLI, Jorge",VICENT VAN GOGH: A NOITE ESTRELADA,ÚNICO,,SÃO PAULO,PORTO DE IDEIAS,2021,PNLD LITERÁRIO,1ª,,
2044/2024,06/03/24,CDD-028.5,1. Literatura infantojuvenil,"BANDEIRA, Paulo",A MARCA DE UMA LÁGRIMA,ÚNICO,,SÃO PAULO,AVALIA EDUCACIONAL,2021,PNLD LITERÁRIO,1ª,,
2045/2024,06/03/24,CDD-868.99213,1. Romance mexicano,"RULFO, Juan",PEDRO PÁRAMO,ÚNICO,,RIO DE JANEIRO,JOSÉ OLYMPIO,2021,PNLD LITERÁRIO,3ª,,
2046/2024,06/03/24,CDD-883,1. Ficção épica. 2. Clássico da literatura. 3. Literatura da Grécia Antiga,HESÍODO,TEOGONIA & TRABALHOS E DIAS,ÚNICO,,SÃO PAULO,MAGRELA,2021,PNLD LITERÁRIO,1ª,,
2047/2024,06/03/24,CDD-028.5,1. Ficção: Literatura juvenil,"DILL, Luís",BANDIDA,ÚNICO,,SÃO PAULO,TOTE EDITORA,2021,PNLD LITERÁRIO,2ª,,
2048/2024,06/03/24,CDD-869.3,1. Romance brasileiro,"VALENTE, Luize",SONATA EM AUSCHWITZ,ÚNICO,,RIO DE JANEIRO,RECORD,2021,PNLD LITERÁRIO,5ª,,
2049/2024,06/03/24,CDD-028.5,1. Literatura infantojuvenil. 2. Romance,"PAVLENKO, Marie",A CAÇADORA DE ÁRVORES,ÚNICO,,"SÃO PAULO, SP",COMPANHIA EDITORA NACIONAL,2021,PNLD LITERÁRIO,1ª,,
2050/2024,06/03/24,CDD-B869.3,1. Ficção brasileira,"TENÓRIO, Jeferson",O AVESSO DA PELE,ÚNICO,,VITÓRIA,LOGOS,2021,PNLD LITERÁRIO,1ª,EXTRAVIADO E RESSARCIDO COM OUTRO TÍTULO,
2051/2024,07/03/24,CDD-869.93,1. Romance: Literatura brasileira,"LOPES, Carlos Herculano",O VESTIDO,ÚNICO,,SÃO PAULO,GERAÇÃO EDITORIAL,2021,PNLD LITERÁRIO,6ª,,
2052/2024,07/03/24,CDD-306.362096,1. Escravidão na América: Depoimentos: História social,VÁRIOS AUTORES,NASCIDOS NA ESCRAVIDÃO: DEPOIMENTOS NORTE-AMERICANOS,ÚNICO,,SÃO PAULO,EDITORA HEDRA,2021,PNLD LITERÁRIO,2ª,,
2053/2024,07/03/24,CDD-892.43,1. Ficção: Literatura israelense em hebraico,"APPELFED, Aharon",EXPEDIÇÃO AO INVERNO,ÚNICO,,SÃO PAULO,PERSPECTIVA,2021,PNLD LITERÁRIO,1ª,,
2054/2024,07/03/24,CDD-028.5,1. Novela: Literatura infantojuvenil,"PRIETO, Heloisa",NAMIDA: AS LÁGRIMAS DE UMA PRINCESA,ÚNICO,,RIO DE JANEIRO,OFICINA DE IDEIAS,2021,PNLD LITERÁRIO,2ª,,
2055/2024,07/03/24,CDD-0258.5,1. Escritores brasileiros: Autobiografia,"PELLEGRINI, Domingos",MESTRES DA PAIXÃO,ÚNICO,,"GUARULHOS, SP",SALAMANDRA,2021,PNLD LITERÁRIO,1ª,,
2056/2024,07/03/24,CDD-869.3,1. Ficção brasileira,"REBOUÇAS, Thalita","FALA SÉRIO, MÃE",ÚNICO,,RIO DE JANEIRO,SOCIEDADE LITERÁRIA,2021,PNLD LITERÁRIO,1ª,,
2057/2024,07/03/24,CDD-896,1. Literatura africana: Poesia Malawi  2. Feminismo 3. Negras,"CHISALA, Upile",EU DESTILO MELANINA E MEL,ÚNICO,,SÃO PAULO,PINGO DE OURO,2021,PNLD LITERÁRIO,2ª,,
2058/2024,07/03/24,CDD-028.5,1. Literatura Infantojuvenil,"SARDENBERG, Letícia","EU, MEU CACHORRO E MEUS PAIS SEPARADOS",ÚNICO,,RIO DE JANEIRO,OVERVIEW,2021,PNLD LITERÁRIO,2ª,,
2059/2024,07/03/24,CDD-028.5,1. Literatura brasileira - Infantojuvenil,"CONY, Carlos Heitor",LUCIANA SAUDADE,ÚNICO,,ITAPEVI,EDIOURO LAZER,2021,PNLD LITERÁRIO,21ª,,
2060/2024,07/03/24,CDD-028.5,1. Literatura infantojuvenil,"LOPES, Angélica",CORAÇÃO DE BICHO,ÚNICO,,RIO DE JANEIRO,MAR DE CONCHAS,2021,PNLD LITERÁRIO,2ª,,
2061/2024,07/03/24,CDD-028.5,1. Contos de terror: Literatura juvenil,"NESBIT, Edith",A MISSA DOS MORTOS,ÚNICO,,RIO DE JANEIRO,EDITORA CHAVE,2021,PNLD LITERÁRIO,2ª,,
2062/2024,07/03/24,CDD-B869.8,1. Crônicas: Literatura brasileira,"NOVELLO, Anderson",ANACRÔNICAS E QUASE INVENTADAS,ÚNICO,,SÃO PAULO,CORTEZ,2021,PNLD LITERÁRIO,1ª,,
2063/2024,07/03/24,CDD-823,1. Ficção: Literatura inglesa,"SHELLEY, Mary",FRANKENSTEIN OU PROMETEU MODERNO,ÚNICO,2,BELO HORIZONTE,MAGIA DOS LIVROS,2021,PNLD LITERÁRIO,2ª,,
2064/2024,07/03/24,CDD-869.3,1. Romance brasileiro,"TEZZA, Cristovão",O FILHO ETERNO,ÚNICO,,RIO DE JANEIRO,DISTRIBUIDORA RECORD,2021,PNLD LITERÁRIO,1ª,,
2065/2024,07/03/24,CDD-028.5,"1, Literatura juvenil","MACHADO, Samir Machado de",PIRATAS À VISTA,ÚNICO,,CURITIBA,CHAMPAGNAT,2021,PNLD LITERÁRIO,20ª,,
2066/2024,11/03/24,CDD-B869.8,1. Crônicas brasileiras,"VAZ, Sérgio","LITERATURA, PÃO E POESIA:HISTÓRIAS DE UM POVO LINDO E INTELIGENTE",ÚNICO,,SÃO PAULO,GAUDÍ EDITORIAL,2021,PNLD LITERÁRIO,3ª,,
2067/2024,11/03/24,CDD-At833,1. Ficção austríaca,"KAFKA, Franz",A METAMORFOSE,ÚNICO,1,SÃO PAULO,EDITORA PRAXIS,2021,PNLD LITERÁRIO,1ª,,
2068/2024,11/03/24,CDD-B869.8,1. Crônicas brasileiras,"CARPINEJAR, Fabrício","TÃO EU, TÃO VOCÊ",ÚNICO,,PORTO ALEGRE,EDELBRA,2021,PNLD LITERÁRIO,2ª,,
2069/2024,11/03/24,CDD-B869.8,1. Crônicas brasileiras,"VÁRIO, DO ANDARAÍ",VIAGEM FANTÁSTICA,ÚNICO,,BELO HORIZONTE,EDITORA DIMENSÃO ,2020,PNLD LITERÁRIO,1ª,,
2070/2024,11/03/24,CDD-869.93,1. Romance: Literatura brasileira,"LEAL, Ana Letícia",A GENTE VAI SE SEPARAR,ÚNICO,,RIO DE JANEIRO,VANGRI EDIÇÕES,2021,PNLD LITERÁRIO,2ª,,
2071/2024,11/03/24,CDD-B869.3,1. Romances: Literatura brasileira,"PALMÉRIO, Mário",VILA DOS CONFINS,ÚNICO,,BELO HORIZONTE,GUTENBERG,2021,PNLD LITERÁRIO,12ª,,
2072/2024,11/03/24,CDD-028.5,1. Ficção: Literatura juvenil,"JAF, Ivan",ATRÁS DO PARAÍSO,ÚNICO,,SÃO PAULO,TRIOLECA CASA EDITORIAL,2021,PNLD LITERÁRIO,1ª,,
2073/2024,11/03/24,CDD-306.87,1. Relações familiares,"MAUÉS, Denio",COISAS DE GENTE VIVA,ÚNICO,,RIO DE JANEIRO,DA SILVA PRADO,2021,PNLD LITERÁRIO,NÃO CONSTA,,
2074/2024,11/03/24,CDD-398.20981,1. Brasil: Contos folclóricos,"CASCUDO, Luís da Câmara",LENDAS BRASILEIRAS,ÚNICO,,"SALBADOR, BA",LDM,2021,PNLD LITERÁRIO,10ª,,
2075/2024,11/03/24,CDD-940.531808664,"1. Homossexuais: Perseguição: Holocausto: Guerra Mundial, 1935-1945: História","SETTERINGTON, Ken",MARCADOS PELO TRIÂNGULO ROSA,ÚNICO,,SÃO PAULO,MELHORAMENTOS LIVRARIAS,2018,PNLD LITERÁRIO,1ª,,
2076/2024,11/03/24,CDD-B869.8,1. Crônicas: Literatura brasileira,"ANDRADE, Mário de",ZEPPELIN: ALGUMAS CRÔNICAS,ÚNICO,,SÃO PAULO,EDITORA MADALENA,2021,PNLD LITERÁRIO,1ª,,
2077/2024,11/03/24,CDD-869.3,1. Ficção brasileira,"WIERZCHOWSKI, Leticia",O MENINO QUE COMEU UMA BIBLIOTECA,ÚNICO,,RIO DE JANEIRO,BERTRAND BRASIL,2021,PNLD LITERÁRIO,2ª,,
2078/2024,11/03/24,CDD-028.5,1. Literatura juvenil,"JAF, Ivan",O MENINO DA BENGALA,ÚNICO,,SÃO PAULO,BR EDUCAÇÃO,2021,PNLD LITERÁRIO,1ª,,
2079/2024,11/03/24,CDD-741.5,1. Histórias em quadrinhos,"MARIA, Brendda",CAIS DO PORTO,ÚNICO,,SÃO PAULO,CONRAD EDITORA,2021,PNLD LITERÁRIO,NÃO CONSTA,,
2080/2024,11/03/24,CDD-741.5,1. Histórias em quadrinhos,"JARABA, Fran",DIVISÃO AZUL,ÚNICO,,SÃO PAULO,PALAVRAS PROJETOS EDITORIAIS,2021,PNLD LITERÁRIO,1ª,,
2081/2024,11/03/24,CDD-869.8992301,1. Literatura brasileira: Conto,"BAUMANN, Celeste",QUIMERA,ÚNICO,,SÃO PAULO,PALAVRAS PROJETOS EDITORIAIS,2021,PNLD LITERÁRIO,1ª,,
2082/2024,11/03/24,CDD-741.5,1. Histórias em quadrinhos 2. Ficção brasileira,"QUEIROZ, Rachel de",O QUINZE (ROTEIRO E ARTE DE SHIKO),ÚNICO,,SÃO JOSÉ DOS CAMPOS,SARAIVA EDUCAÇÃO,2021,PNLD LITERÁRIO,1ª,,
2083/2024,11/03/24,CDD-B869.3,1. Ficção: Literatura brasileira,"RAMOS, Graciliano ",ALMAS DA TERRA,ÚNICO,,RIO DE JANEIRO,ONÇA-PINTADA,2021,PNLD LITERÁRIO,2ª,,
2084/2024,11/03/24,CDD-741.5,1. Ficção brasileira. 2. Histórias em quadrinhos,"DANTAS, Bira",DOM QUIXOTE DE LA MANCHA EM QUADRINHOS,ÚNICO,,"SÃO PAULO, SP",JG EDITORA,2021,PNLD LITERÁRIO,NÃO CONSTA,,
2085/2024,11/03/24,CDD-028.5,1. Literatura juvenil. 2. Literatura de cordel. 3. Clássicos da literatura,"LIMA, Stélio Torquato",DEZ CLÁSSICOS UNIVERSAIS EM CORDEL,ÚNICO,,RIO DE JANEIRO,LIVROS AZUIS,2021,PNLD LITERÁRIO,1ª,,
2086/2024,11/03/24,CDD-808.899282,1. Poesia. 2. Literatura infantojuvenil brasileira,"DILL, Luís","COTIDIANO, PAIXÕES E OUTROS FLASHES: HAIQUASES",ÚNICO,,BELO HORIZONTE,COMPOR,2021,PNLD LITERÁRIO,1ª,,
2087/2024,11/03/24,CDD-809.83,1. Antologia: Contos: Literatura,VÁRIOS AUTORES,SOBRE AS COISAS: ANTOLOGIA DE CONTOS CLÁSSICOS,ÚNICO,,"CAMPINAS, SP",GUAXINIM,2021,PNLD LITERÁRIO,1ª,,
2088/2024,11/03/24,CDD-741.5,1. Histórias em quadrinhos,"PARRA, Lillo",LA DANSARINA,ÚNICO,,RIO DE JANEIRO,EDITORA HR,2021,PNLD LITERÁRIO,1ª,,
2089/2024,11/03/24,CDD-028.5,1. Literatura Brasileira: Infantojuvenil,"VENTURA, Susana",A AVENTURA DE PICASSO NO BRASIL,ÚNICO,,SÃO PAULO,CRIADEIRA LIVROS,2021,PNLD LITERÁRIO,1ª,,
2090/2024,11/03/24,CDD-741.5,1. Ficção brasileira 2. Literatura infantojuvenil 3. História em quadrinhos,"D'AGOSTINHO, Toni",CONTO? HQ! O ALIENISTA,ÚNICO,1,SÃO PAULO,LECHAT,2021,PNLD LITERÁRIO,NÃO CONSTA,,
2091/2024,11/03/24,CDD-028.5,1. Literatura infantojuvenil ,"LELK, Lindsey",EU AMO NEW YORK ,VOL. 1,,SÃO PAULO,EDITORA FUNDAMENTO EDUCACIONAL,2013,LEGADO LITERÁRIO LETÍCIA PORFIRIO BARBOSA ALVES (TÉCNICO EM INFORMÁTICA 2024),1ª,,
2092/2024,17/04/24,CDD-869.93,1. Romance brasileiro,"DA CUNHA, Euclides",OS SERTÕES,ÚNICO,2,SÃO PAULO,MARTIN CLARET,2010,LEGADO LITERÁRIO KAMILE (TÉCNICO EM INFORMÁTICA 2024),,,
2093/2024,18/04/24,CDD-823,1. Romance inglês. 2. Ficção inglesa,"MOYES, Jojo",COMO EU ERA ANTES DE VOCÊ,ÚNICO,1,RIO DE JANEIRO,INTRÍNSECA ,2016,DOAÇÃO DA PROFESSORA MARTA WILLEIANE ,1ª,,
2094/2024,18/04/24,CDD-823,1. Romance inglês,"MOYES, Jojo",DEPOIS DE VOCÊ,ÚNICO,1,RIO DE JANEIRO,INTRÍNSECA ,2016,DOAÇÃO DA PROFESSORA MARTA WILLEIANE ,1ª,,
2095/2024,18/04/24,CDD-823,1. Romance inglês,"MOYES, Jojo",AINDA SOU EU,ÚNICO,1,RIO DE JANEIRO,INTRÍNSECA ,2019,DOAÇÃO DA PROFESSORA MARTA WILLEIANE ,2ª,,
2096/2024,18/04/24,CDD-813,1. Ficção juvenil americana,"LEVITHAN, David",TODO DIA,ÚNICO,1,RIO DE JANEIRO,GALERA RECORD,2016,DOAÇÃO DA PROFESSORA MARTA WILLEIANE ,6ª,,
2097/2024,18/04/24,CDD-823,1. Romance inglês,"AUSTEN, Jane",ORGULHO E PRECONCEITO,ÚNICO,4,"COTIA, SP",PÉ DE LETRA,2023,DOAÇÃO DA PROFESSORA MÁRCIA BARBOSA,3ª,,
2098/2024,18/04/24,CDD-2823,1. Ficção inglesa,"AUSTEN, Jane",RAZÃO E SENSIBILIDADE,ÚNICO ,5,"COTIA, SP",PÉ DE LETRA,2021,DOAÇÃO DA PROFESSORA MÁRCIA BARBOSA,NÃO CONSTA,,
2099/2024,18/04/24,CDD-823,1. Ficção inglesa,"AUSTEN, Jane",PERSUASÃO,ÚNICO,4,"COTIA, SP",PÉ DE LETRA,2021,DOAÇÃO DA PROFESSORA MÁRCIA BARBOSA,NÃO CONSTA,,
2100/2024,18/04/24,CDD-813,1. Ficção juvenil americana,"VON ZIEGESAR, Cecily",COM LOUVOR,ÚNICO,1,RIO DE JANEIRO,GALERA RECORD,2011,LEGADO LITERÁRIO KAYLANE MENDES (TÉCNICO EM AGROPECUÁRIA 2024),NÃO CONSTA,,
2101/2024,18/04/24,CDD-813,1. Ficção americana,"HAN, Jenny",PARA TODOS OS GAROTOS QUE JÁ AMEI,ÚNICO,1,RIO DE JANEIRO,INTRÍNSECA ,2019,DOAÇÃO DA ALUNA LUYSA DAIGRIELLY CARVALHO (ADMINISTRAÇÃO),2ª,,
2102/2024,18/04/24,CDD-813,1. Ficção americana,GREEN. John,A CULPA É DAS ESTRELAS,ÚNICO,3,RIO DE JANEIRO,INTRÍNSECA ,2012,DOAÇÃO DA ALUNA LUYSA DAIGRIELLY CARVALHO (ADMINISTRAÇÃO),NÃO CONSTA,,
2103/2024,18/04/24,CDD-823,1. Romance inglês,"O'LEARY, Beth",TETO PARA DOIS,ÚNICO,1,RIO DE JANEIRO,INTRÍNSECA ,2019,DOAÇÃO DA ALUNA LUYSA DAIGRIELLY CARVALHO (ADMINISTRAÇÃO),1ª,,
2104/2024,18/04/24,CDD-028.5,1. Ficção - Literatura juvenil,"SAPKOWSKI, Andrzej",A ESPADA DO DESTINO,ÚNICO,1,SÃO PAULO,EDITORA WMF MARTINS FONTES,2015,DOAÇÃO DE RONALDY BERG SECRETARIA ESCOLAR 2023,2ª,,
2105/2024,22/04/24,CDD-028.5,1. Literatura infantojuvenil,"KINNEY, Jeff",DIÁRIO DE UM BANANA: MARÉ DE AZAR,ÚNICO,1,SÃO PAULO,VERGARA & RIBA EDITORAS,2014,DOAÇÃO DO ALUNO NYKOLAS (INFORMÁTICA),2ª,,
2106/2024,23/04/24,CDD-840,1. Literatura francesa,"LEBLANC, Maurice","ARSÈNE LUPIN, O LADRÃO DE CASA",ÚNICO,1,"JANDIRA, SP",PRINCIPIS,2021,DOAÇÃO DA ALUNA MARIA ISABELLY PEREIRA DA SILVA,NÃO CONSTA,,
2107/2024,17/05/24,CDD-813,1. Romance americano ,"FOLLMUTH, Alexene Farol",A MECÂNICA DO AMOR ,ÚNICO ,1,RIO DE JANEIRO ,GLOBO ALT,2023,DOAÇÃO DA ALUNA APARECIDA EDUARDA TÉCNICO EM ADMINISTRAÇÃO ,1ª,,
2108/2024,14/06/24,CDD-028.5,1. Ficção - Literatura Juvenil,"JUNQUEYRA, Beto",O CÓDIGO DE CAMÕES,ÚNICO,1,"ITAPIRA, SP",EDITORA ESTRELA CULTURAL,2018,"DOAÇÃO DA ALUNA ANA GLÓRIA DANTAS, TÉCNICO EM INFORMÁTICA",2ª,,
2109/2024,14/06/24,CDD-028.5,1. Literatura infantojuvenil - ficção,"PORTER, Eleanor H.",POLLYANA,ÚNICO,1,SÃO PAULO,MARTIN CLARET,2013,"DOAÇÃO DA ALUNA ANA GLÓRIA DANTAS, TÉCNICO EM INFORMÁTICA",4ª,,
2110/2024,14/06/24,CDD-823,1. Ficção inglesa,"NESS, Patrick",O CHAMADO DO MONSTRO,ÚNICO,1,SÃO PAULO,ÁTICA,2013,"DOAÇÃO DA ALUNA ANA GLÓRIA DANTAS, TÉCNICO EM INFORMÁTICA",1ª,,
2111/2024,14/06/24,CDD-028.5,1. Piratas - Literatura infantojuvenil. 2. Antilhas. 3. Histórias de aventuras,"SALGARI, Emilio",O CORSÁRIO NEGRO,ÚNICO,1,SÃO PAULO,ILUMINURAS,2011,"DOAÇÃO DA ALUNA ANA GLÓRIA DANTAS, TÉCNICO EM INFORMÁTICA",NÃO CONSTA,,
2112/2024,14/06/24,CDD-813,1. Ficção. 2. Literatura juvenil americana,"CHBOSKY, Stephen",AS VANTAGENS DE SER INVÍSIVEL,ÚNICO,1,RIO DE JANEIRO,ROCCO,2020,LEGADO LITERÁRIO 2024 - EQUIPE DO CURSO TÉCNICO EM INFORMÁTICA,1ª,,
2113/2024,14/06/24,CDD-741.5,1. Histórias em quadrinhos,"OSEMAN, Alice","HEARSTSTOPPER, VOLUME 1: DOIS GAROTOS, UM ENCONTRO",VOL. 1,1,SÃO PAULO,SEGUINTE,2022,LEGADO LITERÁRIO 2024 - EQUIPE DO CURSO TÉCNICO EM INFORMÁTICA,1ª,,
2114/2024,14/06/24,CDD-823,1. Ficção inglesa,"HAIG, Matt",A BIBLIOTECA DA MEIA-NOITE,ÚNICO,1,RIO DE JANEIRO,BERTRAND BRASIL,2024,LEGADO LITERÁRIO 2024 - EQUIPE DO CURSO TÉCNICO EM INFORMÁTICA,24ª,,
2115/2024,14/06/24,CDD-813,1. Ficção americana,"HOOVER, Colleen",É ASSIM QUE ACABA,VOL. 1,1,RIO DE JANEIRO,GALERA RECORD,2024,LEGADO LITERÁRIO 2024 - EQUIPE DO CURSO TÉCNICO EM INFORMÁTICA,45ª,,
2116/2024,14/06/24,CDD-813,1. Ficção americana,"HOOVER, Colleen",É ASSIM QUE COMEÇA,VOL. 2,1,RIO DE JANEIRO,GALERA RECORD,2024,LEGADO LITERÁRIO 2024 - EQUIPE DO CURSO TÉCNICO EM INFORMÁTICA,12ª,,
2117/2024,14/06/24,CDD-813,1. Ficção norte-americana,"REID, Taylor Jenkins",OS SETE MARIDOS DE EVELYN HUGO,ÚNICO,1,SÃO PAULO,PARALELA,2019,LEGADO LITERÁRIO 2024 - EQUIPE DO CURSO TÉCNICO EM INFORMÁTICA,1ª,,
2118/2024,14/06/24,CDD-469.3,1. Português: Dicionários ,ACADEMIA BRASILEIRA DE LETRAS,DICIONÁRIO ESCOLAR DA LÍNGUA PORTUGUESA,,1,SÃO PAULO,COMPANHIA EDITORIAL NACIONAL,2008,SEDUC-CE,2ª,,
2119/2024,14/06/24,CDD-869.93,1. Romance brasileiro,"POMPÉIA, Raul",O ATENEU,ÚNICO,4,CURITIBA,ARAUJO HOLDING ADMINISTRADORA  DE BESN LTDA,2023,SEDUC-CE,1ª,,
2120/2024,14/06/24,CDD-869.3,1. Romance português,"CASTELO BRANCO, Camilo",A BRASILEIRA DE PRAZINS,ÚNICO,2,SÃO PAULO,IBEP,2012,SEDUC-CE,1ª,,
2121/2024,14/06/24,CDD-869.93,1. Romance brasileiro,"MACEDO, Joaquim Manuel de",A MORENINHA,ÚNICO,2,SÃO PAULO,IBEP,2012,SEDUC-CE,1ª,,
2122/2024,14/06/24,CDD-869.3,1. Romance português,"QUEIROZ, Eça de",A CIDADE E AS SERRAS,ÚNICO,3,SÃO PAULO,COMPANHIA EDITORA NACIONAL,2004,SEDUC-CE,1ª,,
2123/2024,14/06/24,CDD-869.3,1. Romance português,"QUEIROZ, Eça de",A CIDADE E AS SERRAS,ÚNICO,4,SÃO PAULO,COMPANHIA EDITORA NACIONAL,2004,SEDUC-CE,1ª,,
2124/2024,14/06/24,CDD-869.93,1. Conto brasileiro,"BARRETO, Lima",O HOMEM QUE SABIA JAVANÊS E OUTROS CONTOS,ÚNICO,1,SÃO PAULO,IBEP,2013,SEDUC-CE,1ª,,
2125/2024,14/06/24,CDD-869.93,1. Romances: Literatura brasileira,"BARRETO, LIma",RECORDAÇÕES DO ESCRIVÃO ISAÍAS CAMINHA,ÚNICO,1,SÃO PAULO,COMPANHIA EDITORA NACIONAL,2004,SEDUC-CE,1ª,,
2126/2024,14/06/24,CDD-869.93,1. Conto brasileiro,"ASSIS, Machado de ",VÁRIAS HISTÓRIAS,ÚNICO,1,SÃO PAULO,IBEP,2011,SEDUC-CE,1ª,,
2127/2024,14/06/24,CDD-869.92,1. Teatro brasileiro,"PENA, Martins",OS DOIS OU O INGLÊS MAQUINISTA,ÚNICO,1,SÃO PAULO,IBEP,NÃO CONSTA,SEDUC-CE,NÃO CONSTA,,
2128/2024,14/06/24,CDD-028.5,1. Histórias de aventura. 2. Literatura infantojuvenil americana,"TWAIN, Mark",AS VIAGENS DE TOM SAWYER,ÚNICO,1,SÃO PAULO,IBEP,2012,SEDUC-CE,1ª,,
2129/2024,14/06/24,CDD-028.5,1. Literatura juvenil,"DEFOE, Daniel",AS AVENTURAS DE ROBINSON CRUSOÉ,ÚNICO,2,SÃO PAULO,COMPANHIA EDITORA NACIONAL,2005,SEDUC-CE,NÃO CONSTA,,
2130/2024,14/06/24,CDD-741.5,1. Histórias em quadrinhos,MACBETH/ WILLIAM SHAKESPEARE,"HAYNES, Atephen",ÚNICO,2,SÃO PAULO,COMPANHIA EDITORA NACIONAL,2009,SEDUC-CE,1ª,,
2131/2024,14/06/24,CDD-813,1. Ficção norte-americana,"FISHER, Tarryn",FUCK LOVE,ÚNICO,1,"BARUERI, SP",FARO EDITORIAL,2017,LEGADO LITERÁRIO- ALUNO ADAILSON (TURMA DE INFORMÁTICA 2024),1ª,,
2132/2024,14/06/24,CDD-028.5,1. Amizade - Literatura infantojuvenil. 2. Ficção policial americana. 3. Literatura infantojuvenil norte-americana,"SHEPARD, Sara",PERVERSAS,VOL. 5,1,RIO DE JANEIRO ,ROCCO JOVENS LEITORES,2011,LEGADO LITERÁRIO- ALUNA THIFANNY (TÉCNICO EM INFORMÁTICA 2024),NÃO CONSTA,,
2133/2024,14/06/24,CDD-028.5,1. Amizade - Literatura infantojuvenil. 2. Ficção policial americana. 3. Literatura infantojuvenil norte-americana,"SHEPARD, Sara",DESTRUIDORAS,VOL. 6,1,RIO DE JANEIRO,ROCCO JOVENS LEITORES,2011,LEGADO LITERÁRIO- ALUNA THIFANNY (TÉCNICO EM INFORMÁTICA 2024),NÃO CONSTA,,
2134/2024,14/06/24,CDD-028.5,1. Amizade - Literatura infantojuvenil. 2. Ficção policial americana. 3. Literatura infantojuvenil norte-americana,"SHEPARD, Sara",IMPIEDOSAS,VOL. 7,1,RIO DE JANEIRO,ROCCO JOVENS LEITORES,2012,LEGADO LITERÁRIO- ALUNA THIFANNY (TÉCNICO EM INFORMÁTICA 2024),NÃO CONSTA,,
2135/2024,14/06/24,CDD-028.5,1. Amizade - Literatura infantojuvenil. 2. Ficção policial americana. 3. Literatura infantojuvenil norte-americana,"SHEPARD, Sara",PERIGOSAS,VOL. 8,1,RIO DE JANEIRO,ROCCO JOVENS LEITORES,2012,LEGADO LITERÁRIO- ALUNA THIFANNY (TÉCNICO EM INFORMÁTICA 2024),NÃO CONSTA,,
2136/2024,19/06/24,CDD-028.5,1. Mitologia grega - Literatura infantojuvenil,"RIORDAN, Rick",O LADRÃO DE RAIOS,VOL. 1,3,RIO DE JANEIRO,INTRÍNSECA ,2014,SEM REGISTRO,3ª,,
2137/2024,22/06/24,CDD-B869.1,1. Literatura brasileira. 2. Poesia,"DODOU, Antônio Romero Siqueira",ANTOLOGIA POÉTICA: ESCRITORES DO CARIRI,ÚNICO,1,CRATO,A PROVÍNCIA EDITORA,2019,DOAÇÃO DA PROFESSORA KARINE,NÃO CONSTA,,
2138/2024,22/06/24,CDD- 928.6981,1. Biografia – personagens históricos brasileiros.,VÁRIOS AUTORES,PATRONOS,VOL. 2,6,ARARIPE,HB GRÁFICA,2020,DOAÇÃO DA PROFESSORA KARINE,1ª,,
2139/2024,22/06/24,CDD-869.93,1. Literatura brasileira. 2. Romance. 3. Memórias,"SERAFIM, Luciana",CICLO 90,ÚNICO,26,ARARIPE,SEDUC ARARIPE,2022,DOAÇÃO DA PROFESSORA KARINE,NÃO CONSTA,,
2140/2024,22/06/24,CDD-813,1. Romances - Literatura norte-americana,"STEIN, Garth",A ARTE DE CORRER NA CHUVA,ÚNICO,1,SÃO PAULO,EDIOURO,2008,DOAÇÃO DO ALUNO CLEUTON PEREIRA DA SILVA (TÉCNICO EM DESENHO DE CONSTRUÇÃO CIVIL),NÃO CONSTA,,
2141/2024,17/08/24,CDD-813,1. Ficção juvenil americana ,"WELCH, Jenna Evans",AMOR & GELATO,VOL. 1,1,RIO DE JANEIRO ,INTRÍNSECA ,2017,"LEGADO LITERÁRIO 2024, THIFANNY TÉCNICO EM INFORMÁTICA ",1ª,,
2142/2024,29/08/24,CDD-869.98,"1. Assis, Machado de - Crítica e interpretação 2. Crítica Literária","MACEDO, Rebeca Louzada ",O LEGADO DE MACHADO DE ASSIS,ÚNICO,1,"LONDRINA, PR",LIVRARIAS FAMÍLIA CRISTÃ,2021,LEGADO LITERÁRIO TURMA TÉCNICO EM INFORMÁTICA  2024,1ª,,
2143/2024,29/08/24,CDD-B869.9308,1. Contos: Coletâneas: Literatura brasileira,"ASSIS, Machado de ",VÁRIAS HISTÓRIAS,ÚNICO,2,"LONDRINA, PR",LIVRARIAS FAMÍLIA CRISTÃ,2021,LEGADO LITERÁRIO TURMA TÉCNICO EM INFORMÁTICA  2024,1ª,,
2144/2024,29/08/24,CDD-B869.3,1. Romance brasileiro,"ASSIS, Machado de ",RESSUREIÇÃO,ÚNICO,1,"LONDRINA, PR",LIVRARIAS FAMÍLIA CRISTÃ,2021,LEGADO LITERÁRIO TURMA TÉCNICO EM INFORMÁTICA  2024,1ª,,
2145/2024,29/08/24,CDD-B869.3,1. Romance brasileiro,"ASSIS, Machado de ",IAIÁ GARCIA,ÚNICO,1,"LONDRINA, PR",LIVRARIAS FAMÍLIA CRISTÃ,2021,LEGADO LITERÁRIO TURMA TÉCNICO EM INFORMÁTICA  2024,1ª,,
2146/2024,29/08/24,CDD-B869.3,1. Romance brasileiro,"ASSIS, Machado de ",ESAÚ E JACÓ,ÚNICO,3,"LONDRINA, PR",LIVRARIAS FAMÍLIA CRISTÃ,2021,LEGADO LITERÁRIO TURMA TÉCNICO EM INFORMÁTICA  2024,1ª,,
2147/2024,29/08/24,CDD-B869.3,1. Romance brasileiro,"ASSIS, Machado de ",A MÃO E A LUVA,ÚNICO,2,"LONDRINA, PR",LIVRARIAS FAMÍLIA CRISTÃ,2021,LEGADO LITERÁRIO TURMA TÉCNICO EM INFORMÁTICA  2024,1ª,,
2148/2024,29/08/24,CDD-B869.3,1. Romance brasileiro,"ASSIS, Machado de ",DOM CASMURRO,ÚNICO,7,"LONDRINA, PR",LIVRARIAS FAMÍLIA CRISTÃ,2021,LEGADO LITERÁRIO TURMA TÉCNICO EM INFORMÁTICA  2024,1ª,,
2149/2024,29/08/24,CDD-B869.3,1. Romance brasileiro,"ASSIS, Machado de ",MEMÓRIAS PÓSTUMAS DE BRÁS CUBAS,ÚNICO,7,"LONDRINA, PR",LIVRARIAS FAMÍLIA CRISTÃ,2021,LEGADO LITERÁRIO TURMA TÉCNICO EM INFORMÁTICA  2024,1ª,,
2150/2024,29/08/24,CDD-B869.3,1. Romance brasileiro,"ASSIS, Machado de ",QUINCAS BORBA,ÚNICO,8,"LONDRINA, PR",LIVRARIAS FAMÍLIA CRISTÃ,2021,LEGADO LITERÁRIO TURMA TÉCNICO EM INFORMÁTICA  2024,1ª,,
2151/2024,29/08/24,CDD-B869.3,1. Contos brasileiros,"ASSIS, Machado de ",PAPÉIS AVULSOS,ÚNICO,1,"LONDRINA, PR",LIVRARIAS FAMÍLIA CRISTÃ,2021,LEGADO LITERÁRIO TURMA TÉCNICO EM INFORMÁTICA  2024,1ª,,
2152/2024,29/08/24,CDD-B869.3,1. Romance brasileiro,"ASSIS, Machado de ",MEMORIAL DE AIRES,ÚNICO,1,"LONDRINA, PR",LIVRARIAS FAMÍLIA CRISTÃ,2021,LEGADO LITERÁRIO TURMA TÉCNICO EM INFORMÁTICA  2024,1ª,,
2153/2024,29/08/24,CDD-B869.3,1. Romance brasileiro,"ASSIS, Machado de ",HELENA,ÚNICO,5,"LONDRINA, PR",LIVRARIAS FAMÍLIA CRISTÃ,2021,LEGADO LITERÁRIO TURMA TÉCNICO EM INFORMÁTICA  2024,1ª,,
2154/2024,02/09/24,CDD-028.5,1. Poesia: Literatura infantojuvenil,"SILVERSTEIN, Shel",A PARTE QUE FALTA,ÚNICO,1,SÃO PAULO,COMPANHIA DAS LETRAS,2018,DOAÇÃO: CORUJÃO DE INFORMÁTICA 6.0/2024,1ª,,
2155/2024,02/09/24,CDD-813,1. Ficção pilicial e de mistério: Literatura norte-americana,"DONLEA, Charlie",A GAROTA DO LAGO,ÚNICO,2,"BARUERI, SP",FARO EDITORIAL,2017,DOAÇÃO: CORUJÃO DE INFORMÁTICA 6.0/2024,2ª,,
2156/2024,02/09/24,CDD-813,1. Ficção pilicial e de mistério: Literatura norte-americana,"DONLEA, Charlie",A GAROTA DO LAGO,ÚNICO,3,"BARUERI, SP",FARO EDITORIAL,2017,DOAÇÃO: CORUJÃO DE INFORMÁTICA 6.0/2024,2ª,,
2157/2024,02/09/24,CDD-813,1. Ficção pilicial e de mistério: Literatura norte-americana,"DONLEA, Charlie",A GAROTA DO LAGO,ÚNICO,4,"BARUERI, SP",FARO EDITORIAL,2017,DOAÇÃO: CORUJÃO DE INFORMÁTICA 6.0/2024,2ª,,
2158/2024,02/09/24,CDD-813,1. Ficção pilicial e de mistério: Literatura norte-americana,"DONLEA, Charlie",A GAROTA DO LAGO,ÚNICO,5,"BARUERI, SP",FARO EDITORIAL,2017,DOAÇÃO: CORUJÃO DE INFORMÁTICA 6.0/2024,1ª,,
2159/2024,02/09/24,CDD-813,1. Romance americano,"LIPPINCOTT, Rachael",A CINCO PASSOS DE VOCÊ,ÚNICO,2,SÃO PAULO,GLOBO ALT,2019,DOAÇÃO: CORUJÃO DE INFORMÁTICA 6.0/2024,1ª,,
2160/2024,02/09/24,CDD-869.91,1. Poesia infantojuvenil brasileira,"SILVA, Igor Pires da",TEXTOS CRUÉIS DEMAIS SEREM LIDOS RAPIDAMENTE,ÚNICO,1,SÃO PAULO,GLOBO ALT,2017,DOAÇÃO: CORUJÃO DE INFORMÁTICA 6.0/2024,1ª,,
2161/2024,02/09/24,CDD-811.6,1. Poesia norte-americana. 2. Autorrealização em Mulheres - Poesia. 3. Mulheres. 4. Feminismo,"LOVELACE, Amanda",A BRUXA NÃO VAI PARA A FOGUEIRA NESTE LIVRO,ÚNICO,1,SÃO PAULO,LEYA BRASIL,2018,DOAÇÃO: CORUJÃO DE INFORMÁTICA 6.0/2024,NÃO CONSTA,,
2162/2024,02/09/24,CDD-248.4,1. Cristianismo 2. Vida cristã,"LEWIS, C. S.",CRISTIANISMO PURO E SIMPLES,ÚNICO,1,RIO DE JANEIRO,THOMAS NELSON BRASIL,2017,DOAÇÃO: CORUJÃO DE INFORMÁTICA 6.0/2024,1ª,,
2163/2024,02/09/24,CDD-869.1,1. Poesia brasileira,"PIRES, Igor",TEXTOS PARA TOCAR CICATRIZES,ÚNICO,1,RIO DE JANEIRO,GLOBO ALT,2022,DOAÇÃO: CORUJÃO DE INFORMÁTICA 6.0/2024,1ª,,
2164/2024,02/09/24,CDD-813,1. Ficção americana,GREEN. John,A CULPA É DAS ESTRELAS,ÚNICO,4,RIO DE JANEIRO,INTRÍNSECA ,2012,DOAÇÃO: CORUJÃO DE INFORMÁTICA 6.0/2024,NÃO CONSTA,,
2165/2024,02/09/24,CDD-813,1. Ficção americana,GREEN. John,A CULPA É DAS ESTRELAS,ÚNICO,5,RIO DE JANEIRO,INTRÍNSECA ,2012,DOAÇÃO: CORUJÃO DE INFORMÁTICA 6.0/2024,NÃO CONSTA,,
2166/2024,02/09/24,CDD-813,1. Ficção americana,GREEN. John,A CULPA É DAS ESTRELAS,ÚNICO,6,RIO DE JANEIRO,INTRÍNSECA ,2013,DOAÇÃO: CORUJÃO DE INFORMÁTICA 6.0/2024,1ª,,
2167/2024,02/09/24,CDD-813,1. Ficção americana,GREEN. John,A CULPA É DAS ESTRELAS,ÚNICO,7,RIO DE JANEIRO,INTRÍNSECA ,2013,DOAÇÃO: CORUJÃO DE INFORMÁTICA 6.0/2024,1ª,,
2168/2024,02/09/24,CDD-813,1. Ficção americana,GREEN. John,A CULPA É DAS ESTRELAS,ÚNICO,8,RIO DE JANEIRO,INTRÍNSECA ,2012,DOAÇÃO: CORUJÃO DE INFORMÁTICA 6.0/2024,NÃO CONSTA,,
2169/2024,02/09/24,CDD-811,1. Poesia americana,"LOVELACE, Amanda",FAÇA A SUA COROA DE GELO BRILHAR,ÚNICO,1,SÃO PAULO,LEYA BRASIL,2021,DOAÇÃO: CORUJÃO DE INFORMÁTICA 6.0/2024,NÃO CONSTA,,
2170/2024,03/09/24,CDD-813,1. Sobrenatural - Ficção americana. 2. Anjos,"FITZPATRICK, Becca",SUSSURRO,VOL. 1,1,RIO DE JANEIRO,INTRÍNSECA ,2010,DOAÇÃO: CORUJÃO DE INFORMÁTICA 6.0/2024,NÃO CONSTA,,
2171/2024,03/09/24,CDD-813,1. Sobrenatural - Ficção americana. 2. Anjos,"FITZPATRICK, Becca",CRESCENDO,VOL. 2,1,RIO DE JANEIRO,INTRÍNSECA ,2011,DOAÇÃO: CORUJÃO DE INFORMÁTICA 6.0/2024,NÃO CONSTA,,
2172/2024,03/09/24,CDD-813,1. Sobrenatural - Ficção americana. 2. Anjos,"FITZPATRICK, Becca",FINALE,VOL. 4,1,RIO DE JANEIRO,INTRÍNSECA ,2013,DOAÇÃO: CORUJÃO DE INFORMÁTICA 6.0/2024,NÃO CONSTA,,
2173/2024,03/09/24,CDD-813,1. Sobrenatural - Ficção americana. 2. Anjos,"FITZPATRICK, Becca",SILÊNCIO,VOL. 3,1,RIO DE JANEIRO,INTRÍNSECA ,2011,DOAÇÃO: CORUJÃO DE INFORMÁTICA 6.0/2024,NÃO CONSTA,,
2174/2024,03/09/24,CDD-813,1. Ficção americana,"SMITH, L. J.",O DESPERTAR (DIÁRIOS DO VAMPIRO),VOL. 1,1,RIO DE JANEIRO,GALERA RECORD,2010,DOAÇÃO: CORUJÃO DE INFORMÁTICA 6.0/2024,14ª,,
2175/2024,03/09/24,CDD-813,1. Ficção americana,"SMITH, L. J.",O CONFRONTO (DIÁRIOS DO VAMPIRO),VOL. 2,1,RIO DE JANEIRO,GALERA RECORD,2010,DOAÇÃO: CORUJÃO DE INFORMÁTICA 6.0/2024,12ª,,
2176/2024,03/09/24,CDD-813,1. Ficção americana,"SMITH, L. J.",A FÚRIA (DIÁRIOS DO VAMPIRO),VOL. 3,1,RIO DE JANEIRO,GALERA RECORD,2011,DOAÇÃO: CORUJÃO DE INFORMÁTICA 6.0/2024,5ª,,
2177/2024,03/09/24,CDD-813,1. Ficção americana,"SMITH, L. J.",REUNIÃO SOMBRIA,VOL. 4,1,RIO DE JANEIRO,GALERA RECORD,2011,DOAÇÃO: CORUJÃO DE INFORMÁTICA 6.0/2024,5ª,,
2178/2024,03/09/24,CDD-813,1. Ficção americana,"SPARKS, Nicholas",UMA LONGA JORNADA,ÚNICO,2,SÃO PAULO,ARQUEIRO,2014,DOAÇÃO: CORUJÃO DE INFORMÁTICA 6.0/2024,NÃO CONSTA,,
2179/2024,03/09/24,CDD-813,1. Ficção americana,"SPARKS, Nicholas",UMA LONGA JORNADA,ÚNICO,3,SÃO PAULO,ARQUEIRO,2014,DOAÇÃO: CORUJÃO DE INFORMÁTICA 6.0/2024,NÃO CONSTA,,
2180/2024,03/09/24,CDD-813,1. Ficção americana,"SPARKS, Nicholas",DOIS A DOIS,ÚNICO,1,SÃO PAULO,ARQUEIRO,2017,DOAÇÃO: CORUJÃO DE INFORMÁTICA 6.0/2024,NÃO CONSTA,,
2181/2024,03/09/24,CDD-813,1. Ficção americana,"SPARKS, Nicholas",O MELHOR DE MIM,ÚNICO,1,SÃO PAULO,ARQUEIRO,2014,DOAÇÃO: CORUJÃO DE INFORMÁTICA 6.0/2024,NÃO CONSTA,,
2182/2024,03/09/24,CDD-813,1. Ficção americana,"SPARKS, Nicholas",O MELHOR DE MIM,ÚNICO,2,SÃO PAULO,ARQUEIRO,2014,DOAÇÃO: CORUJÃO DE INFORMÁTICA 6.0/2024,NÃO CONSTA,,
2183/2024,03/09/24,CDD-813,1. Romance norte-americano,"SHELDON, Sidney",CONTE-ME SEUS SONHOS/O CÉU ESTÁ CAINDO,ÚNICO,1,RIO DE JANEIRO,BESTBOLSO,2010,DOAÇÃO: CORUJÃO DE INFORMÁTICA 6.0/2024,NÃO CONSTA,,
2184/2024,03/09/24,CDD-813,1. Romance norte-americano,"SHELDON, Sidney",SE HOUVER AMANHÃ/NADA DURA PARA SEMPRE,ÚNICO,1,RIO DE JANEIRO,BESTBOLSO,2010,DOAÇÃO: CORUJÃO DE INFORMÁTICA 6.0/2024,6ª,,
2185/2024,03/09/24,CDD-028.5,1. Literatura juvenil,"SHELDON, Sidney",A PERSEGUIÇÃO,ÚNICO,1,RIO DE JANEIRO,RECORD,2012,DOAÇÃO: CORUJÃO DE INFORMÁTICA 6.0/2024,22ª,,
2186/2024,03/09/24,CDD-823,1. Ficção inglesa,"DOYLE, Arthur Conan",O VALE DO MEDO,ÚNICO,2,SÃO PAULO,LAFONTE,2018,DOAÇÃO: CORUJÃO DE INFORMÁTICA 6.0/2024,NÃO CONSTA,,
2187/2024,03/09/24,CDD-823,1. Ficção inglesa,"DOYLE, Arthur Conan",O SIGNO DOS QUATRO,ÚNICO,1,SÃO PAULO,MELHORAMENTOS,NÃO CONSTA,DOAÇÃO: CORUJÃO DE INFORMÁTICA 6.0/2024,NÃO CONSTA,,
2188/2024,03/09/24,CDD-813,1. Mudança de vida - Ficção. 2. Crianças desaparecidas. 3. Ficção americana,"YOUNG, William Paul",A CABANA,ÚNICO,5,SÃO PAULO,ARQUEIRO,2017,DOAÇÃO: CORUJÃO DE INFORMÁTICA 6.0/2024,NÃO CONSTA,,
2189/2024,03/09/24,CDD-813,1. Mudança de vida - Ficção. 2. Crianças desaparecidas. 3. Ficção americana,"YOUNG, William Paul", A CABANA,ÚNICO,6,SÃO PAULO,ARQUEIRO,2012,DOAÇÃO: CORUJÃO DE INFORMÁTICA 6.0/2024,NÃO CONSTA,,
2190/2024,03/09/24,CDD-813,1. Mudança de vida - Ficção. 2. Crianças desaparecidas. 3. Ficção americana,"YOUNG, William Paul", A CABANA,ÚNICO,7,SÃO PAULO,ARQUEIRO,2008,DOAÇÃO: CORUJÃO DE INFORMÁTICA 6.0/2024,NÃO CONSTA,,
2191/2024,03/09/24,CDD-813,1. Deus na literatura. 2. Cristianismo na literatura,"KRUGER, C. Baxter",DE VOLTA À CABANA,ÚNICO,1,RIO DE JANEIRO,SEXTANTE,2011,DOAÇÃO: CORUJÃO DE INFORMÁTICA 6.0/2024,NÃO CONSTA,,
2192/2024,03/09/24,CDD-843,1. Fábula francesa. 2. Ficção francesa,"SAINT-EXUPÉRY, Antoine de",O PEQUENO PRÍNCIPE,ÚNICO,4,PETRÓPOLIS,VOZES,2015,DOAÇÃO: CORUJÃO DE INFORMÁTICA 6.0/2024,NÃO CONSTA,,
2193/2024,03/09/24,CDD-843,1. Fábula francesa. 2. Ficção francesa,"SAINT-EXUPÉRY, Antoine de",O PEQUENO PRÍNCIPE,ÚNICO,5,RIO DE JANEIRO,AGIR,2015,DOAÇÃO: CORUJÃO DE INFORMÁTICA 6.0/2024,49ª,,
2194/2024,03/09/24,CDD-940.53492,1. Guerra Mundial - Narrativas judaicas. 3. Países Baixos - História - Ocupação alemã,"FRANK, Anne ",O DIÁRIO DE ANNE FRANK,ÚNICO,3,RIO DE JANEIRO,BESTBOLSO,2020,DOAÇÃO: CORUJÃO DE INFORMÁTICA 6.0/2024,73ª,,
2195/2024,03/09/24,CDD-940.53492,1. Guerra Mundial - Narrativas judaicas. 3. Países Baixos - História - Ocupação alemã,"FRANK, Anne ",O DIÁRIO DE ANNE FRANK,ÚNICO,4,RIO DE JANEIRO,BESTBOLSO,2019,DOAÇÃO: CORUJÃO DE INFORMÁTICA 6.0/2024,65ª,,
2196/2024,04/09/24,CDD-133.93,1. Obras psicografadas. 2. Ficção espírita,"GASPARETTO, Zibia",QUANDO A VIDA ESCOLHE,ÚNICO,1,SÃO PAULO,VIDA & CONSCIÊNCIA,2017,DOAÇÃO: CORUJÃO DE INFORMÁTICA 6.0/2024,2ª,,
2197/2024,04/09/24,CDD-133.93,1. Obras psicografadas. 2. Ficção espírita,"GASPARETTO, Zibia",O MATUTO,ÚNICO,1,SÃO PAULO,VIDA & CONSCIÊNCIA,2017,DOAÇÃO: CORUJÃO DE INFORMÁTICA 6.0/2024,2ª,,
2198/2024,04/09/24,CDD-133.93,1. Obras psicografadas. 2. Ficção espírita,"GASPARETTO, Zibia",LAÇOS ETERNOS,ÚNICO,2,SÃO PAULO,VIDA & CONSCIÊNCIA,2011,DOAÇÃO: CORUJÃO DE INFORMÁTICA 6.0/2024,NÃO CONSTA,,
2199/2024,04/09/24,CDD-133.9,1. Romance espírita. 2. Espiritismo. 3. Obras psicografadas,"GASPARETTO, Zibia",A VIDA SABE O QUE FAZ,ÚNICO,2,SÃO PAULO,VIDA & CONSCIÊNCIA,2017,DOAÇÃO: CORUJÃO DE INFORMÁTICA 6.0/2024,1ª,,
2200/2024,04/09/24,CDD-133.93,1. Obras psicografadas. 2. Ficção espírita,"GASPARETTO, Zibia",NINGUÉM É DE NINGUÉM,ÚNICO,4,SÃO PAULO,VIDA & CONSCIÊNCIA,2017,DOAÇÃO: CORUJÃO DE INFORMÁTICA 6.0/2024,2ª,,
2201/2024,04/09/24,CDD-133.9,1. Espiritismo 2. Psicografia 3. Romance espírita,"GASPARETTO, Zibia",NINGUÉM É DE NINGUÉM,ÚNICO,5,SÃO PAULO,CENTRO DE ESTUDOS VIDA & CONSCIÊNCIA,2009,DOAÇÃO: CORUJÃO DE INFORMÁTICA 6.0/2024,65ª,,
2202/2024,04/09/24,CDD-133.9,1. Espiritismo 2. Psicografia 3. Romance espírita,"CEZAR, Marcelo",O AMOR É PARA OS FORTES,ÚNICO,2,SÃO PAULO,CENTRO DE ESTUDOS VIDA & CONSCIÊNCIA,2012,DOAÇÃO: CORUJÃO DE INFORMÁTICA 6.0/2024,1ª,,
2203/2024,04/09/24,CDD-133.93,1. Romances espíritas psicografados: Espiritismo,"GASPARETTO, Zibia",VENCENDO O PASSADO,ÚNICO,1,SÃO PAULO,CENTRO DE ESTUDOS VIDA & CONSCIÊNCIA,2011,DOAÇÃO: CORUJÃO DE INFORMÁTICA 6.0/2024,1ª,,
2204/2024,04/09/24,CDD-133.93,1. Romances espíritas psicografados: Espiritismo,"GASPARETTO, Zibia",SE ABRINDO PRA VIDA,ÚNICO,1,SÃO PAULO,VIDA & CONSCIÊNCIA,2016,DOAÇÃO: CORUJÃO DE INFORMÁTICA 6.0/2024,1ª,,
2205/2024,04/09/24,CDD-133.93,1. Romances espíritas psicografados: Espiritismo,"GASPARETTO, Zibia",SE ABRINDO PRA VIDA,ÚNICO,2,SÃO PAULO,CENTRO DE ESTUDOS VIDA & CONSCIÊNCIA,2012,DOAÇÃO: CORUJÃO DE INFORMÁTICA 6.0/2024,1ª,,
2206/2024,04/09/24,CDD-028.5,1. Literatura infantojuvenil 2. Ficção,"VERNE, Júlio",A ILHA MISTERIOSA,ÚNICO,1,"JANDIRA, SP",PRINCIPIS,2020,DOAÇÃO: CORUJÃO DE INFORMÁTICA 6.0/2024,1ª,,
2207/2024,04/09/24,CDD-819.13,1. Ficção canadense,"REID, Iain",EU ESTOU PENSANDO EM ACABAR COM TUDO,ÚNICO,1,RIO DE JANEIRO,FÁBRICA231,2017,DOAÇÃO: CORUJÃO DE INFORMÁTICA 6.0/2024,1ª,,
2208/2024,04/09/24,CDD-813,1. Romance inglês,"MOYES, Jojo",A GAROTA QUE VOCÊ DEIXOU PRARA TRÁS,ÚNICO,2,RIO DE JANEIRO,INTRÍNSECA ,2016,DOAÇÃO: CORUJÃO DE INFORMÁTICA 6.0/2024,NÃO CONSTA,,
2209/2024,04/09/24,CDD-813,1. Literatura canadense. 2. Romance,"MONTGOMERY, Lucy Maud",O CASTELO AZUL,ÚNICO,1,"JANDIRA, SP",PRINCIPIS,2020,DOAÇÃO: CORUJÃO DE INFORMÁTICA 6.0/2024,1ª,,
2210/2024,05/09/24,CDD-813,1. Ficção norte-americana,"GRISHAM, John",A CONFRARIA,ÚNICO,1,RIO DE JANEIRO,ROCCO,2000,DOAÇÃO: CORUJÃO DE INFORMÁTICA 6.0/2024,1ª,,
2211/2024,05/09/24,CDD-813,1. Ficção norte-americana,"ROWELL, Rainbow",ELEANOR & PARK,ÚNICO,1,"BARUERI, SP",NOVO SÉCULO EDITORA,2014,DOAÇÃO: CORUJÃO DE INFORMÁTICA 6.0/2024,NÃO CONSTA,,
2212/2024,05/09/24,CDD-891.73,1. Literatura russa: Romance,"TOLSTÓI, Liév",GUERRA E PAZ,ÚNICO,2,"JANDIRA, SP",PRINCIPIS,2020,DOAÇÃO: CORUJÃO DE INFORMÁTICA 6.0/2024,NÃO CONSTA,,
2213/2024,05/09/24,CDD-813,1. Ficção juvenil americana,"WELCH, Jenna Evans",AMOR & GELATO,ÚNICO,2,RIO DE JANEIRO,INTRÍNSECA ,2017,DOAÇÃO: CORUJÃO DE INFORMÁTICA 6.0/2024,1ª,,
2214/2024,05/09/24,CDD-028.5,1. Literatura infantojuvenil,"DONNELLY, Jennifer",A BELA E A FERA,ÚNICO,1,SÃO PAULO,UNIVERSO DOS LIVROS,2017,DOAÇÃO: CORUJÃO DE INFORMÁTICA 6.0/2024,NÃO CONSTA,,
2215/2024,05/09/24,CDD-813,1.Romance americano,"GARCIA, Kami",DEZESSEIS LUAS,ÚNICO,2,RIO DE JANEIRO,GALERA RECORD,2014,DOAÇÃO: CORUJÃO DE INFORMÁTICA 6.0/2024,17ª,,
2216/2024,05/09/24,CDD-813.6,1. Ficção americana,"OAKES, Collen",RAINHA DE COPAS,ÚNICO,1,SÃO PAULO,UNIVERSO DOS LIVROS,2017,DOAÇÃO: CORUJÃO DE INFORMÁTICA 6.0/2024,NÃO CONSTA,,
2217/2024,05/09/24,CDD-823,1. Ficção inglesa,"SHELLEY, Mary",FRANKENSTEIN,ÚNICO,3,BRASIL,PÉ DA LETRA,2021,DOAÇÃO: CORUJÃO DE INFORMÁTICA 6.0/2024,1ª,,
2218/2024,05/09/24,CDD-808.899282,1. Ficção. 2. Literatura infanojuvenil americana,"HOOVER, Colleen",ATÉ O VERÃO TERMINAR,ÚNICO,1,RIO DE JANEIRO,GALERA RECORD,2022,DOAÇÃO: CORUJÃO DE INFORMÁTICA 6.0/2024,7ª,,
2219/2024,05/09/24,CDD-823,1. Ficção inglesa,"SHELLEY, Mary",FRANKENSTEIN,ÚNICO,4,SÃO PAULO,COMPANHIA DAS LETRAS,1994,DOAÇÃO: CORUJÃO DE INFORMÁTICA 6.0/2024,NÃO CONSTA,,
2220/2024,05/09/24,CDD-823,1. Literatura inglesa. 2. Romance,"WELLS, H. G.",O HOMEM INVISÍVEL,ÚNICO,1,"JANDIRA, SP",PRINCIPIS,2020,DOAÇÃO: CORUJÃO DE INFORMÁTICA 6.0/2024,1ª,,
2221/2024,05/09/24,CDD-823,1. Ficção inglesa,"TOLKIEN, J. R. R. ",O HOBBIT,ÚNICO,1,SÃO PAULO,EDITORA WMF MARTINS FONTES,2011,DOAÇÃO: CORUJÃO DE INFORMÁTICA 6.0/2024,4ª,,
2222/2024,05/09/24,CDD-823,1. Literatura inglesa. 2. Romance,"AUSTEN, Jane",ORGULHO E PRECONCEITO,ÚNICO,5,"JANDIRA, SP",PRINCIPIS,2019,DOAÇÃO: CORUJÃO DE INFORMÁTICA 6.0/2024,3ª,,
2223/2024,05/09/24,CDD-819.13,1. Romance canadense,"ATWOOD, Margaret Eleanor",O CONTO DA AIA,ÚNICO,1,RIO DE JANEIRO,ROCCO,2017,DOAÇÃO: CORUJÃO DE INFORMÁTICA 6.0/2024,NÃO CONSTA,,
2224/2024,05/09/24,CDD-813,1. Ficção americana,GREEN. John,CIDADES DE PAPEL,ÚNICO,1,RIO DE JANEIRO,INTRÍNSECA ,2014,DOAÇÃO: CORUJÃO DE INFORMÁTICA 6.0/2024,2ª,,
2225/2024,05/09/24,CDD-823,1. Ficção inglesa,"ORWELL, George",A REVOLUÇÃO DOS BICHOS,ÚNICO,3,SÃO PAULO,COMPANHIA DAS LETRAS,2007,DOAÇÃO: CORUJÃO DE INFORMÁTICA 6.0/2024,NÃO CONSTA,,
2226/2024,05/09/24,CDD-800,1. Ficção - Coletânea,VÁRIOS AUTORES,SELEÇÕES DE LIVROS,VOL. 125,1,RIO DE JANEIRO,RADHA BRASIL EDIÇÕES E SERVIÇOS,2021,DOAÇÃO: CORUJÃO DE INFORMÁTICA 6.0/2024,1ª,,
2227/2024,05/09/24,CDD-891.73,1. Ficção russa,"DOSTOIÉVSKI, Fiódor",CRIME E CASTIGO,VOL. 600,2,PORTO ALEGRE,L&M ,2021,DOAÇÃO: CORUJÃO DE INFORMÁTICA 6.0/2024,NÃO CONSTA,,
2228/2024,05/09/24,CDD-823,1. Romance inglês,"WOOLF, Virginia",MRS. DALLOWAY,ÚNICO,1,RIO DE JANEIRO,NOVA FRONTEIRA,2011,DOAÇÃO: CORUJÃO DE INFORMÁTICA 6.0/2024,NÃO CONSTA,,
2229/2024,05/09/24,CDD-843,1. Romance francês,"FLAUBERT, Gustave",MADAME BOVARY,ÚNICO,2,RIO DE JANEIRO,NOVA FRONTEIRA,2011,DOAÇÃO: CORUJÃO DE INFORMÁTICA 6.0/2024,NÃO CONSTA,,
2230/2024,06/09/24,CDD-813,1. Ficção americana,"HOOVER, Colleen",É ASSIM QUE ACABA,ÚNICO,2,RIO DE JANEIRO,GALERA RECORD,2021,DOAÇÃO: CORUJÃO DE INFORMÁTICA 6.0/2024,24ª,,
2231/2024,06/09/24,CDD-813,1. Ficção americana,"HOOVER, Colleen",UM CASO PERDIDO,ÚNICO,1,RIO DE JANEIRO,GALERA RECORD,2022,DOAÇÃO: CORUJÃO DE INFORMÁTICA 6.0/2024,14ª,,
2232/2024,06/09/24,CDD-813,1. Ficção americana,"HOOVER, Colleen",SEM ESPERANÇA,ÚNICO,1,RIO DE JANEIRO,GALERA RECORD,2023,DOAÇÃO: CORUJÃO DE INFORMÁTICA 6.0/2024,12ª,,
2233/2024,06/09/24,CDD-813,1. Ficção americana,"HOOVER, Colleen",EM BUSCA DE CINDERELA/EM BUSCA DA PERFEIÇÃO,ÚNICO,1,RIO DE JANEIRO,GALERA RECORD,2023,DOAÇÃO: CORUJÃO DE INFORMÁTICA 6.0/2024,10ª,,
2234/2024,06/09/24,CDD-813,1. Ficção americana,"HOOVER, Colleen",EM BUSCA DE CINDERELA/EM BUSCA DA PERFEIÇÃO,ÚNICO,2,RIO DE JANEIRO,GALERA RECORD,2022,DOAÇÃO: CORUJÃO DE INFORMÁTICA 6.0/2024,2ª,,
2235/2024,06/09/24,CDD-813,1. Romance juvenil,"COLE, Tillie",MIL BEIJOS DE GAROTO,ÚNICO,1,SÃO PAULO,PLANETA,2017,DOAÇÃO: CORUJÃO DE INFORMÁTICA 6.0/2024,1ª,,
2236/2024,06/09/24,CDD-813,1. Ficção americana,"MAAS, Sarah J. ",TRONO DE VIDRO,ÚNICO,1,RIO DE JANEIRO,GALERA RECORD,2017,DOAÇÃO: CORUJÃO DE INFORMÁTICA 6.0/2024,12ª,,
2237/2024,06/09/24,CDD-813,1. Ficção americana,"TARANTINO, Quentin",ERA UMA VEZ EM HOLLYWOOD,ÚNICO,1,RIO DE JANEIRO,INTRÍNSECA ,2021,DOAÇÃO: CORUJÃO DE INFORMÁTICA 6.0/2024,1ª,,
2238/2024,06/09/24,CDD-839.82,1. Romance norueguês,"NESBO, Jo",O LEOPARDO,ÚNICO,1,RIO DE JANEIRO,RECORD,2014,DOAÇÃO: CORUJÃO DE INFORMÁTICA 6.0/2024,1ª,,
2239/2024,06/09/24,CDD-028.5,1. Literatura infantojuvenil,"SELZNICK, Brian",SEM FÔLEGO,ÚNICO,1,SÃO PAULO,EDIÇÕES SM,2012,DOAÇÃO: CORUJÃO DE INFORMÁTICA 6.0/2024,1ª,,
2240/2024,06/09/24,CDD-028.5,1. Romance - Literatura juvenil,"GÓMEZ, Ricardo",JOGOS INOCENTES JOGOS,ÚNICO,1,SÃO PAULO,FTD,2015,DOAÇÃO: CORUJÃO DE INFORMÁTICA 6.0/2024,2ª,,
2241/2024,06/09/24,CDD-823,1. Ficção inglesa,"DAVID, Keren",QUANDO EU ERA JOE,ÚNICO,1,"RIBEIRÃO PRETO, SP",NOVO CONCEITO EDITORA,2014,DOAÇÃO: CORUJÃO DE INFORMÁTICA 6.0/2024,NÃO CONSTA,,
2242/2024,06/09/24,CDD-813,1. Ficção - Literatura infantojuvenil americana,"CHBOSKY, Stephen",AS VANTAGENS DE SER INVÍSIVEL,ÚNICO,2,RIO DE JANEIRO,ROCCO,2007,DOAÇÃO: CORUJÃO DE INFORMÁTICA 6.0/2024,NÃO CONSTA,,
2243/2024,06/09/24,CDD-813,1. Ficção americana,"MASELLO, Robert",SANGUE E GELO,ÚNICO,1,RIO DE JANEIRO,OBJETIVA,2010,DOAÇÃO: CORUJÃO DE INFORMÁTICA 6.0/2024,NÃO CONSTA,,
2244/2024,06/09/24,CDD-823,"1. Ficção inglesa 2. Auschwitz (Campo de concentração - Ficção 3. Guerra Mundial, 1939-1945","MORRIS, Heather",O TATUADOR DE AUSCHWITZ,ÚNICO,1,SÃO PAULO,PLANETA DO BRASIL,2019,DOAÇÃO: CORUJÃO DE INFORMÁTICA 6.0/2024,2ª,,
2245/2024,06/09/24,CDD-823.9,1. Amizade - Ficção 2. Berlim (Alemanha)  3. Ficção irlandesa 4. Jovens,"BOYNE, John",O MENINO DO PIJAMA LISTRADO,ÚNICO,1,SÃO PAULO,COMPANHIA DAS LETRAS,2013,DOAÇÃO: CORUJÃO DE INFORMÁTICA 6.0/2024,1ª,,
2246/2024,06/09/24,CDD-823.9,1. Amizade - Ficção 2. Berlim (Alemanha)  3. Ficção irlandesa 4. Jovens,"BOYNE, John",O MENINO DO PIJAMA LISTRADO,ÚNICO,2,SÃO PAULO,COMPANHIA DAS LETRAS,2007,DOAÇÃO: CORUJÃO DE INFORMÁTICA 6.0/2024,NÃO CONSTA,,
2247/2024,06/09/24,CDD-813,1. Ficção americana,"GAIMAN, Neil",DEUSES AMERICANOS,ÚNICO,1,RIO DE JANEIRO,INTRÍNSECA ,2016,DOAÇÃO: CORUJÃO DE INFORMÁTICA 6.0/2024,1ª,,
2248/2024,06/09/24,CDD-813,1. Ficção americana,"HAN, Jenny",PARA TODOS OS GAROTOS QUE JÁ AMEI,VOL. 1,2,RIO DE JANEIRO,INTRÍNSECA ,2019,DOAÇÃO: CORUJÃO DE INFORMÁTICA 6.0/2024,2ª,,
2249/2024,06/09/24,CDD-813,1. Ficção americana,"HAN, Jenny",AGORA E PARA SEMPRE,VOL. 3,1,RIO DE JANEIRO,INTRÍNSECA ,2019,DOAÇÃO: CORUJÃO DE INFORMÁTICA 6.0/2024,2ª,,
2250/2024,06/09/24,CDD-028.5,1. Ficção infantojuvenil,"PALACIO, R. J.",EXTRAORDINÁRIO,ÚNICO,3,RIO DE JANEIRO,INTRÍNSECA ,2014,DOAÇÃO: CORUJÃO DE INFORMÁTICA 6.0/2024,2ª,,
2251/2024,06/09/24,CDD-028.5,1. Ficção infantojuvenil,"PALACIO, R. J.",EXTRAORDINÁRIO,ÚNICO,4,RIO DE JANEIRO,INTRÍNSECA ,2014,DOAÇÃO: CORUJÃO DE INFORMÁTICA 6.0/2024,2ª,,
2252/2024,06/09/24,CDD-028.5,1. Ficção infantojuvenil,"PALACIO, R. J.",EXTRAORDINÁRIO,ÚNICO,5,RIO DE JANEIRO,INTRÍNSECA ,2014,DOAÇÃO: CORUJÃO DE INFORMÁTICA 6.0/2024,2ª,,
2253/2024,06/09/24,CDD-869.93,1. Romance brasileiro,"BRAZIL, Adriana",OUTONO DE SONHOS,VOL. 1,1,"BARUERI, SP",NOVO SÉCULO EDITORA,2014,DOAÇÃO: CORUJÃO DE INFORMÁTICA 6.0/2024,2ª,,
2254/2024,06/09/24,CDD-869.93,1. Romance brasileiro,"BRAZIL, Adriana",INVERNO DE CINZAS,VOL. 2,1,"BARUERI, SP",NOVO SÉCULO EDITORA,2014,DOAÇÃO: CORUJÃO DE INFORMÁTICA 6.0/2024,2ª,,
2255/2024,06/09/24,CDD-869.93,1. Romance brasileiro,"BRAZIL, Adriana",PRIMAVERA DE CORES,VOL. 3,1,"BARUERI, SP",NOVO SÉCULO EDITORA,2014,DOAÇÃO: CORUJÃO DE INFORMÁTICA 6.0/2024,NÃO CONSTA,,
2256/2024,06/09/24,CDD-869.93,1. Romance brasileiro,"BRAZIL, Adriana",VERÃO DE CONQUISTAS,VOL. 4,1,"BARUERI, SP",NOVO SÉCULO EDITORA,2015,DOAÇÃO: CORUJÃO DE INFORMÁTICA 6.0/2024,NÃO CONSTA,,
2257/2024,06/09/24,CDD-813,1. Romance americano,"CAMERON, W. Bruce",QUATRO VIDAS DE UM CACHORRO: TODO CACHORRO EXISTE POR UMA RAZÃO,ÚNICO,1,RIO DE JANEIRO,HARPERCOLLINS,2017,DOAÇÃO: CORUJÃO DE INFORMÁTICA 6.0/2024,1ª,,
2258/2024,06/09/24,CDD-823.99343,"1. Livros e leitura - Ficção. 2. Guerra Mundial, 1939-1945 - Judeus - Resgate. 3. Romance australiano","ZUSAK, Markus",A MENINA QUE ROUBAVA LIVROS,ÚNICO,2,RIO DE JANEIRO,INTRÍNSECA ,2008,DOAÇÃO: CORUJÃO DE INFORMÁTICA 6.0/2024,NÃO CONSTA,,
2259/2024,06/09/24,CDD-823.99343,"1. Livros e leitura - Ficção. 2. Guerra Mundial, 1939-1945 - Judeus - Resgate. 3. Romance australiano","ZUSAK, Markus",A MENINA QUE ROUBAVA LIVROS,ÚNICO,3,RIO DE JANEIRO,INTRÍNSECA ,2011,DOAÇÃO: CORUJÃO DE INFORMÁTICA 6.0/2024,NÃO CONSTA,,
2260/2024,06/09/24,CDD-823,1. Romance inglês,"FRAYN, Michael",ESPIÕES: ROMANCE,ÚNICO,1,SÃO PAULO,COMPANHIA DAS LETRAS,2005,DOAÇÃO: CORUJÃO DE INFORMÁTICA 6.0/2024,NÃO CONSTA,,
2261/2024,06/09/24,CDD-823,1. Ficção inglesa,"ORWELL, George",A FILHA DO REVERENDO,ÚNICO,1,SÃO PAULO,LAFONTE,2021,DOAÇÃO: CORUJÃO DE INFORMÁTICA 6.0/2024,NÃO CONSTA,,
2262/2024,09/09/24,CDD-823,1. Romance inglês,"MOYES, Jojo",A ÚLTIMA CARTA DE AMOR,ÚNICO,1,RIO DE JANEIRO ,INTRÍNSECA ,2016,DOAÇÃO: CORUJÃO DE INFORMÁTICA 6.0/2024,NÃO CONSTA,,
2263/2024,09/09/24,CDD-813,1. Ficção juvenil americana,"BLOOM, Steve",O DATE PERFEITO,ÚNICO,1,SÃO PAULO,GLOBO ALT,2019,DOAÇÃO: CORUJÃO DE INFORMÁTICA 6.0/2024,1ª,,
2264/2024,09/09/24,CDD-813,1. Ficção americana,"MEYER, Stephenie",A HOSPEDEIRA,ÚNICO,1,RIO DE JANEIRO,INTRÍNSECA ,2009,DOAÇÃO: CORUJÃO DE INFORMÁTICA 6.0/2024,NÃO CONSTA,,
2265/2024,09/09/24,CDD-813,1. Romance americano,"PEARLMAN, Ann",O CLUBE DO BISCOITO,ÚNICO,1,RIO DE JANEIRO,BERTRAND BRASIL,2011,DOAÇÃO: CORUJÃO DE INFORMÁTICA 6.0/2024,NÃO CONSTA,,
2266/2024,09/09/24,CDD-813.6,1. Ficção norte-americana,"PAN, EMily X. R.",AS EXTRAORDINÁRIAS CORES DO AMANHÃ,ÚNICO,1,SÃO PAULO,UNIVERSO DOS LIVROS,2019,DOAÇÃO: CORUJÃO DE INFORMÁTICA 6.0/2024,NÃO CONSTA,,
2267/2024,09/09/24,CDD-813,1.Ficção fantástica: Literatura norte-americana,"O'HEARN, Kate",PEGASUS E OS NOVOS OLÍMPICOS,VOL. 3,1,SÃO PAULO,LEYA,2013,DOAÇÃO: CORUJÃO DE INFORMÁTICA 6.0/2024,NÃO CONSTA,,
2268/2024,09/09/24,CDD-869.93,1. Ficção: Literatura brasileira,"CURY, Augusto",O SEMEADOR DE IDEIAS,ÚNICO,1,SÃO PAULO,EDITORA ACADEMIA DE INTELIGÊNCIA ,2010,DOAÇÃO: CORUJÃO DE INFORMÁTICA 6.0/2024,NÃO CONSTA,,
2269/2024,09/09/24,CDD-813,1. Literatura americana,"BRIAN, Kate",CONFISSÕES,VOL. 4,1,RIO DE JANEIRO,GALERA RECORD,2013,DOAÇÃO: CORUJÃO DE INFORMÁTICA 6.0/2024,NÃO CONSTA,,
2270/2024,09/09/24,CDD-823,1. Ficção inglesa,"DONE, Rebecca",NÃO CONTE A NINGUÉM,ÚNICO,1,SÃO PAULO,PARALELA,2017,DOAÇÃO: CORUJÃO DE INFORMÁTICA 6.0/2024,1ª,,
2271/2024,09/09/24,CDD-891.8538,1. Literatura polonesa. 2. Romance 3. Ficção contemporânea,"TOKARCZUK, Olga",SOBRE OS OSSOS DOS MORTOS,ÚNICO,1,SÃO PAULO,TODAVIA,2019,DOAÇÃO: CORUJÃO DE INFORMÁTICA 6.0/2024,1ª,,
2272/2024,09/09/24,CDD-813,1. Ficção americana,"QUINN, Julia",CRÔNICAS DA SOCIEDADE DE LADY WHISTLEDOWN,ÚNICO,1,SÃO PAULO,ARQUEIRO,2021,DOAÇÃO: CORUJÃO DE INFORMÁTICA 6.0/2024,1ª,,
2273/2024,09/09/24,CDD-813,1. Ficção norte-americana,"REID, Taylor Jenkins",MALIBU RENASCE,ÚNICO,1,SÃO PAULO,PARALELA,2021,DOAÇÃO: CORUJÃO DE INFORMÁTICA 6.0/2024,1ª,,
2274/2024,09/09/24,CDD-813,1. Ficção americana,"QUINN, Julia",UMA DAMA FORA DOS PADRÕES,VOL. 1,1,SÃO PAULO,ARQUEIRO,2018,DOAÇÃO: CORUJÃO DE INFORMÁTICA 6.0/2024,NÃO CONSTA,,
2275/2024,09/09/24,CDD-133.93,1. Romance mediúnico psicografado: Espiritismo,"ASSIS, Florisbela de",A ESCOLHA: A ESTUDANTE QUE OPTOU POR UMA VIDA IRREGULAR,ÚNICO,1,SÃO PAULO,MYTHOS EDITORA,2010,DOAÇÃO: CORUJÃO DE INFORMÁTICA 6.0/2024,NÃO CONSTA,,
2276/2024,09/09/24,CDD-869.98,1. Crônica brasileira,"MEDEIROS, Martha",SIMPLES ASSIM,ÚNICO,1,PORTO ALEGRE,L&PM,2016,DOAÇÃO: CORUJÃO DE INFORMÁTICA 6.0/2024,13ª,,
2277/2024,09/09/24,CDD-133.9,1. Romance Mediúnico - Espiritismo 2. Influência dos Espíritos sobre a vida material - Psicografia,"CANUTTI, Wanda A.",A CAMPONESA DA CASA DE PEDRA ,ÚNICO,1,"CAPIVARI, SP",EDITORA EME,2002,DOAÇÃO: CORUJÃO DE INFORMÁTICA 6.0/2024,1ª,,
2278/2024,09/09/24,CDD-823,1. Ficção inglesa,"ORWELL, George",A FILHA DO REVERENDO,ÚNICO,2,BRASIL,PÉ DA LETRA,2020,DOAÇÃO: CORUJÃO DE INFORMÁTICA 6.0/2024,NÃO CONSTA,,
2279/2024,09/09/24,CDD-869.93,1. Romance português,"HERCULANO, Alexandre","EURICO, O PRESBÍTERO",ÚNICO,2,SÃO PAULO,DCL,2005,DOAÇÃO: CORUJÃO DE INFORMÁTICA 6.0/2024,NÃO CONSTA,,
2280/2024,09/09/24,CDD-641.22,1. Vinhos: Alimentos e bebidas,"NOSSITER, Jonathan",GOSTO E PODER,ÚNICO,1,SÃO PAULO,COMPANHIA DAS LETRAS,2009,DOAÇÃO: CORUJÃO DE INFORMÁTICA 6.0/2024,NÃO CONSTA,,
2281/2024,09/09/24,CDD-028.5,1.Literatura infantojuvenil,"ROWLING, J. K.",HARRY POTTER E A PEDRA FILOSOFAL,VOL. 1,3,RIO DE JANEIRO,ROCCO,2000,DOAÇÃO: CORUJÃO DE INFORMÁTICA 6.0/2024,NÃO CONSTA,,
2282/2024,09/09/24,,1. Hardware,"TORRES, Gabriel",HARDWARE,ÚNICO,1,RIO DE JANEIRO,NOVATERRA EDITORA,,DOAÇÃO PROFESSOR LUIS LOURENÇO DE OLIVEIRA FILHO,NÃO CONSTA,,
2283/2024,09/09/24,,1. Hacking,"WEIDMAN, Georgia ",TESTES DE INVASÃO,ÚNICO,1,SÃO PAULO,NOVATEC EDITORA,2014,DOAÇÃO PROFESSOR LUIS LOURENÇO DE OLIVEIRA FILHO,NÃO CONSTA,,
2284/2024,09/09/24,,1. Problemas de tráfego de rede,"SHIMONSKI, Robert",WIRESHARK,ÚNICO,1,SÃO PAULO,NOVATEC EDITORA,2014,DOAÇÃO PROFESSOR LUIS LOURENÇO DE OLIVEIRA FILHO,NÃO CONSTA,,
2285/2024,09/09/24,,1. Montagem de computadores,"TORRES, Gabriel",MONTAGEM DE MICROS,ÚNICO,1,RIO DE JANEIRO,NOVATERRA EDITORA,2010,DOAÇÃO PROFESSOR LUIS LOURENÇO DE OLIVEIRA FILHO,NÃO CONSTA,,
2286/2024,09/09/24,CDD-823,1. Ficção inglesa,"JACKSON, HOLLY",MANUAL DE ASSASSINATO PARA BOAS GAROTAS,VOL. 1,1,RIO DE JANEIRO,INTRÍNSECA,2022,DOAÇÃO ALUNA GEOVANA 1ª SÉRIE TÉCNICO EM INFORMÁTICA 2024,1ª,,
2287/2024,09/09/24,CDD-028.5,1.Literatura infantojuvenil,"ROWLING, J. K.",HARRY POTTER E A CÂMARA SECRETA,VOL. 2,4,RIO DE JANEIRO,ROCCO,2000,DOAÇÃO: CORUJÃO DE INFORMÁTICA 6.0/2024,NÃO CONSTA,,
2288/2024,09/09/24,CDD-813,1. Adolescentes - Prostituição - Ficção 2. Detetives americanos - Ficção,"PELECANOS, George",NO INFERNO,ÚNICO,1,SÃO PAULO,COMPANHIA DAS LETRAS,2008,DOAÇÃO: CORUJÃO DE INFORMÁTICA 6.0/2024,NÃO CONSTA,,
2289/2024,09/09/24,CDD-028.5,"1, Romance: Literatura infantojuvenil","JEANMAIRE, Federico",O ENGENHOSO FIDALGO DOM QUIXOTE DE LA MANCHA,ÚNICO,1,SÃO PAULO,MARTINS FONTES,2005,DOAÇÃO: CORUJÃO DE INFORMÁTICA 6.0/2024,NÃO CONSTA,,
2290/2024,09/09/24,CDD-813,1. Ficção fantástica americana,"MARTIN, George R. R.",A GUERRA DOS TRONOS,VOL. 1,2,SÃO PAULO,LEYA,2015,DOAÇÃO: CORUJÃO DE INFORMÁTICA 6.0/2024,NÃO CONSTA,,
2291/2024,09/09/24,CDD-813,1. Ficção:Literatura norte-americana,"MARINO, Andy",UNISON: A REDE SOCIAL DO FUTURO,ÚNICO,1,SÃO PAULO,JANGADA,2012,DOAÇÃO: CORUJÃO DE INFORMÁTICA 6.0/2024,1ª,,
2292/2024,09/09/24,CDD-813,1. Sinais e símbolos - Ficção americana,"BROWN, Dan",O SÍMBOLO PERDIDO,ÚNICO,1,SÃO PAULO,ARQUEIRO,2009,DOAÇÃO: CORUJÃO DE INFORMÁTICA 6.0/2024,NÃO CONSTA,,
2293/2024,09/09/24,CDD-028.5,1. Literatura infantojuvenil,"CASSIDY, Cathy",SALVA-VIDAS,ÚNICO,1,SÃO PAULO,EDITORA FUNDAMENTO EDUCACIONAL,2013,DOAÇÃO: CORUJÃO DE INFORMÁTICA 6.0/2024,1ª,,
2294/2024,09/09/24,CDD-823,1. Literatura inglesa. 2.Romance,"CARROL, Lewis",ALICE NO PAÍS DAS MARAVILHAS,ÚNICO,6,SÃO PAULO,OBJETIVO,NÃO CONSTA,DOAÇÃO: CORUJÃO DE INFORMÁTICA 6.0/2024,2ª,,
2295/2024,09/09/24,CDD-869.93,1. Ficção: Literatura brasileira,"DUARTE, Marcelo",TEM LAGARTIXA NO COMPUTADOR,ÚNICO,1,SÃO PAULO,EDITORA ÁTICA,2001,DOAÇÃO: CORUJÃO DE INFORMÁTICA 6.0/2024,NÃO CONSTA,,
2296/2024,09/09/24,CDD-813,1. Romance americano,"KATE, Lauren",FALLEN,VOL. 1,1,RIO DE JANEIRO,GALERA RECORD,2011,DOAÇÃO: CORUJÃO DE INFORMÁTICA 6.0/2024,13ª,,
2297/2024,09/09/24,CDD-813,1. Romance americano,"KATE, Lauren",TORMENTA,VOL. 2,1,RIO DE JANEIRO,GALERA RECORD,2011,DOAÇÃO: CORUJÃO DE INFORMÁTICA 6.0/2024,6ª,,
2298/2024,09/09/24,CDD-813,1. Romance americano,"KATE, Lauren",PAIXÃO,VOL. 3,1,RIO DE JANEIRO,GALERA RECORD,2013,DOAÇÃO: CORUJÃO DE INFORMÁTICA 6.0/2024,15ª,,
2299/2024,09/09/24,CDD-813,1. Romance americano,"KATE, Lauren",ÊXTASE,VOL. 4,1,RIO DE JANEIRO,GALERA RECORD,2014,DOAÇÃO: CORUJÃO DE INFORMÁTICA 6.0/2024,8ª,,
2300/2024,09/09/24,CDD-813,1. Romance americano,"KATE, Lauren",APAIXONADOS,ÚNICO,1,RIO DE JANEIRO,GALERA RECORD,2013,DOAÇÃO: CORUJÃO DE INFORMÁTICA 6.0/2024,7ª,,
2301/2024,09/09/24,CDD-823,1. Ficção inglesa,"CHRISTIE, Agatha",ASSASSINATO NO EXPRESSO ORIENTE,ÚNICO,1,PORTO ALEGRE,L&PM,2021,DOAÇÃO: CORUJÃO DE INFORMÁTICA 6.0/2024,1ª,,
2302/2024,09/09/24,CDD-028.5,1. Ficção - Literatura juvenil,"CASS, Kiera",A ELITE,VOL.2,1,SÃO PAULO,SEGUINTE,2013,DOAÇÃO: CORUJÃO DE INFORMÁTICA 6.0/2024,1ª,,
2303/2024,09/09/24,CDD-028.5,1. Ficção - Literatura juvenil,"CASS, Kiera",A COROA,VOL. 5,1,SÃO PAULO,SEGUINTE,2016,DOAÇÃO: CORUJÃO DE INFORMÁTICA 6.0/2024,1ª,,
2304/2024,09/09/24,CDD-028.5,1. Ficção - Literatura juvenil,"CASS, Kiera",A SEREIA,ÚNICO,1,SÃO PAULO,SEGUINTE,2016,DOAÇÃO: CORUJÃO DE INFORMÁTICA 6.0/2024,1ª,,
2305/2024,09/09/24,CDD-028.5,1. Literatura infantojuvenil: Canandense,"MONTGOMERY, Lucy Maud",ANNE DE GREEN GABLES,VOL. 1,1,"JANDIRA, SP",CIRANDA CULTURAL,2019,DOAÇÃO: CORUJÃO DE INFORMÁTICA 6.0/2024,1ª,,
2306/2024,09/09/24,CDD-028.5,1. Literatura infantojuvenil: Canandense,"MONTGOMERY, Lucy Maud",ANNE DE GREEN GABLES,VOL. 1,2,"JANDIRA, SP",CIRANDA CULTURAL,2019,DOAÇÃO: CORUJÃO DE INFORMÁTICA 6.0/2024,1ª,,
2307/2024,09/09/24,CDD-028.5,1. Literatura infantojuvenil: Canandense,"MONTGOMERY, Lucy Maud",ANNE DE GREEN GABLES,VOL. 1,3,"JANDIRA, SP",CIRANDA CULTURAL,2019,DOAÇÃO: CORUJÃO DE INFORMÁTICA 6.0/2024,1ª,,
2308/2024,09/09/24,CDD-028.5,1. Literatura infantojuvenil: Canandense,"MONTGOMERY, Lucy Maud",ANNE DE AVONLEA,VOL. 2,2,"JANDIRA, SP",CIRANDA CULTURAL,2020,DOAÇÃO: CORUJÃO DE INFORMÁTICA 6.0/2024,1ª,,
2309/2024,09/09/24,CDD-028.5,1. Literatura infantojuvenil: Canandense,"MONTGOMERY, Lucy Maud",ANNE DE AVONLEA,VOL. 2,3,"JANDIRA, SP",CIRANDA CULTURAL,2020,DOAÇÃO: CORUJÃO DE INFORMÁTICA 6.0/2024,1ª,,
2310/2024,09/09/24,CDD-028.5,1. Literatura infantojuvenil: Canandense,"MONTGOMERY, Lucy Maud",ANNE DA ILHA,VOL. 3,1,"JANDIRA, SP",CIRANDA CULTURAL,2020,DOAÇÃO: CORUJÃO DE INFORMÁTICA 6.0/2024,1ª,,
2311/2024,09/09/24,CDD-028.5,1. Literatura infantojuvenil: Canandense,"MONTGOMERY, Lucy Maud",ANNE DA ILHA,VOL. 3,2,"JANDIRA, SP",CIRANDA CULTURAL,2020,DOAÇÃO: CORUJÃO DE INFORMÁTICA 6.0/2024,1ª,,
2312/2024,09/09/24,CDD-028.5,1. Literatura infantojuvenil: Canandense,"MONTGOMERY, Lucy Maud",ANNE DE WINDY POPLARS,VOL. 4,1,"JANDIRA, SP",CIRANDA CULTURAL,2020,DOAÇÃO: CORUJÃO DE INFORMÁTICA 6.0/2024,1ª,,
2313/2024,09/09/24,CDD-028.5,1. Literatura infantojuvenil: Canandense,"MONTGOMERY, Lucy Maud",ANNE DE WINDY POPLARS,VOL. 4,2,"JANDIRA, SP",CIRANDA CULTURAL,2020,DOAÇÃO: CORUJÃO DE INFORMÁTICA 6.0/2024,1ª,,
2314/2024,09/09/24,CDD-028.5,1. Literatura infantojuvenil: Canandense,"MONTGOMERY, Lucy Maud",ANNE DE WINDY POPLARS,VOL. 4,3,"JANDIRA, SP",CIRANDA CULTURAL,2020,DOAÇÃO: CORUJÃO DE INFORMÁTICA 6.0/2024,1ª,,
2315/2024,09/09/24,CDD-028.5,1. Literatura infantojuvenil: Canandense,"MONTGOMERY, Lucy Maud",ANNE DE WINDY POPLARS,VOL. 4,4,"JANDIRA, SP",CIRANDA CULTURAL,2020,DOAÇÃO: CORUJÃO DE INFORMÁTICA 6.0/2024,1ª,,
2316/2024,09/09/24,CDD-028.5,1. Literatura infantojuvenil: Canandense,"MONTGOMERY, Lucy Maud",ANNE DE WINDY POPLARS,VOL. 4,5,"JANDIRA, SP",CIRANDA CULTURAL,2020,DOAÇÃO: CORUJÃO DE INFORMÁTICA 6.0/2024,1ª,,
2317/2024,09/09/24,CDD-028.5,1. Literatura infantojuvenil: Canandense,"MONTGOMERY, Lucy Maud",ANNE E A CASA DOS SONHOS,VOL. 5,1,"JANDIRA, SP",CIRANDA CULTURAL,2020,DOAÇÃO: CORUJÃO DE INFORMÁTICA 6.0/2024,1ª,,
2318/2024,09/09/24,CDD-028.5,1. Literatura infantojuvenil: Canandense,"MONTGOMERY, Lucy Maud",ANNE E A CASA DOS SONHOS,VOL. 5,2,"JANDIRA, SP",CIRANDA CULTURAL,2020,DOAÇÃO: CORUJÃO DE INFORMÁTICA 6.0/2024,1ª,,
2319/2024,09/09/24,CDD-028.5,1. Literatura infantojuvenil: Canandense,"MONTGOMERY, Lucy Maud",ANNE E A CASA DOS SONHOS,VOL. 5,3,"JANDIRA, SP",CIRANDA CULTURAL,2020,DOAÇÃO: CORUJÃO DE INFORMÁTICA 6.0/2024,1ª,,
2320/2024,09/09/24,CDD-028.5,1. Literatura infantojuvenil: Canandense,"MONTGOMERY, Lucy Maud",ANNE DE INGESIDE,VOL. 6,1,"JANDIRA, SP",CIRANDA CULTURAL,2020,DOAÇÃO: CORUJÃO DE INFORMÁTICA 6.0/2024,1ª,,
2321/2024,09/09/24,CDD-028.5,1. Literatura infantojuvenil: Canandense,"MONTGOMERY, Lucy Maud",ANNE DE INGESIDE,VOL. 6,2,"JANDIRA, SP",CIRANDA CULTURAL,2020,DOAÇÃO: CORUJÃO DE INFORMÁTICA 6.0/2024,1ª,,
2322/2024,09/09/24,CDD-028.5,1. Literatura infantojuvenil: Canandense,"MONTGOMERY, Lucy Maud",VALE DO ARCO-ÍRIS,VOL. 7,1,"JANDIRA, SP",CIRANDA CULTURAL,2020,DOAÇÃO: CORUJÃO DE INFORMÁTICA 6.0/2024,1ª,,
2323/2024,09/09/24,CDD-028.5,1. Literatura infantojuvenil: Canandense,"MONTGOMERY, Lucy Maud",VALE DO ARCO-ÍRIS,VOL. 7,2,"JANDIRA, SP",CIRANDA CULTURAL,2020,DOAÇÃO: CORUJÃO DE INFORMÁTICA 6.0/2024,1ª,,
2324/2024,09/09/24,CDD-028.5,1. Literatura infantojuvenil: Canandense,"MONTGOMERY, Lucy Maud",RILLA DE INGLESIDE,VOL. 8,1,"JANDIRA, SP",CIRANDA CULTURAL,2020,DOAÇÃO: CORUJÃO DE INFORMÁTICA 6.0/2024,1ª,,
2325/2024,09/09/24,CDD-823,1. Ficção inglesa,"HUXLEY, Aldous",A ILHA,ÚNICO,1,SÃO PAULO,BIBLIOTECA AZUL,2017,DOAÇÃO: CORUJÃO DE INFORMÁTICA 6.0/2024,3ª,,
2326/2024,09/09/24,CDD-824,1. Ficção inglesa,"HUXLEY, Aldous",ADMIRÁVEL MUNDO NOVO,ÚNICO,2,SÃO PAULO,GLOBO,2024,DOAÇÃO: CORUJÃO DE INFORMÁTICA 6.0/2024,22ª,,
2327/2024,10/09/24,CDD-B869.35,1. Ficção brasileira,"DELMAS, Ana Carolina",SANGUE AZUL,ÚNICO,3,BELO HORIZONTE,MIGUILIM,2014,DOAÇÃO: CORUJÃO DE INFORMÁTICA 6.0/2024,1ª,,
2328/2024,10/09/24,CDD-869.93,1. Romance brasileiro,"LISPECTOR, Clarice",PERTO DO CORAÇÃO SELVAGEM,ÚNICO,2,RIO DE JANEIRO,ROCCO,1998,DOAÇÃO: CORUJÃO DE INFORMÁTICA 6.0/2024,NÃO CONSTA,,
2329/2024,10/09/24,CDD-028.5,1. Literatura infantojuvenil americana,"PORTER, Eleanor H.",POLLYANNA,ÚNICO,2,"COTIA, SP",PÉ DA LETRA,2018,DOAÇÃO: CORUJÃO DE INFORMÁTICA 6.0/2024,1ª,,
2330/2024,10/09/24,CDD-028.5,1. Literatura juvenil,"DOYLE, Arthur Conan",O SIGNO DOS QUATRO,ÚNICO,2,"BARUERI, SP",PRINCIPIS,2019,DOAÇÃO: CORUJÃO DE INFORMÁTICA 6.0/2024,1ª,,
2331/2024,10/09/24,CDD-823,1. Literatura inglesa. 2. Ensaio,"ORWELL, George",DENTRO DA BALEIA E OUTROS ENSAIOS,ÚNICO,1,"JANDIRA, SP",PRINCIPIS,2021,DOAÇÃO: CORUJÃO DE INFORMÁTICA 6.0/2024,1ª,,
2332/2024,10/09/24,CDD-813,1. Literatura norte-americana,"CRILLEY, Paul",DEMOLIDOR: O HOMEM SEM MEDO,ÚNICO,1,"BARUERI, SP",NOVO SÉCULO EDITORA,2017,DOAÇÃO: CORUJÃO DE INFORMÁTICA 6.0/2024,NÃO CONSTA,,
2333/2024,10/09/24,CDD-839.823,1.Ficção norueguesa,"GAARDER, Jostein",O DIA DO CURINGA,ÚNICO,1,SÃO PAULO,COMPANHIA DAS LETRAS,1996,DOAÇÃO: CORUJÃO DE INFORMÁTICA 6.0/2024,NÃO CONSTA,,
2334/2024,10/09/24,CDD-839.83,1. Bibliotecas - Literatura norueguesa,"GAARDER, Jostein",A BIBLIOTECA MÁGICA,ÚNICO,1,SÃO PAULO,COMPANHIA DAS LETRAS,2003,DOAÇÃO: CORUJÃO DE INFORMÁTICA 6.0/2024,NÃO CONSTA,,
2335/2024,10/09/24,CDD-028.5,1. Literatura juvenil,"GAARDER, Jostein",A GAROTA DAS LARANJAS,ÚNICO,1,SÃO PAULO,COMPANHIA DAS LETRAS,2005,DOAÇÃO: CORUJÃO DE INFORMÁTICA 6.0/2024,NÃO CONSTA,,
2336/2024,10/09/24,CDD-869.93,1. Ficção brasileira,"AMADO, Jorge",O COMPADRE DE OGUM,ÚNICO,1,SÃO PAULO,CLARO ENIGMA,2013,DOAÇÃO: CORUJÃO DE INFORMÁTICA 6.0/2024,1ª,,
2337/2024,10/09/24,CDD-869.93,1. Romance brasileiro,"SOARES, Jô",AS ENGANADAS,ÚNICO,1,SÃO PAULO,COMPANHIA DAS LETRAS,2011,DOAÇÃO: CORUJÃO DE INFORMÁTICA 6.0/2024,1ª,,
2338/2024,10/09/24,CDD-828.99113,1. Literatura irlandesa: Romance,"STOKER, Bram",DRÁCULA,ÚNICO,2,"JANDIRA, SP",PRINCIPIS,2020,DOAÇÃO: CORUJÃO DE INFORMÁTICA 6.0/2024,1ª,,
2339/2024,10/09/24,CDD-823,1. Ficção inglesa,"ROWLING, J. K.",MORTE SÚBITA,ÚNICO,1,RIO DE JANEIRO,NOVA FRONTEIRA,2013,DOAÇÃO: CORUJÃO DE INFORMÁTICA 6.0/2024,2ª,,
2340/2024,10/09/24,CDD-869.3,1. Ficção brasileira,"CASTANHO, Klara",MEU JEITO CERTO DE FAZER TUDO ,ÚNICO,1,SÃO PAULO,ARQUEIRO,2018,DOAÇÃO: CORUJÃO DE INFORMÁTICA 6.0/2024,2ª,,
2341/2024,10/09/24,CDD-823,1. Romance inglês,"MOYES, Jojo",COMO EU ERA ANTES DE VOCÊ,VOL. 1,2,RIO DE JANEIRO,INTRÍNSECA,2016,DOAÇÃO: CORUJÃO DE INFORMÁTICA 6.0/2024,NÃO CONSTA,,
2342/2024,10/09/24,CDD-823,1. Romance inglês,"MOYES, Jojo",COMO EU ERA ANTES DE VOCÊ,VOL. 1,3,RIO DE JANEIRO,INTRÍNSECA,2016,DOAÇÃO: CORUJÃO DE INFORMÁTICA 6.0/2024,NÃO CONSTA,,
2343/2024,10/09/24,CDD-823,1. Romance inglês,"MOYES, Jojo",DEPOIS DE VOCÊ,VOL. 2,2,RIO DE JANEIRO,INTRÍNSECA,2016,DOAÇÃO: CORUJÃO DE INFORMÁTICA 6.0/2024,1ª,,
2344/2024,10/09/24,CDD-823,1. Romance inglês,"MOYES, Jojo",DEPOIS DE VOCÊ,VOL. 2,3,RIO DE JANEIRO,INTRÍNSECA,2016,DOAÇÃO: CORUJÃO DE INFORMÁTICA 6.0/2024,1ª,,
2345/2024,10/09/24,CDD-813,1. Ficção americana,"SILVERA, Adam",OS DOIS MORREM NO FINAL,ÚNICO,1,RIO DE JANEIRO,INTRÍNSECA,2021,DOAÇÃO: CORUJÃO DE INFORMÁTICA 6.0/2024,1ª,,
2346/2024,10/09/24,CDD-828.99113,1. Literatura irlandesa. 2. Romance,"STOKER, Bram",DRÁCULA,ÚNICO,3,SÃO PAULO,EDITORA GEEK,NÃO CONSTA,DOAÇÃO: CORUJÃO DE INFORMÁTICA 6.0/2024,NÃO CONSTA,,
2347/2024,10/09/24,CDD-839.313,1. Contos de horror. 2. Ficção americana,"MALERMAN, Josh",CAIXA DE PÁSSAROS,ÚNICO,2,RIO DE JANEIRO,INTRÍNSECA,2015,DOAÇÃO: CORUJÃO DE INFORMÁTICA 6.0/2024,1ª,,
2348/2024,10/09/24,CDD-853,1. Romance italiano,"ECO, Umberto",O NOME DA ROSA,ÚNICO,1,RIO DE JANEIRO,RECORD,2011,DOAÇÃO: CORUJÃO DE INFORMÁTICA 6.0/2024,3ª,,
2349/2024,10/09/24,CDD-813.6,1. Ficção americana,"MAFI, Tahereh",ESTILHAÇA-ME,VOL. 1,1,SÃO PAULO,UNIVERSO DOS LIVROS,2018,DOAÇÃO: CORUJÃO DE INFORMÁTICA 6.0/2024,NÃO CONSTA,,
2350/2024,10/09/24,CDD-133.93,1. Romances espíritas psicografados: Espiritismo,"BARBOSA, Osmar",CINCO DIAS NO UMBRAL,VOL. 1,1,RIO DE JANEIRO,BOOK ESPÍRITA,2017,DOAÇÃO: CORUJÃO DE INFORMÁTICA 6.0/2024,NÃO CONSTA,,
2351/2024,10/09/24,CDD- 153.8,1. Mindset: Sucesso: Psicologia aplicada ,"DWECK, Carol S.",MINDSET: A NOVA PSICOLOGIA DO SUCESSO,ÚNICO ,1,SÃO PAULO ,OBJETIVA,2017,DOAÇÃO: CORUJÃO DE INFORMÁTICA 6.0/2024,1°,,
2352/2024,10/09/24,CDD-133.9,1. Romances Espíritas Psicografados,"GASPARETTO, Zíbia ",TUDO TEM SEU PREÇO ,ÚNICO ,1,SÃO PAULO ,CENTRO DE ESTUDOS VIDA & CONSCIÊNCIA EDITORS,NÃO CONSTA,DOAÇÃO: CORUJÃO DE INFORMÁTICA 6.0/2024,NÃO CONSTA ,,
2353/2024,10/09/24,133.93,1. Romance espírita: obras Psicografadas,"GASPARETTO, Zíbia ",VOLTAS QUE A VIDA DÁ ,ÚNICO ,1,SÃO PAULO ,VIDA & CONSCIÊNCIA ,2016,DOAÇÃO: CORUJÃO DE INFORMÁTICA 6.0/2024,2ª,,
2354/2024,26/09/24,CDD-133.93,1. Romances espíritas psicografados: Espiritismo,"BARBOSA, Osmar",CINCO DIAS NO UMBRAL: O RESGATE,VOL. 2,1,RIO DE JANEIRO,BOOK ESPÍRITA,2016,DOAÇÃO: CORUJÃO DE INFORMÁTICA 6.0/2024,NÃO CONSTA,,
2355/2024,26/09/24,CDD-823,1. Romance policial: literatura inglesa,"CHRISTIE, Agatha",A CASA TORTA,ÚNICO,1,RIO DE JANEIRO,EDITORA FRONTEIRA,NÃO CONSTA,DOAÇÃO: CORUJÃO DE INFORMÁTICA 6.0/2024,NÃO CONSTA,,
2356/2024,26/09/24,CDD-823,1. Romance policial: literatura inglesa,"CHRISTIE, Agatha",MORTE NA MESOPOTAMIA,ÚNICO,1,RIO DE JANEIRO,EDITORA FRONTEIRA,NÃO CONSTA,DOAÇÃO: CORUJÃO DE INFORMÁTICA 6.0/2024,NÃO CONSTA,,
2357/2024,26/09/24,CDD-823,1. Romance policial: literatura inglesa,"CHRISTIE, Agatha",O CASO DOS DEZ NEGRINHOS,ÚNICO,1,RIO DE JANEIRO,EDITORA FRONTEIRA,NÃO CONSTA,DOAÇÃO: CORUJÃO DE INFORMÁTICA 6.0/2024,NÃO CONSTA,,
2358/2024,26/09/24,CDD-823,1. Romance policial: literatura inglesa,"CHRISTIE, Agatha",PASSAGEIRO PARA FRANKFURT,ÚNICO,1,RIO DE JANEIRO,EDITORA FRONTEIRA,NÃO CONSTA,DOAÇÃO: CORUJÃO DE INFORMÁTICA 6.0/2024,NÃO CONSTA,,
2359/2024,26/09/24,CDD-823,1. Romance policial: literatura inglesa,"CHRISTIE, Agatha",CIPRESTE TRISTE ,ÚNICO,1,RIO DE JANEIRO,EDITORA FRONTEIRA,NÃO CONSTA,DOAÇÃO: CORUJÃO DE INFORMÁTICA 6.0/2024,NÃO CONSTA,,
2360/2024,26/09/24,CDD-823,1. Romance policial: literatura inglesa,"CHRISTIE, Agatha",O MISTERIO DE SITTAFORD,ÚNICO,1,RIO DE JANEIRO,EDITORA FRONTEIRA,NÃO CONSTA,DOAÇÃO: CORUJÃO DE INFORMÁTICA 6.0/2024,NÃO CONSTA,,
2361/2024,26/09/24,CDD-823,1. Romance policial: literatura inglesa,"CHRISTIE, Agatha",A TERCERA MOÇA,ÚNICO,1,RIO DE JANEIRO,EDITORA FRONTEIRA,NÃO CONSTA,DOAÇÃO: CORUJÃO DE INFORMÁTICA 6.0/2024,NÃO CONSTA,,
2362/2024,26/09/24,CDD-823,1. Romance policial: literatura inglesa,"CHRISTIE, Agatha",A MANSÂO HOLLOW,ÚNICO,1,RIO DE JANEIRO,EDITORA FRONTEIRA,NÃO CONSTA,DOAÇÃO: CORUJÃO DE INFORMÁTICA 6.0/2024,NÃO CONSTA,,
2363/2024,26/09/24,CDD-823,1. Romance policial: literatura inglesa,"CHRISTIE, Agatha",INTRIGA EM BAGDÁ,ÚNICO,1,RIO DE JANEIRO,EDITORA FRONTEIRA,NÃO CONSTA,DOAÇÃO: CORUJÃO DE INFORMÁTICA 6.0/2024,NÃO CONSTA,,
2364/2024,26/09/24,CDD-823,1. Romance policial: literatura inglesa,"CHRISTIE, Agatha",OS QUATRO GRADES,ÚNICO,1,RIO DE JANEIRO,EDITORA FRONTEIRA,NÃO CONSTA,DOAÇÃO: CORUJÃO DE INFORMÁTICA 6.0/2024,NÃO CONSTA,,
2365/2024,26/09/24,CDD-823,1. Romance policial: literatura inglesa,"CHRISTIE, Agatha",POIROT INVESTIGA,ÚNICO,1,RIO DE JANEIRO,EDITORA FRONTEIRA,NÃO CONSTA,DOAÇÃO: CORUJÃO DE INFORMÁTICA 6.0/2024,NÃO CONSTA,,
2366/2024,26/09/24,CDD-823,1. Romance policial: literatura inglesa,"CHRISTIE, Agatha",OS RELOGIOS ,ÚNICO,1,RIO DE JANEIRO,EDITORA FRONTEIRA,NÃO CONSTA,DOAÇÃO: CORUJÃO DE INFORMÁTICA 6.0/2024,NÃO CONSTA,,
2367/2024,26/09/24,CDD-823,1. Romance policial: literatura inglesa,"CHRISTIE, Agatha",TRAGÉDIA EM TRES ATOS ,ÚNICO,1,RIO DE JANEIRO,EDITORA FRONTEIRA,NÃO CONSTA,DOAÇÃO: CORUJÃO DE INFORMÁTICA 6.0/2024,NÃO CONSTA,,
2368/2024,26/09/24,CDD-823,1. Romance policial: literatura inglesa,"CHRISTIE, Agatha",NEMESIS,ÚNICO,1,RIO DE JANEIRO,EDITORA FRONTEIRA,NÃO CONSTA,DOAÇÃO: CORUJÃO DE INFORMÁTICA 6.0/2024,NÃO CONSTA,,
2369/2024,26/09/24,CDD-823,1. Romance policial: literatura inglesa,"CHRISTIE, Agatha",PORTAL DE DESTINO,ÚNICO,1,RIO DE JANEIRO,EDITORA FRONTEIRA,NÃO CONSTA,DOAÇÃO: CORUJÃO DE INFORMÁTICA 6.0/2024,NÃO CONSTA,,
2370/2024,26/09/24,CDD-823,1. Romance policial: literatura inglesa,"CHRISTIE, Agatha",UM CORPO NA BLIBIOTECA,ÚNICO,1,RIO DE JANEIRO,EDITORA FRONTEIRA,NÃO CONSTA,DOAÇÃO: CORUJÃO DE INFORMÁTICA 6.0/2024,NÃO CONSTA,,
2371/2024,26/09/24,CDD-823,1. Romance policial: literatura inglesa,"CHRISTIE, Agatha",TREZE Á MESA ,ÚNICO,1,RIO DE JANEIRO,EDITORA FRONTEIRA,NÃO CONSTA,DOAÇÃO: CORUJÃO DE INFORMÁTICA 6.0/2024,NÃO CONSTA,,
2372/2024,26/09/24,CDD-823,1. Romance policial: literatura inglesa,"CHRISTIE, Agatha",CAI O PANO,ÚNICO,1,RIO DE JANEIRO,EDITORA FRONTEIRA,NÃO CONSTA,DOAÇÃO: CORUJÃO DE INFORMÁTICA 6.0/2024,NÃO CONSTA,,
2373/2024,26/09/24,CDD-823,1. Romance policial: literatura inglesa,"CHRISTIE, Agatha",O HOMEM DO TERNO MAROM ,ÚNICO,1,RIO DE JANEIRO,EDITORA FRONTEIRA,NÃO CONSTA,DOAÇÃO: CORUJÃO DE INFORMÁTICA 6.0/2024,NÃO CONSTA,,
2374/2024,26/09/24,CDD-823,1. Romance policial: literatura inglesa,"CHRISTIE, Agatha",DEPOIS DO FUNERAL ,ÚNICO,1,RIO DE JANEIRO,EDITORA FRONTEIRA,NÃO CONSTA,DOAÇÃO: CORUJÃO DE INFORMÁTICA 6.0/2024,NÃO CONSTA,,
2375/2024,26/09/24,CDD-823,1. Romance policial: literatura inglesa,"CHRISTIE, Agatha",O CAVALO AMARELO,ÚNICO,1,RIO DE JANEIRO,EDITORA FRONTEIRA,NÃO CONSTA,DOAÇÃO: CORUJÃO DE INFORMÁTICA 6.0/2024,NÃO CONSTA,,
2376/2024,26/09/24,CDD-823,1. Romance policial: literatura inglesa,"CHRISTIE, Agatha",UM BRINDE DE CIANURETO,ÚNICO,1,RIO DE JANEIRO,EDITORA FRONTEIRA,NÃO CONSTA,DOAÇÃO: CORUJÃO DE INFORMÁTICA 6.0/2024,NÃO CONSTA,,
2377/2024,26/09/24,CDD-823,1. Romance policial: literatura inglesa,"CHRISTIE, Agatha",CEM GRAMAS DE CENTEIO,ÚNICO,1,RIO DE JANEIRO,EDITORA FRONTEIRA,NÃO CONSTA,DOAÇÃO: CORUJÃO DE INFORMÁTICA 6.0/2024,NÃO CONSTA,,
2378/2024,26/09/24,CDD-823,1. Romance policial: literatura inglesa,"CHRISTIE, Agatha",MISTERIO NO CARIBE,ÚNICO,1,RIO DE JANEIRO,EDITORA FRONTEIRA,NÃO CONSTA,DOAÇÃO: CORUJÃO DE INFORMÁTICA 6.0/2024,NÃO CONSTA,,
2379/2024,26/09/24,CDD-823,1. Romance policial: literatura inglesa,"CHRISTIE, Agatha",MORTE NA RUA HICKORY,ÚNICO,1,RIO DE JANEIRO,EDITORA FRONTEIRA,NÃO CONSTA,DOAÇÃO: CORUJÃO DE INFORMÁTICA 6.0/2024,NÃO CONSTA,,
2380/2024,26/09/24,CDD-823,1. Romance policial: literatura inglesa,"CHRISTIE, Agatha",UM PRESSENTIMENTO FUNESCO,ÚNICO,1,RIO DE JANEIRO,EDITORA FRONTEIRA,NÃO CONSTA,DOAÇÃO: CORUJÃO DE INFORMÁTICA 6.0/2024,NÃO CONSTA,,
2381/2024,26/09/24,CDD-823,1. Romance policial: literatura inglesa,"CHRISTIE, Agatha",MORTE NAS NUVENS,ÚNICO,1,RIO DE JANEIRO,EDITORA FRONTEIRA,NÃO CONSTA,DOAÇÃO: CORUJÃO DE INFORMÁTICA 6.0/2024,NÃO CONSTA,,
2382/2024,01/10/24,CDD-028.5,1. Literatura infantojuvenil,"HAGGARD, Henry Rider",AS MINAS DO REI SALOMÃO,ÚNICO,1,SÃO PAULO,SCIPIONE,1997,DOAÇÃO: CORUJÃO DE INFORMÁTICA 6.0/2024,10ª,,
2383/2024,01/10/24,CDD-869.93,1. Ficção brasileira: Escola,VÁRIOS AUTORES,UMA HISTÓRIA DE RIVAIS,ÚNICO,1,FORTALEZA,EDILUAL,2022,DOAÇÃO: CORUJÃO DE INFORMÁTICA 6.0/2024,NÃO CONSTA,,
2384/2024,01/10/24,CDD-869.89923,1. Literatura brasileira: Romance,"ASSIS, Machado de Assis",A MÃO E A LUVA,ÚNICO,3,"JANDIRA, SP",PRINCIPIS,2021,DOAÇÃO: CORUJÃO DE INFORMÁTICA 6.0/2024,1ª,,
2385/2024,01/10/24,CDD-869.93,1. Romance brasileiro,"ASSIS, Machado de",RESSUREIÇÃO,ÚNICO,2,SÃO PAULO,GLOBO,1997,DOAÇÃO: CORUJÃO DE INFORMÁTICA 6.0/2024,NÃO CONSTA,,
2386/2024,01/10/24,CDD-869.93,1. Romance brasileiro,"ALMEIDA, Manuel Antônio de ",MEMÓRIAS SARGENTO DE MILÍCIAS,ÚNICO,7,NÃO CONSTA,CIRANDA CULTURAL,NÃO CONSTA,DOAÇÃO: CORUJÃO DE INFORMÁTICA 6.0/2024,NÃO CONSTA,,
2387/2024,01/10/24,CDD-869.93,1. Romance: Literatura brasileira,"ASSIS, Machado de",A MÃO E A LUVA,ÚNICO,4,SÃO PAULO,CIRANDA CULTURAL,2008,DOAÇÃO: CORUJÃO DE INFORMÁTICA 6.0/2024,2ª,,
2388/2024,02/10/24,CDD-823,1. Literatura inglesa: teatro,"SHAKESPEARE, William",SONHO DE UMA NOITE DE VERÃO,ÚNICO,5,SÃO PAULO,OBJETIVO,NÃO CONSTA,DOAÇÃO: CORUJÃO DE INFORMÁTICA 6.0/2024,NÃO CONSTA,,
2389/2024,02/10/24,CDD-028.5,1. Romance: Literatura infantojuvenil,"ALENCAR, José",UBIRAJARA,VOL. 3,3,SÃO PAULO,MARTINS FONTES,2003,DOAÇÃO: CORUJÃO DE INFORMÁTICA 6.0/2024,1ª,,
2390/2024,02/10/24,CDD-028.5,1. Romance: Literatura infantojuvenil,"RUTZEN, Selma",IRACEMA,ÚNICO,5,"BLUMENAU, SC",TODOLIVRO,2012,DOAÇÃO: CORUJÃO DE INFORMÁTICA 6.0/2024,NÃO CONSTA,,
2391/2024,02/10/24,CDD-869.93,1. Romance brasileiro,"ALENCAR, José",IRACEMA,ÚNICO,6,"JANDIRA, SP",CIRANDA CULTURAL,2018,DOAÇÃO: CORUJÃO DE INFORMÁTICA 6.0/2024,2ª,,
2392/2024,02/10/24,CDD-869.93,1. Romance brasileiro,"ALENCAR, José",IRACEMA,ÚNICO,7,"JANDIRA, SP",CIRANDA CULTURAL,2018,DOAÇÃO: CORUJÃO DE INFORMÁTICA 6.0/2024,2ª,,
2393/2024,02/10/24,CDD-869.93,1. Romance brasileiro,"ALENCAR, José",IRACEMA,ÚNICO,8,"JANDIRA, SP",CIRANDA CULTURAL,2018,DOAÇÃO: CORUJÃO DE INFORMÁTICA 6.0/2024,2ª,,
2394/2024,02/10/24,CDD-869.93,1. Romance brasileiro,"ALENCAR, José",A VIUVINHA (ADAPTADA),ÚNICO,2,RECIFE,PRAZER DE LER,2010,DOAÇÃO: CORUJÃO DE INFORMÁTICA 6.0/2024,NÃO CONSTA,,
2395/2024,02/10/24,CDD-869.93,1. Romance brasileiro,"GUIMARÃES, Bernardo",A ESCRAVA ISAURA,ÚNICO,4,"BARUERI, SP",CIRANDA CULTURAL,2017,DOAÇÃO: CORUJÃO DE INFORMÁTICA 6.0/2024,2ª,,
2396/2024,02/10/24,CDD-869.3,1. Romance brasileiro,"GUIMARÃES, Bernardo",A ESCRAVA ISAURA,ÚNICO,5,"SÃO PAULO, SP",CIRANDA CULTURAL,2006,DOAÇÃO: CORUJÃO DE INFORMÁTICA 6.0/2024,NÃO CONSTA,,
2397/2024,02/10/24,CDD-869.93,1. Romance brasileiro,"GUIMARÃES, Bernardo",A ESCRAVA ISAURA,ÚNICO,6,PORTO ALEGRE,L&PM,2003,DOAÇÃO: CORUJÃO DE INFORMÁTICA 6.0/2024,NÃO CONSTA,,
2398/2024,02/10/24,CDD-869.93,1. Romance brasileiro,"ALENCAR, José",TIL,ÚNICO,4,SÃO PAULO,EDITÓRA ÁTICA,1997,DOAÇÃO: CORUJÃO DE INFORMÁTICA 6.0/2024,2ª,,
2399/2024,02/10/24,CDD-869.93,1. Romance brasileiro,"ALENCAR, José",TIL,ÚNICO,5,"JANDIRA, SP",CIRANDA CULTURAL,2017,DOAÇÃO: CORUJÃO DE INFORMÁTICA 6.0/2024,2ª,,
2400/2024,02/10/24,CDD-869.93,1. Romance brasileiro,"AZEVEDO, Aluísio",O CORTIÇO,ÚNICO,13,"JANDIRA, SP",CIRANDA CULTURAL,2018,DOAÇÃO: CORUJÃO DE INFORMÁTICA 6.0/2024,2ª,,
2401/2024,02/10/24,CDD-869.93,1. Romance brasileiro,"AZEVEDO, Aluísio",O CORTIÇO,ÚNICO,14,"JANDIRA, SP",CIRANDA CULTURAL,2018,DOAÇÃO: CORUJÃO DE INFORMÁTICA 6.0/2024,2ª,,
2402/2024,02/10/24,CDD-869.93,1. Romance brasileiro,"AZEVEDO, Aluísio",O CORTIÇO,ÚNICO,15,"JANDIRA, SP",CIRANDA CULTURAL,2018,DOAÇÃO: CORUJÃO DE INFORMÁTICA 6.0/2024,2ª,,
2403/2024,02/10/24,CDD-869.93,1. Romance brasileiro,"ASSIS, Machado de",MEMÓRIAS PÓSTUMAS DE BRÁS CUBAS,ÚNICO,8,"JANDIRA, SP",CIRANDA CULTURAL,2018,DOAÇÃO: CORUJÃO DE INFORMÁTICA 6.0/2024,2ª,,
2404/2024,02/10/24,CDD-869.93,1. Romance brasileiro,"ASSIS, Machado de",MEMÓRIAS PÓSTUMAS DE BRÁS CUBAS,ÚNICO,9,"JANDIRA, SP",CIRANDA CULTURAL,2018,DOAÇÃO: CORUJÃO DE INFORMÁTICA 6.0/2024,2ª,,
2405/2024,02/10/24,CDD-869.89923,1. Romance brasileiro,"ASSIS, Machado de",MEMÓRIAS PÓSTUMAS DE BRÁS CUBAS,ÚNICO,10,"JANDIRA, SP",CIRANDA CULTURAL,2019,DOAÇÃO: CORUJÃO DE INFORMÁTICA 6.0/2024,3ª,,
2406/2024,02/10/24,CDD-869.89923,1. Romance brasileiro,"ASSIS, Machado de",MEMÓRIAS PÓSTUMAS DE BRÁS CUBAS,ÚNICO,11,"JANDIRA, SP",CIRANDA CULTURAL,2019,DOAÇÃO: CORUJÃO DE INFORMÁTICA 6.0/2024,3ª,,
2407/2024,02/10/24,CDD-869.93,1. Romance brasileiro,"AMADO, Jorge",JUBIABÁ,ÚNICO,1,SÃO PAULO,COMPANHIA DAS LETRAS,2008,DOAÇÃO: CORUJÃO DE INFORMÁTICA 6.0/2024,NÃO CONSTA,,
2408/2024,02/10/24,CDD-869.93,1. Romance brasileiro,"QUEIROZ, Rachel de",O QUINZE,ÚNICO,3,RIO DE JANEIRO,JOSÉ OLYMPIO,2010,DOAÇÃO: CORUJÃO DE INFORMÁTICA 6.0/2024,90ª,,
2409/2024,02/10/24,CDD-869.93,1. Romance brasileiro,"ALENCAR, José",O SERTANEJO,ÚNICO,2,SÃO PAULO,MARTIN CLARET,2005,DOAÇÃO: CORUJÃO DE INFORMÁTICA 6.0/2024,NÃO CONSTA,,
2410/2024,02/10/24,CDD-869.93,1. Romance brasileiro,"MACEDO, Joaquim Manuel de",A MORENINHA,ÚNICO,3,RIO DE JANEIRO,BESTBOLSO,2018,DOAÇÃO: CORUJÃO DE INFORMÁTICA 6.0/2024,2ª,,
2411/2024,04/10/24,CDD-869.93,1. Romance brasileiro,"ALENCAR, José",SENHORA,ÚNICO,6,SÃO PAULO,MARTIN CLARET,2012,DOAÇÃO: CORUJÃO DE INFORMÁTICA 6.0/2024,5ª,,
2412/2024,04/10/24,CDD-869.93,1. Romance brasileiro,"ALENCAR, José",LUCÍOLA,ÚNICO,4,SÃO PAULO,MARTIN CLARET,2011,DOAÇÃO: CORUJÃO DE INFORMÁTICA 6.0/2024,5ª,,
2413/2024,04/10/24,CDD-869.93,1. Romance brasileiro,"ALENCAR, José",CINCO MINUTOS,ÚNICO,2,PORTO ALEGRE,L&PM,2017,DOAÇÃO: CORUJÃO DE INFORMÁTICA 6.0/2024,NÃO CONSTA,,
2414/2024,04/10/24,CDD-869.93,1. Romance brasileiro,"ALENCAR, José",SONHOS D'OURO,ÚNICO,1,SÃO PAULO,RIDEEL,1997,DOAÇÃO: CORUJÃO DE INFORMÁTICA 6.0/2024,NÃO CONSTA,,
2415/2024,04/10/24,CDD-869.93,1. Romance brasileiro,"ALENCAR, José",A PATA DA GAZELA,ÚNICO,1,SÃO PAULO,FTD,2011,DOAÇÃO: CORUJÃO DE INFORMÁTICA 6.0/2024,NÃO CONSTA,,
2416/2024,04/10/24,CDD-869.93,1. Romance brasileiro,"GUIMARÃES, Bernardo",O SEMINARISTA,ÚNICO,3,SÃO PAULO,EDITORA ÁTICA,2000,DOAÇÃO: CORUJÃO DE INFORMÁTICA 6.0/2024,NÃO CONSTA,,
2417/2024,04/10/24,CDD-869.93,1. Romance brasileiro,"AZEVEDO, Aluísio",CASA DE PENSÃO,ÚNICO,2,SÃO PAULO,RIDEEL,2000,DOAÇÃO: CORUJÃO DE INFORMÁTICA 6.0/2024,1ª,,
2418/2024,04/10/24,CDD-869.93,1. Romance brasileiro,"TAUNAY, Visconde",INOCÊNCIA,ÚNICO,7,SÃO PAULO,RIDEEL,2000,DOAÇÃO: CORUJÃO DE INFORMÁTICA 6.0/2024,1ª,,
2419/2024,04/10/24,CDD.869.8992301,1. Literatura brasileira: contos,"ASSIS, Machado de",O ESPELHO E OUTROS CONTOS,ÚNICO,1,"JANDIRA, SP",PRINCIPIS,2019,DOAÇÃO: CORUJÃO DE INFORMÁTICA 6.0/2024,1ª,,
2420/2024,04/10/24,CDD-869.93,1. Contos brasileiros,"MACHADO, Alcântara","BRÁS, BEXIGA E BARRA FUNDA",ÚNICO,3,SÃO PAULO,OBJETIVO,NÃO CONSTA,DOAÇÃO: CORUJÃO DE INFORMÁTICA 6.0/2024,NÃO CONSTA,,
2421/2024,04/10/24,CDD-028.5,1. Ficção: Literatura infantojuvenil,"BANDEIRA, Pedro",O POETA E O CAVALEIRO,ÚNICO,1,SÃO PAULO,FTD,NÃO CONSTA,DOAÇÃO: CORUJÃO DE INFORMÁTICA 6.0/2024,NÃO CONSTA,,
2422/2024,04/10/24,CDD-028.5,1. Ficção juvenil,"GOMES, Álvaro Cardoso",DE MÃOS ATADAS,ÚNICO,1,SÃO PAULO,EDITORA ÁTICA,2005,DOAÇÃO: CORUJÃO DE INFORMÁTICA 6.0/2024,1ª,,
2423/2024,04/10/24,CDD-869.93,1. Ficção brasileira,"BARRETO, Lima",TRISTE FIM DE POLICARPO QUARESMA,ÚNICO,6,PORTO ALEGRE,L&PM,2003,DOAÇÃO: CORUJÃO DE INFORMÁTICA 6.0/2024,NÃO CONSTA,,
2424/2024,04/10/24,CDD-869.93,1. Romance português,"HERCULANO, Alexandre","EURICO, O PRESBÍTERO",ÚNICO,3,SÃO PAULO,DCL,2005,DOAÇÃO: CORUJÃO DE INFORMÁTICA 6.0/2024,NÃO CONSTA,,
2425/2024,04/10/24,CDD-869.93,1. Romance português,"ASSIS, Machado de",O ALIENISTA,ÚNICO,5,"BARUERI, SP",CIRANDA CULTURAL,2017,DOAÇÃO: CORUJÃO DE INFORMÁTICA 6.0/2024,2ª,,
2426/2024,04/10/24,CDD-869.93,1. Novela brasileira,"CALDAS, Paulo",A COR DA PELE,ÚNICO,1,RECIFE,BAGAÇO,2000,DOAÇÃO: CORUJÃO DE INFORMÁTICA 6.0/2024,NÃO CONSTA,,
2427/2024,04/10/24,CDD-869.93,1. Romance brasileiro,"POMPEIA, Raul",O ATENEU,ÚNICO,5,SÃO PAULO,CIRANDA CULTURAL,2009,DOAÇÃO: CORUJÃO DE INFORMÁTICA 6.0/2024,NÃO CONSTA,,
2428/2024,04/10/24,CDD-808.899282,1. Romance brasileiro,"ALENCAR, José",A VIUVINHA (ADAPTADA),ÚNICO,3,RECIFE,PRAZER DE LER,2010,DOAÇÃO: CORUJÃO DE INFORMÁTICA 6.0/2024,NÃO CONSTA,,
2429/2024,04/10/24,CDD-842,1. Teatro: Literatura francesa,"ROSTAND, Edmond",CYRANO DE BERGERAC,ÚNICO,4,SÃO PAULO,OBJETIVO,NÃO CONSTA,DOAÇÃO: CORUJÃO DE INFORMÁTICA 6.0/2024,NÃO CONSTA,,
2430/2024,04/10/24,CDD-741.5,1. Histórias em quadrinhos,"ASSIS, Machado de Assis",MEMÓRIAS PÓSTUMAS DE BRÁS CUBAS,ÚNICO,1,SÃO PAULO,ESCALA EDUCACIONAL,2008,DOAÇÃO: CORUJÃO DE INFORMÁTICA 6.0/2024,NÃO CONSTA,,
2431/2024,04/10/24,CDD-808.899282,1. Romance brasileiro,"ASSIS, Machado de",A MÃO E A LUVA (ADAPTADA),ÚNICO,5,RECIFE,PRAZER DE LER,2016,DOAÇÃO: CORUJÃO DE INFORMÁTICA 6.0/2024,NÃO CONSTA,,
2432/2024,04/10/24,CDD-869.89923,1. Romance brasileiro,"ALMEIDA, Manuel Antônio de ",MEMÓRIAS DE UM SARGENTO DE MILÍCIAS,ÚNICO,7,"JANDIRA, SP",PRINCIPIS,2021,DOAÇÃO: CORUJÃO DE INFORMÁTICA 6.0/2024,1ª,,
2433/2024,04/10/24,CDD-869.89923,1. Romance brasileiro,"ASSIS, Machado de Assis",DOM CASMURRO,ÚNICO,8,"JANDIRA, SP",CIRANDA CULTURAL,2019,DOAÇÃO: CORUJÃO DE INFORMÁTICA 6.0/2024,3ª,,
2434/2024,04/10/24,CDD-869.93,1. Romance brasileiro,"ASSIS, Machado de Assis",DOM CASMURRO,ÚNICO,9,SÃO PAULO,DCL,2011,DOAÇÃO: CORUJÃO DE INFORMÁTICA 6.0/2024,NÃO CONSTA,,
2435/2024,04/10/24,CDD-869.93,1. Romance brasileiro,"ASSIS, Machado de Assis",IAIÁ GARCIA,ÚNICO,2,RIO GRANDE DO SUL,EDELBRA,NÃO CONSTA,DOAÇÃO: CORUJÃO DE INFORMÁTICA 6.0/2024,NÃO CONSTA,,
2436/2024,04/10/24,CDD-869.93,1. Romance brasileiro,"ASSIS, Machado de Assis",IAIÁ GARCIA (CONDENSADO),ÚNICO,3,SÃO PAULO,RIDEEL,1994,DOAÇÃO: CORUJÃO DE INFORMÁTICA 6.0/2024,2ª,,
2437/2024,04/10/24,CDD-869.93,1. Romance brasileiro,"ASSIS, Machado de Assis",ESAÚ E JACÓ (CONDENSADO),ÚNICO,4,SÃO PAULO,RIDEEL,1994,DOAÇÃO: CORUJÃO DE INFORMÁTICA 6.0/2024,2ª,,
2438/2024,04/10/24,CDD-869.93,1. Romance brasileiro,"ASSIS, Machado de Assis",QUINCAS BORBA (CONDENSADO),ÚNICO,9,SÃO PAULO,RIDEEL,1994,DOAÇÃO: CORUJÃO DE INFORMÁTICA 6.0/2024,2ª,,
2439/2024,14/10/24,CDD-028.5,1. Literatura infantojuvenil,"POSKITT, Kjartan",AGATHA PARROT E O 13º PINTINHO,ÚNICO,1,BLUMENAU,VALE DAS LETRAS,2014,DOAÇÃO: CORUJÃO DE INFORMÁTICA 6.0/2024,1ª,,
2440/2024,14/10/24,CDD-028.5,1. Literatura infantojuvenil,"POSKITT, Kjartan",AGATHA PARROT E O CORAÇÃO DE LAMA,ÚNICO,1,BLUMENAU,VALE DAS LETRAS,2013,DOAÇÃO: CORUJÃO DE INFORMÁTICA 6.0/2024,1ª,,
2441/2024,14/10/24,CDD-028.5,1. Literatura infantojuvenil,"POSKITT, Kjartan",AGATHA PARROT E O GAROTO COGUMELO,ÚNICO,1,BLUMENAU,VALE DAS LETRAS,2013,DOAÇÃO: CORUJÃO DE INFORMÁTICA 6.0/2024,1ª,,
2442/2024,14/10/24,CDD-028.5,1. Literatura infantojuvenil,"POSKITT, Kjartan",AGATHA PARROT E A CABEÇA FLUTUANTE,ÚNICO,1,BLUMENAU,VALE DAS LETRAS,2013,DOAÇÃO: CORUJÃO DE INFORMÁTICA 6.0/2024,1ª,,
2443/2024,14/10/24,CDD-028.5,1. Contos: Literatura juvenil,"MERES, Jonathan",O MUNDO IRRITANTE DE NORM,VOL. 1,1,BARUERI,CIRANDA CULTURAL,2013,DOAÇÃO: CORUJÃO DE INFORMÁTICA 6.0/2024,1ª,,
2444/2024,14/10/24,CDD-028.5,1. Contos: Literatura juvenil,"MERES, Jonathan",O MUNDO INJUSTO DE NORM,VOL. 2,1,BARUERI,CIRANDA CULTURAL,2013,DOAÇÃO: CORUJÃO DE INFORMÁTICA 6.0/2024,1ª,,
2445/2024,18/10/24,CDD-028.5,1. Literatura infantojuvenil,"KINNEY, Jeff",DIÁRIO DE UM BANANA: RODRICK É O CARA,VOL. 2,1,"COTIA, SP",VERGARA & RIBA EDITORAS,2009,DOAÇÃO: CORUJÃO DE INFORMÁTICA 6.0/2024,1ª,,
2446/2024,18/10/24,CDD-028.5,1. Literatura infantojuvenil,"KINNEY, Jeff",DIÁRIO DE UM BANANA: A GOTA D'ÁGUA,VOL. 3,1,SÃO PAULO,VERGARA & RIBA EDITORAS,2016,DOAÇÃO: CORUJÃO DE INFORMÁTICA 6.0/2024,2ª,,
2447/2024,18/10/24,CDD-028.5,1. Literatura infantojuvenil,"KINNEY, Jeff",DIÁRIO DE UM BANANA: DIAS DE CÃO,VOL. 4,1,SÃO PAULO,VERGARA & RIBA EDITORAS,2012,DOAÇÃO: CORUJÃO DE INFORMÁTICA 6.0/2024,2ª,,
2448/2024,18/10/24,CDD-028.5,1. Literatura infantojuvenil,"KINNEY, Jeff",DIÁRIO DE UM BANANA: A VERDADE NUA E CRUA,VOL. 5,1,SÃO PAULO,V&R EDITORAS,2016,DOAÇÃO: CORUJÃO DE INFORMÁTICA 6.0/2024,2ª,,
2449/2024,18/10/24,CDD-028.5,1. Literatura infantojuvenil,"KINNEY, Jeff",DIÁRIO DE UM BANANA: CASA DOS HORRORES,VOL. 6,1,SÃO PAULO,V&R EDITORAS,2018,DOAÇÃO: CORUJÃO DE INFORMÁTICA 6.0/2024,1ª,,
2450/2024,18/10/24,CDD-028.5,1. Literatura infantojuvenil,"KINNEY, Jeff",DIÁRIO DE UM BANANA: SEGURANDO VELA,VOL. 7,1,SÃO PAULO,VER EDITOR,2018,DOAÇÃO: CORUJÃO DE INFORMÁTICA 6.0/2024,1ª,,
2451/2024,18/10/24,CDD-028.5,1. Literatura infantojuvenil,"KINNEY, Jeff",DIÁRIO DE UM BANANA: SEGURANDO VELA,VOL. 7,2,SÃO PAULO,V&R EDITORAS,2018,DOAÇÃO: CORUJÃO DE INFORMÁTICA 6.0/2024,1ª,,
2452/2024,18/10/24,CDD-028.5,1. Literatura infantojuvenil,"KINNEY, Jeff",DIÁRIO DE UM BANANA: MARÉ DE AZAR,VOL. 8,2,SÃO PAULO,V&R EDITORAS,2018,DOAÇÃO: CORUJÃO DE INFORMÁTICA 6.0/2024,1ª,,
2453/2024,18/10/24,CDD-028.5,1. Literatura infantojuvenil,"KINNEY, Jeff",DIÁRIO DE UM BANANA: MARÉ DE AZAR,VOL. 8,3,SÃO PAULO,V&R EDITORAS,2018,DOAÇÃO: CORUJÃO DE INFORMÁTICA 6.0/2024,1ª,,
2454/2024,18/10/24,CDD-028.5,1. Literatura infantojuvenil,"KINNEY, Jeff",DIÁRIO DE UM BANANA: CAINDO NA ESTRADA,VOL. 9,1,SÃO PAULO,V&R EDITORAS,2018,DOAÇÃO: CORUJÃO DE INFORMÁTICA 6.0/2024,1ª,,
2455/2024,18/10/24,CDD-028.5,1. Literatura infantojuvenil,"KINNEY, Jeff",DIÁRIO DE UM BANANA: VAI OU RACHA,VOL. 11,1,SÃO PAULO,V&R EDITORAS,2018,DOAÇÃO: CORUJÃO DE INFORMÁTICA 6.0/2024,1ª,,
2456/2024,25/10/24,CDD-813,1. Papas - Eleição - Ficção. 2. Sinais e símbolos. 3. Sociedades secretas. Ficção americana,"BROWN, Dan",ANJOS E DEMÔNIOS,ÚNICO,1,SÃO PAULO,ARQUEIRO,2012,DOAÇÃO: CORUJÃO DE INFORMÁTICA 6.0/2024,NÃO CONSTA,,
2457/2024,25/10/24,CDD-909,1. Civilização - História. 2. Conflito social. 3. História social,"GREEN, John",ANTROPOCENO: NOTAS SOBRE A VIDA NA TERRA,ÚNICO,1,RIO DE JANEIRO,INTRÍNSECA,2021,DOAÇÃO: CORUJÃO DE INFORMÁTICA 6.0/2024,1ª,,
2458/2024,25/10/24,CDD-923.29581,1. Legisladoras - Afeganistão - Biografia. 3. Mulheres - Condições sociais. 4. Crianças - Condições sociais. 5. Direito das mulheres,"KOOFI, Fawzia",A FILHA FAVORITA,ÚNICO,1,RIO DE JANEIRO,OBJETIVA,2013,DOAÇÃO: CORUJÃO DE INFORMÁTICA 6.0/2024,1ª,,
2459/2024,25/10/24,CDD-028.5,1. Literatura infantojuvenil,"RHEAD, Louis",ROBIN HOOD,ÚNICO,1,"BARUERI, SP",AMARILYS,2011,DOAÇÃO: CORUJÃO DE INFORMÁTICA 6.0/2024,2ª,,
2460/2024,25/10/24,CDD-869.93,1. Romance: Literatura Brasileira,"COELHO, Paulo",ONZE MINUTOS,ÚNICO,1,"BARUERI, SP",NÃO CONSTA,NÃO CONSTA,DOAÇÃO: CORUJÃO DE INFORMÁTICA 6.0/2024,NÃO CONSTA,,
2461/2024,25/10/24,CDD-028.5,1. Literatura infantojuvenil brasileira,"REBOUÇAS, Thalita","FALA SÉRIO, FILHA!: A VINGANÇA DOS PAIS",ÚNICO,1,RIO DE JANEIRO,ROCCO JOVENS LEITORES,2011,DOAÇÃO: CORUJÃO DE INFORMÁTICA 6.0/2024,NÃO CONSTA,,
2462/2024,25/10/24,CDD-028.5,1. Literatura juvenil,"VERNE, Júlio",A VOLTA AO MUNDO EM 80 DIAS,ÚNICO,1,"JANDIRA, SP",PRINCIPIS,2019,DOAÇÃO: CORUJÃO DE INFORMÁTICA 6.0/2024,1ª,,
2463/2024,25/10/24,CDD-863.3,1. Literatura espanhola,"CERVANTES, Miguel de",DOM QUIXOTE,ÚNICO,1,"JANDIRA, SP",CIRANDA CULTURAL,2019,DOAÇÃO: CORUJÃO DE INFORMÁTICA 6.0/2024,1ª,,
2464/2024,25/10/24,CDD-869.3,1. Romance brasileiro,"BARROS, Lycia",SEM OLHAR PARA TRÁS,ÚNICO,1,RIO DE JANEIRO,VALENTINA,2016,DOAÇÃO: CORUJÃO DE INFORMÁTICA 6.0/2024,NÃO CONSTA,,
2465/2024,25/10/24,CDD-028.5,1. Literatura infantojuvenil,"SOUZA, Flavio de",DESENHOS DE GUERRA E DE AMOR,ÚNICO,1,SÃO PAULO,PEARSON EDUCATION DO BRASIL,2012,DOAÇÃO: CORUJÃO DE INFORMÁTICA 6.0/2024,1ª,,
2466/2024,25/10/24,CDD-813,1. Romance americano,"GROFF, Lauren",DESTINOS E FÚRIAS,ÚNICO,1,RIO DE JANEIRO,INTRINSECA,2016,DOAÇÃO: CORUJÃO DE INFORMÁTICA 6.0/2024,1ª,,
2467/2024,25/10/24,CDD-869.93,1. Conto brasileiro,"TAHAN, Malba",LENDAS DO DESERTO ,ÚNICO,1,RIO DE JANEIRO,VERUS,2012,DOAÇÃO: CORUJÃO DE INFORMÁTICA 6.0/2024,1ª,,
2468/2024,25/10/24,CDD-800,1. Contos,VÁRIOS AUTORES,QUATRO CONTOS,ÚNICO,1,NÃO CONSTA,OBJETIVO,NÃO CONSTA,DOAÇÃO: CORUJÃO DE INFORMÁTICA 6.0/2024,NÃO CONSTA,,
2469/2024,25/10/24,CDD-869.93,1. Conto brasileiro,"PRADO, Adélia",FILANDRAS,ÚNICO,1,RIO DE JANEIRO,CIVILIZAÇÃO BRASILEIRA,2010,DOAÇÃO: CORUJÃO DE INFORMÁTICA 6.0/2024,5ª,,
2470/2024,25/10/24,CDD-869.92,1. Teatro brasileiro,"SUASSUNA, Ariano",O AUTO DA COMPADECIDA,ÚNICO,1,SÃO PAULO,GOL,2013,DOAÇÃO: CORUJÃO DE INFORMÁTICA 6.0/2024,36ª,,
2471/2024,25/10/24,CDD-028.5,1. Literatuta juvenil,"TEIXEIRA, Mario",O GOLEM DO BOM RETIRO,ÚNICO,1,SÃO PAULO,EDITORA UDP,2011,DOAÇÃO: CORUJÃO DE INFORMÁTICA 6.0/2024,1ª,,
2472/2024,25/10/24,CDD-028.5,1. Romance infantojuvenil brasileira,"LACERDA, Nilma",BÁRBARA DEBAIXO DA CHUVA,ÚNICO,3,RIO DE JANEIRO,GALERA RECORD,2009,DOAÇÃO: CORUJÃO DE INFORMÁTICA 6.0/2024,1ª,,
2473/2024,25/10/24,CDD-028.5,1. Literatura brasileira,"BOJUNGA, Lygia",O ABRAÇO,ÚNICO,2,RIO DE JANEIRO,CASA LYGIA BOJUNGA,2010,DOAÇÃO: CORUJÃO DE INFORMÁTICA 6.0/2024,6ª,,
2474/2024,25/10/24,CDD-398.2,1. Poesia de cordel: Folclore,"SENNA, Costa",CAMINHOS DIVERSOS: SOB OS SIGNOS DO CORDEL,ÚNICO,1,SÃO PAULO,GLOBAL,2008,DOAÇÃO: CORUJÃO DE INFORMÁTICA 6.0/2024,1ª,,
2475/2024,25/10/24,CDD-028.5,1. Escravidão - Ficção. 2. Novela juvenil,"MACHADO, Ana Maria",DO OUTRO MUNDO,ÚNICO,1,SÃO PAULO,ÁTICA,2007,DOAÇÃO: CORUJÃO DE INFORMÁTICA 6.0/2024,1ª,,
2476/2024,25/10/24,CDD-869.93,1. Romance: Literatura Brasileira,"SABINO, Fernando",O OUTRO GUME DA FACA,ÚNICO,1,RIO DE JANEIRO,ÁTICA,NÃO CONSTA,DOAÇÃO: CORUJÃO DE INFORMÁTICA 6.0/2024,2ª,,
2477/2024,25/10/24,CDD-869,1. Literatura brasileira - Novela,"SALES, Antônio",AVES DE ARRIBAÇÃO,ÚNICO,2,FORTALEZA,REALCE,2006,DOAÇÃO: CORUJÃO DE INFORMÁTICA 6.0/2024,NÃO CONSTA,,
2478/2024,25/10/24,CDD-028.5,1. Literatura infantojuvenil. 2. Conto de fada,"MORAIS,Well",MENTIROSO E O APRENDIZ DE FADO,ÚNICO,1,FORTALEZA,GRÁFICA LCR,2010,DOAÇÃO: CORUJÃO DE INFORMÁTICA 6.0/2024,NÃO CONSTA,,
2479/2024,04/11/24,CDD-028.5,1. Literatura infantojuvenil brasileira,"VIDAL, Rafael",A MIQUELINA E O CRUMÉLIO: CAMA DE GATO,ÚNICO,1,SÃO PAULO,RAI,2012,DOAÇÃO: CORUJÃO DE INFORMÁTICA 6.0/2024,NÃO CONSTA,,
2480/2024,04/11/24,CDD-613.04244,1. Ciclo menstrual 2. Menopausa 3. Mulheres - Anatomia e fisiologia 4. Mulheres - Doenças 5. Mulheres - Saúde e higiene 6. Reprodução humana,"PINOTTI, José Aristodemo",SAÚDE DA MULHER,ÚNICO,1,SÃO PAULO,ED. DO AUTOR,2004,DOAÇÃO: CORUJÃO DE INFORMÁTICA 6.0/2024,12ª,,
2481/2024,04/11/24,CDD-028.5,1. Literatura infantojuvenil,"BRAZ, Júlio Emílio",A HISTÓRIA DE LALO,ÚNICO,1,SÃO PAULO,SARAIVA,2002,DOAÇÃO: CORUJÃO DE INFORMÁTICA 6.0/2024,NÃO CONSTA,,
2482/2024,04/11/24,CDD-028.5,1. Literatura infantojuvenil,"LAURITO, Ilka, Brunhilde",A MENINA QUE FEZ A AMÉRICA,ÚNICO,1,SÃO PAULO,FTD,1999,DOAÇÃO: CORUJÃO DE INFORMÁTICA 6.0/2024,NÃO CONSTA,,
2483/2024,04/11/24,CDD-158.1,1. Amor. 2. Autorrealização. 3. Relaçoes humanas,"BUSCAGLIA, Leo F.",O PARAÍSO FICA PERTO,ÚNICO,1,RIO DE JANEIRO,NOVA ERA,2009,DOAÇÃO: CORUJÃO DE INFORMÁTICA 6.0/2024,11ª,,
2484/2024,04/11/24,CDD-133.90135,1. Reencarnação. 2. Famílias - Miscelânea. 3. Reencarnação,"BOWMAN, Carol",O AMOR ME TROUXE DE VOLTA,ÚNICO,1,RIO DE JANEIRO,SEXTANTE,2010,DOAÇÃO: CORUJÃO DE INFORMÁTICA 6.0/2024,NÃO CONSTA,,
2485/2024,04/11/24,CDD-028.5,1. Conto - Literatura juvenil,"PELLEGRINI, Domingos",PERFEITO DE TODO JEITO,ÚNICO,1,SÃO PAULO,FTD,2014,DOAÇÃO: CORUJÃO DE INFORMÁTICA 6.0/2024,NÃO CONSTA,,
2486/2024,04/11/24,CDD-305.42,1. Mulheres: História: Sociologia,"CHALITA, Gabriel",MULHERES QUE MUDARAM O MUNDO,ÚNICO,1,SÃO PAULO,COMPANHIA EDITORA NACIONAL,2005,DOAÇÃO: CORUJÃO DE INFORMÁTICA 6.0/2024,NÃO CONSTA,,
2487/2024,04/11/24,CDD-869.8992,1. Literatura brasileira. 2. Poesia,"BILAC, Olavo",TARDE,ÚNICO,1,"JANDIRA, SP",PRINCIPIS,2023,DOAÇÃO: CORUJÃO DE INFORMÁTICA 6.0/2024,2ª,,
2488/2024,04/11/24,CDD-981.033,1. Família Real no Brasil (1808-1821),"GOMES, Laurentino",1808,ÚNICO,1,SÃO PAULO,PLANETA DO BRASIL,2009,DOAÇÃO: CORUJÃO DE INFORMÁTICA 6.0/2024,3ª,,
2489/2024,04/11/24,CDD-813,1. Romance norte-americano,"IYER, Pico",CUBA E A NOITE,ÚNICO,1,RIO DE JANEIRO,RECORD,1997,DOAÇÃO: CORUJÃO DE INFORMÁTICA 6.0/2024,NÃO CONSTA,,
2490/2024,04/11/24,CDD-100,1. Filosofia 2. Reflexão,"PERCY, Allan",KAFKA PARA SOBRECARREGADOS,ÚNICO,1,RIO DE JANEIRO,SEXTANTE,2012,DOAÇÃO: CORUJÃO DE INFORMÁTICA 6.0/2024,NÃO CONSTA,,
2491/2024,04/11/24,CDD-355,1. Estratégia militar-Guerra,"TZU, Sun",A ARTE DA GUERRA,ÚNICO,3,PORTO ALEGRE,L&PM,2014,DOAÇÃO: CORUJÃO DE INFORMÁTICA 6.0/2024,NÃO CONSTA,,
2492/2024,04/11/24,CDD-248.86,1. Sofrimentos: Aspectos religiosos: Cristianismo,"GUTHRIE, Nancy",UM FIO DE ESPERANÇA,ÚNICO,1,SÃO PAULO,MUNDO CRISTÃO,2008,DOAÇÃO: CORUJÃO DE INFORMÁTICA 6.0/2024,1ª,,
2493/2024,04/11/24,CDD-650.14,1. Carreiras - Planejamento 2. Inteligência emocional 3. Autorrealização 4. Sucesso,"VIEIRA, Paulo",PODER E ALTA PERFORMANCE,ÚNICO,1,SÃO PAULO,GENTE,2017,DOAÇÃO: CORUJÃO DE INFORMÁTICA 6.0/2024,17ª,,
2494/2024,06/11/24,CDD-808.51,1. Oratória 2. Comunicação oral 3. Retórica,"CARNEGIE, Dale",COMO FALAR EM PÚBLICO E INFLUENCIAR PESSOAS NO MUNDO DOS NEGÓCIOS,ÚNICO,1,RIO DE JANEIRO,RECORD,2020,DOAÇÃO: CORUJÃO DE INFORMÁTICA 6.0/2024,75ª,,
2495/2024,06/11/24,CDD-833,1. Histórias em quadrinhos: Ficção: Literatura alemã,"KAFKA, Franz",DESISTA! E OUTRAS HISTÓRIAS DE FRANZ KAFKA,ÚNICO,1,SÃO PAULO,CONRAD EDITORA DO BRASIL,2008,DOAÇÃO: CORUJÃO DE INFORMÁTICA 6.0/2024,NÃO CONSTA,,
2496/2024,06/11/24,CDD-813,1. Ficção norte-americana 2. Guerra civil 3. Os vingadores (personagens fictícios),"MOORE, Stuart",GUERRA CIVIL - UMA HISTÓRIA DO UNIVERSO MARVEL,ÚNICO,1,"BARUERI, SP",NOVO SÉCULO EDITORA,2015,DOAÇÃO: CORUJÃO DE INFORMÁTICA 6.0/2024,NÃO CONSTA,,
2497/2024,06/11/24,CDD-158.1,1. Sucesso - Riqueza: Aspectos psicológicos,"VIEIRA, Paulo",FATOR DO ENRIQUECIMENTO,ÚNICO,1,SÃO PAULO,GENTE,2016,DOAÇÃO: CORUJÃO DE INFORMÁTICA 6.0/2024,NÃO CONSTA,,
2498/2024,06/11/24,CDD-232.903,1. Jesus Cristo - personalidade e missão 2. Jesus Cristo - Psicologia. 3. Conduta - aspectos religiosos - Cristianismo,"CURY, Augusto",O MESTRE DOS MESTRES,ÚNICO,1,RIO DE JANEIRO,SEXTANTE,2012,DOAÇÃO: CORUJÃO DE INFORMÁTICA 6.0/2024,NÃO CONSTA,,
2499/2024,06/11/24,CDD-232.903,1. Jesus Cristo - personalidade e missão 2. Jesus Cristo - Psicologia 3. Inteligência,"CURY, Augusto",O MESTRE DA SENSIBILIDADE,ÚNICO,1,SÃO PAULO,ACADEMIA DE INTELIGÊNCIA,2000,DOAÇÃO: CORUJÃO DE INFORMÁTICA 6.0/2024,NÃO CONSTA,,
2500/2024,06/11/24,CDD-158.1,1. Felicidade,"POLLAN, Stephen M. ",SÓ DEPENDE DE VOCÊ,ÚNICO,1,RIO DE JANEIRO,CARPE DIEM,2006,DOAÇÃO: CORUJÃO DE INFORMÁTICA 6.0/2024,NÃO CONSTA,,
2501/2024,06/11/24,CDD-189.2,1. Filosofia e religião: Filosofia patrística,"AGOSTINHO, Santo",CONTRA OS ACADÊMICOS,ÚNICO,1,"PETRÓPOLIS, RJ",VOZES,2014,DOAÇÃO: CORUJÃO DE INFORMÁTICA 6.0/2024,NÃO CONSTA,,
2502/2024,06/11/24,CDD-128.1,1. Alma humana: Filosofia,"AGOSTINHO, Santo",SOBRE A POTENCIALIDADE DA ALMA,ÚNICO,1,"PETRÓPOLIS, RJ",VOZES,2013,DOAÇÃO: CORUJÃO DE INFORMÁTICA 6.0/2024,NÃO CONSTA,,
2503/2024,06/11/24,CDD-158.1,1. Conduta 2. Vida,"CURY, Augusto",VOCE É INSUBSTITUÍVEL,ÚNICO,3,RIO DE JANEIRO,SEXTANTE,2002,DOAÇÃO: CORUJÃO DE INFORMÁTICA 6.0/2024,NÃO CONSTA,,
2504/2024,06/11/24,CDD-158.1,1. Autoestima 2. Autorrealização 3. Conduta,"CURY, Augusto",VOCE É INSUBSTITUÍVEL,ÚNICO,4,RIO DE JANEIRO,SEXTANTE,2012,DOAÇÃO: CORUJÃO DE INFORMÁTICA 6.0/2024,NÃO CONSTA,,
2505/2024,06/11/24,CDD-158.1,1. AUtoconsciência 2. Autodomínio 3. Autorrealoização 4. Liderança,"CURY, Augusto",SEJA LÍDER DE SI MESMO,ÚNICO,2,RIO DE JANEIRO,SEXTANTE,2012,DOAÇÃO: CORUJÃO DE INFORMÁTICA 6.0/2024,NÃO CONSTA,,
2506/2024,06/11/24,CDD-158.1,1. AUtoconsciência 2. Autodomínio 3. Autorrealoização 4. Liderança,"CURY, Augusto",SEJA LÍDER DE SI MESMO,ÚNICO,3,RIO DE JANEIRO,SEXTANTE,2004,DOAÇÃO: CORUJÃO DE INFORMÁTICA 6.0/2024,NÃO CONSTA,,
2507/2024,06/11/24,CDD-869.93,1. Pais e filhos - ficção brasileira,"CURY, Augusto",FAMÍLIA: OS SEGREDOS DA FAMÍLIA SAUDÁVEIS,ÚNICO,1,RIO DE JANEIRO,SEXTANTE,2017,DOAÇÃO: CORUJÃO DE INFORMÁTICA 6.0/2024,NÃO CONSTA,,
2508/2024,06/11/24,CDD-158.1,1. Técnicas de autoajuda 2. Autoconfiança,"CURY, Augusto",SUPERAÇÃO,ÚNICO,1,RIO DE JANEIRO,SEXTANTE,2017,DOAÇÃO: CORUJÃO DE INFORMÁTICA 6.0/2024,NÃO CONSTA,,
2509/2024,06/11/24,CDD-152.4,1. Emoções 2. Inteligência 3. Conduta 4. Qualidade de vida,"CURY, Augusto",REVOLUCIONE SUA QUALIDADE DE VIDA,ÚNICO,1,RIO DE JANEIRO,SEXTANTE,2012,DOAÇÃO: CORUJÃO DE INFORMÁTICA 6.0/2024,NÃO CONSTA,,
2510/2024,06/11/24,CDD-226.9607,1. Pai-nosso - Comentários - meditações 3. Oração - Cristianismo,"CURY, Augusto",OS SEGREDOS DO PAI-NOSSO,ÚNICO,2,RIO DE JANEIRO,SEXTANTE,2013,DOAÇÃO: CORUJÃO DE INFORMÁTICA 6.0/2024,NÃO CONSTA,,
2511/2024,06/11/24,CDD-184,1. Filosofia platônica ,PLATÃO,O BANQUETE,ÚNICO,1,SÃO PAULO,EDIPRO,2012,DOAÇÃO: CORUJÃO DE INFORMÁTICA 6.0/2024,1ª,,
2512/2024,06/11/24,CDD-184,1. Filosofia platônica ,PLATÃO,O MITO DA CAVERNA,ÚNICO,1,SÃO PAULO,EDIPRO,2015,DOAÇÃO: CORUJÃO DE INFORMÁTICA 6.0/2024,1ª,,
2513/2024,06/11/24,CDD-B869.3,1. Literatura brasileira - Romance,"SILVA, Antônio Hélio da",CONCHA VERDE BREJO SECO,ÚNICO,1,CRATO,A PROVÍNCIA,2022,DOAÇÃO: CORUJÃO DE INFORMÁTICA 6.0/2024,2ª,,
2514/2024,06/11/24,CDD-B869.3,1. Literatura brasileira - Romance,"SILVA, Antônio Hélio da",CONCHA VERDE BREJO SECO,ÚNICO,2,CRATO,A PROVÍNCIA,2022,DOAÇÃO: CORUJÃO DE INFORMÁTICA 6.0/2024,2ª,,
2515/2024,06/11/24,CDD-B869.3,1. Literatura brasileira - Romance,"SILVA, Antônio Hélio da",CONCHA VERDE BREJO SECO,ÚNICO,3,CRATO,A PROVÍNCIA,2022,DOAÇÃO: CORUJÃO DE INFORMÁTICA 6.0/2024,2ª,,
2516/2024,06/11/24,CDD-869.93,1. Ficção: Literatura brasileira,"CURY, Augusto",O VENDEDOR DE SONHOS: O CHAMADO,ÚNICO,2,SÃO PAULO,ACADEMIA DE INTELIGÊNCIA,2009,DOAÇÃO: CORUJÃO DE INFORMÁTICA 6.0/2024,NÃO CONSTA,,
2517/2024,06/11/24,CDD-869.93,1. Ficção: Literatura brasileira,"CURY, Augusto",O VENDEDOR DE SONHOS: O CHAMADO,ÚNICO,3,SÃO PAULO,ACADEMIA DE INTELIGÊNCIA,2009,DOAÇÃO: CORUJÃO DE INFORMÁTICA 6.0/2024,NÃO CONSTA,,
2518/2024,06/11/24,CDD-869.93,1. Ficção: Literatura brasileira,"CURY, Augusto",O VENDEDOR DE SONHOS E A REVOLUÇÃO DOS ANÔNIMOS,ÚNICO,1,SÃO PAULO,ACADEMIA DE INTELIGÊNCIA,2009,DOAÇÃO: CORUJÃO DE INFORMÁTICA 6.0/2024,NÃO CONSTA,,
2519/2024,06/11/24,CDD-813,1. Sinais e símbolos - Ficção americana,"BROWN, Dan",O SÍMBOLO PERDIDO,ÚNICO,1,RIO DE JANEIRO,SEXTANTE,2009,DOAÇÃO: CORUJÃO DE INFORMÁTICA 6.0/2024,NÃO CONSTA,,
2520/2024,06/11/24,CDD-028.5,1. Ficção: Literatura juvenil,"ROCHA, Ruth",PRA QUE SERVE,ÚNICO,1,SÃO PAULO,SALAMANDRA,2003,DOAÇÃO: CORUJÃO DE INFORMÁTICA 6.0/2024,3ª,,
2521/2024,06/11/24,CDD-869.93,1. Ficção brasileira,"VENTURA, Zuenir",MAL SECRETO,ÚNICO,1,RIO DE JANEIRO,OBJETIVA,2009,DOAÇÃO: CORUJÃO DE INFORMÁTICA 6.0/2024,NÃO CONSTA,,
2522/2024,06/11/24,CDD-869.1,1. Ficção brasileira,"ALMEIDA, Verônica",CÂNCER? NÃO. SOU DE AQUÁRIO,ÚNICO,1,BRASÍLIA,CENTRO EDUCACIONAL,2011,DOAÇÃO: CORUJÃO DE INFORMÁTICA 6.0/2024,NÃO CONSTA,,
2523/2024,08/11/24,CDD-869.3,1. Ficção moçambicana,"COUTO, Mia",TERRA SONÂMBULA,ÚNICO,2,SÃO PAULO,COMPANHIA DAS LETRAS,2007,DOAÇÃO: CORUJÃO DE INFORMÁTICA 6.0/2024,NÃO CONSTA,,
2524/2024,08/11/24,CDD-153.35,1. Imaginação 2. Criação 3. Leitura 4. Escrita 5. Sucesso,"GAIMAN, Neil",ARTE IMPORTA,ÚNICO,1,RIO DE JANEIRO,INTRÍNSECA,2021,DOAÇÃO: CORUJÃO DE INFORMÁTICA 6.0/2024,1ª,,
2525/2024,08/11/24,CDD-158.2,1. Amizade 2. Amor 3. Intimidade (Psicologia),"MCGINNIS, Alan Loy",O FATOR DE AMIZADE: COMO CATIVAR AS PESSOAS DE QUEM VOCÊ GOSTA,ÚNICO,1,SÃO PAULO,PAULUS,2006,DOAÇÃO: CORUJÃO DE INFORMÁTICA 6.0/2024,2ª,,
2526/2024,08/11/24,CDD-869.92,1. Teatro brasileiro,"GOMES, Dias",O PAGADOR DE PROMESSAS,ÚNICO,1,RIO DE JANEIRO,BERTRAND BRASIL,2010,DOAÇÃO: CORUJÃO DE INFORMÁTICA 6.0/2024,51ª,,
2527/2024,08/11/24,CDD-028.5,1. Ficção juvenil,"MACHADO, Ana Maria",ISSO NINGUÉM ME TIRA,ÚNICO,1,SÃO PAULO,ÁTICA,2004,DOAÇÃO: CORUJÃO DE INFORMÁTICA 6.0/2024,9ª,,
2528/2024,08/11/24,CDD-303.34,1. Liderança - Aspectos morais e éticos,"HUNTER, James C.",O MONGE E O EXECUTIVO,ÚNICO,1,RIO DE JANEIRO,SEXTANTE,2004,DOAÇÃO: CORUJÃO DE INFORMÁTICA 6.0/2024,NÃO CONSTA,,
2529/2024,08/11/24,CDD-133.93,1. Literatura espírita,"CARVALHO, Roberto de",O PEQUENO MÉDIUM,ÚNICO,1,SÃO PAULO,BENVIRÁ,2018,DOAÇÃO: CORUJÃO DE INFORMÁTICA 6.0/2024,NÃO CONSTA,,
2530/2024,08/11/24,CDU-159.9,1. Logoterapia 2. Psicologia 3. Psiquiatria,"FRANKL, Viktor E.",EM BUSCA DE SENTIDO,ÚNICO ,1,"PETRÓPOLIS, RJ",VOZES,2022,DOAÇÃO: CORUJÃO DE INFORMÁTICA 6.0/2024,56ª,,
2531/2024,11/11/24,CDD-302.545083,1. Isolamento social 2. Isolamento doméstico 3. Solidão em crianças 4. Solidão em adolescentes 5. Internet - Aspectos sociais,"FERREIRA, Hugo Monteiro",A GERAÇÃO DO QUARTO: QUANDO CRIANÇAS E ADOLESCENTES NOS ENSINAM A AMAR,ÚNICO,1,RIO DE JANEIRO,RECORD,2022,DOAÇÃO: CORUJÃO DE INFORMÁTICA 6.0/2024,3ª,,
2532/2024,11/11/24,CDD-028.5,1. LIteratura juvenil,"BRAZ, Júlio Emílio",DESPREZADOS F.C.,ÚNICO,1,SÃO PAULO,SARAIVA,2009,DOAÇÃO: CORUJÃO DE INFORMÁTICA 6.0/2024,2ª,,
2533/2024,11/11/24,CDD-100,1. Crônicas 2. Ensaios 3. Filosofia,"CORTELLA, Mario Sergio",NÃO SE DESESPERE: PROVOCAÇÕES FILOSÓFICAS,ÚNICO,1,"PETRÓPOLIS, RJ",VOZES,2014,DOAÇÃO: CORUJÃO DE INFORMÁTICA 6.0/2024,7ª,,
2534/2024,11/11/24,CDD-131.3,1. Desenvolvimento pessoal 2. Motivação 3. Sucesso pessoal 4. Autoajuda,"HILL, Napoleon",MAIS ESPERTO QUE O DIABO,ÚNICO,2,PORTO ALEGRE,CDG,2014,DOAÇÃO: CORUJÃO DE INFORMÁTICA 6.0/2024,19ª,,
2535/2024,11/11/24,CDD-158.1,1. Autoajuda 2. Desenvolvimento 3. Psicologia 4. Autonomia 5. AUtoconhecimento,"CURY, Augusto",CONTROLE O ESTRESSE: SAIBA COMO ENCONTRAR EQUILÍBRIO,ÚNICO,2,"JANDIRA, SP",PRINCIPIS,2021,DOAÇÃO: CORUJÃO DE INFORMÁTICA 6.0/2024,1ª,,
2536/2024,11/11/24,CDD-181,1. Conduta de vida: Filosofia oriental,"KIMURA, Koichi",A BAGAGEM DOS VIAJANTES,ÚNICO ,1,SÃO PAULO,SATRY,2014,DOAÇÃO: CORUJÃO DE INFORMÁTICA 6.0/2024,1ª,,
2537/2024,11/11/24,CDD-028.5,1. Ficção brasileira,"DRUMMOND, Regina",QUANDO TUDO MUDA,ÚNICO,3,SÃO PAULO,PANDA BOOKS,2016,DOAÇÃO: CORUJÃO DE INFORMÁTICA 6.0/2024,1ª,,
2538/2024,11/11/24,CDD-100,1. Filosofia,"CORTELLA, Mario Sergio",NÃO NASCEMOS PRONTOS: PROVOCAÇÕES FILOSÓFICAS,ÚNICO,1,"PETRÓPOLIS, RJ",VOZES,2015,DOAÇÃO: CORUJÃO DE INFORMÁTICA 6.0/2024,19ª,,
2539/2024,11/11/24,CDD-158.1,1. Autoajuda,"CURY, Augusto",AUTOCONTROLE: VENÇA OS FANTASMAS DA EMOÇÃO,ÚNICO,3,"JANDIRA, SP",PRINCIPIS,2022,DOAÇÃO: CORUJÃO DE INFORMÁTICA 6.0/2024,1ª,,
2540/2024,11/11/24,CDD-320,1. Ciência política. 2. Ética política,"MAQUIAVEL, Nicolau",O PRÍNCIPE,ÚNICO,2,"COTIA, SP",PÉ DE LETRA,NÃO CONSTA,DOAÇÃO: CORUJÃO DE INFORMÁTICA 6.0/2024,NÃO CONSTA,,
2541/2024,11/11/24, CDD-158,1. Psicologia 2. Autorrealização,"CURY, Augusto",O CÓDIGO DA INTELIGÊNCIA,ÚNICO,1,RIO DE JANEIRO,SEXTANTE,2016,DOAÇÃO: CORUJÃO DE INFORMÁTICA 6.0/2024,NÃO CONSTA,,
2542/2024,11/11/24,CDD-158.1,1. Técnicas de autoajuda,"PINTO, Fernando Gomes",O CÉREBRO NINJA: COMO USAR 100% DO SEU CÉREBRO,ÚNICO,1,SÃO PAULO,PLANETA,2018,DOAÇÃO: CORUJÃO DE INFORMÁTICA 6.0/2024,NÃO CONSTA,,
2543/2024,11/11/24,CDD-650.14,1. Bem-estar 2. Qualidade vida 3. Sucesso 4. Autorrealização 5. Filosofia,"CORTELLA, Mario Sergio","POR QUE FAZEMOS O QUE FAZEMOS?: AFLIÇÕES VITAIS SOBRE TRABALHO, CARREIRA E REALIZAÇÃO",ÚNICO,1,SÃO PAULO,PLANETA,2016,DOAÇÃO: CORUJÃO DE INFORMÁTICA 6.0/2024,1ª,,
2544/2024,11/11/24,CDD-650.14,1. Gestão de carreira: Administração,"VIEIRA, Paulo",O PODER DA AÇÃO: FAÇA SUA VIDA IDEAL SAIR DO PAPEL,ÚNICO,1,SÃO PAULO,GENTE,2015,DOAÇÃO: CORUJÃO DE INFORMÁTICA 6.0/2024,NÃO CONSTA,,
2545/2024,11/11/24,CDU-658.562,1. Qualidade no atendimento 2. Marketing de Serviços,"DANTAS, Edmundo Brandão",ATENDIMENTO AO PÚBLICO NAS ORGANIZAÇÕES: QUANDO O MARKETING DE SERVIÇOS MOSTRA A CARA,ÚNICO,1,BRASÍLIA,SENAC DF,2020,DOAÇÃO: CORUJÃO DE INFORMÁTICA 6.0/2024,7ª,,
2546/2024,19/11/24,CDD-028.5,1. Literatura infantojuvenil,"RODRIGUES, Sonia",O PRÊMIO/ A ILÍADA,ÚNICO,1,BELO HORIZONTE,FORMATO EDITORIAL,2000,DOAÇÃO: CORUJÃO DE INFORMÁTICA 6.0/2024,NÃO CONSTA,,
2547/2024,19/11/24,CDD-028.5,1. Literatura juvenil,"ASQUITH, Ros",MALU: O GUIA MARAVILHOSO PARA TODAS AS COISAS,ÚNICO,1,"SÃO PAULO, SP",FUNDAMENTO EDUCACIONAL,2010,DOAÇÃO: CORUJÃO DE INFORMÁTICA 6.0/2024,1ª,,
2548/2024,19/11/24,CDD-B869.8,1. Crônicas brasileiras,VÁRIOS AUTORES,HISTÓRIAS DIVERTIDAS,ÚNICO,1,SÃO PAULO,ÁTICA,2006,DOAÇÃO: CORUJÃO DE INFORMÁTICA 6.0/2024,11ª,,
2549/2024,19/11/24,CDD-232.903,1. Jesus Cristo - Personalidade e missão 2. Psicologia 3. Esperança - Aspectos religiosos - Cristianismo,"CURY, Augusto",O MESTRE INESQUECÍVEL,ÚNICO,1,RIO DE JANEIRO,SEXTANTE,2012,DOAÇÃO: CORUJÃO DE INFORMÁTICA 6.0/2024,NÃO CONSTA,,
2550/2024,19/11/24,CDD-179.9,1. Paciência,"RYAN, Mary Jane",O PODER DA PACIÊNCIA,ÚNICO,3,RIO DE JANEIRO,SEXTANTE,2006,DOAÇÃO: CORUJÃO DE INFORMÁTICA 6.0/2024,NÃO CONSTA,,
2551/2024,19/11/24,CDD-332.024,1. Finanças pessoais 2. Educação financeira 3. Sucesso nos negócios,"ARCURI, Nathalia",ME POUPE,ÚNICO,1,RIO DE JANEIRO,SEXTANTE,2018,DOAÇÃO: CORUJÃO DE INFORMÁTICA 6.0/2024,NÃO CONSTA,,
2552/2024,19/11/24,CDD-658+81,1. Administração - Vendas,"RATTO, Luiz",VENDAS: TÉCNICAS DE TRABALHO E MERCADO,ÚNICO,1,SÃO PAULO,SENAC SÃO PAULO,2017,DOAÇÃO: CORUJÃO DE INFORMÁTICA 6.0/2024,NÃO CONSTA,,
2553/2024,19/11/24,CDD-658.3124,"1. Administração de pessoal 2, Profissões - Desenvolvimento","GOLDSMITH, Marshall",O EFEITO GATILHO,ÚNICO,1,SÃO PAULO,COMPANHIA EDITORA NACIONAL,2017,DOAÇÃO: CORUJÃO DE INFORMÁTICA 6.0/2024,1ª,,
2554/2024,19/11/24,CDD-270,1. Transformação de vida 2. Determinação - atitude - perseverança,"EDINGTON, J.",50 TONS DE SUCESSO,ÚNICO,1,RIO DE JANEIRO,UNIPRO,2015,DOAÇÃO: CORUJÃO DE INFORMÁTICA 6.0/2024,1ª,,
2555/2024,19/11/24,CDD-158.1,1. Técnicas de autoajuda,"ELROD, Hal",O MILAGRE DA MANHÃ: O SEGREDO PARA TRANSFORMAR SUA VIDA (ANTES DAS 8 HORAS),ÚNICO,1,RIO DE JANEIRO,BESTSELLER,2019,DOAÇÃO: CORUJÃO DE INFORMÁTICA 6.0/2024,34ª,,
2556/2024,19/11/24,CDD-158.1,1. Sucesso - Aspectos psicológicos 2. Autorrealização 3. Empreendedorismo 4. Qualidade de vida,"ELROD, Hal",O MILAGRE DA MANHÃ PARA EMPREENDEDORES: ELEVE A SI MESMO PARA ELEVAR SUA EMPRESA,ÚNICO,1,RIO DE JANEIRO,BESTSELLER,2021,DOAÇÃO: CORUJÃO DE INFORMÁTICA 6.0/2024,1ª,,
2557/2024,19/11/24,CDD-332.024,1. Finanças pessoais 2. Investimentos 3. Sucesso nos negócios,"LAGES, Patrícia",VIRADA FINANCEIRA: UMA MUDANÇA DE 180 GRAUS EM 180 DIAS...,ÚNICO,1,RIO DE JANEIRO,VIDA MELHOR,2015,DOAÇÃO: CORUJÃO DE INFORMÁTICA 6.0/2024,1ª,,
2558/2024,19/11/24,CDD-650.1,1. Sucesso nos negócios 2. Sucesso 3. Profissões - Desenvolvimento,"HUFFINGTON, Arianna Stassinopoulos",A TERCEIRA MEDIDA DO SUCESSO,ÚNICO,1,RIO DE JANEIRO,SEXTANTE,2014,DOAÇÃO: CORUJÃO DE INFORMÁTICA 6.0/2024,NÃO CONSTA,,
2559/2024,19/11/24,CDD-332.024,"1. Finanças pessoais 2. Autoajuda 3, Educação financeira",VÁRIOS AUTORES,MENTES MILIONÁRIAS,ÚNICO,1,SÃO PAULO,UNIVERSO DOS LIVROS,2013,DOAÇÃO: CORUJÃO DE INFORMÁTICA 6.0/2024,1ª,,
2560/2024,19/11/24,CDD-658.4092,1. Liderança 2. Sucesso,"MAXWELL, John C.",OS QUATRO SEGREDOS DO SUCESSO,ÚNICO,1,RIO DE JANEIRO,VIDA MELHOR,2015,DOAÇÃO: CORUJÃO DE INFORMÁTICA 6.0/2024,NÃO CONSTA,,
2561/2024,19/11/24,CDD-658.402,1. Delegação de autoridade para empregados,"GENETT, Donna M.",O PODER DE DELEGAR,ÚNICO,1,RIO DE JANEIRO,BESTSELLER,2006,DOAÇÃO: CORUJÃO DE INFORMÁTICA 6.0/2024,NÃO CONSTA,,
2562/2024,19/11/24,CDD-248.4,1. Amor: Vida espiritual: Cristianismo,"PRINCE, Charles",36 MANEIRAS DE AMAR,ÚNICO,1,SÃO PAULO,EDITORA AVE-MARIA,2002,DOAÇÃO: CORUJÃO DE INFORMÁTICA 6.0/2024,1ª,,
2563/2024,21/11/24,CDD-981.04,1. Brasil - História - Império,VÁRIOS AUTORES,O BRASIL MONÁRQUICO. TOMO II: O PROCESSO DE EMNACIPAÇÃO,VOL. 1,1,RIO DE JANEIRO,BERTRAND BRASIL,2004,DOAÇÃO: CORUJÃO DE INFORMÁTICA 6.0/2024,11ª,,
2564/2024,21/11/24,CDD-301,1. Sociologia 2. Ensino Médio 3. Ensino de Sociologia 4. Teorias Sociológicas,VÁRIOS AUTORES,APRENDENDO A PENSAR A SOCIEDADE COM OS CLÁSSICOS DA SOCIOLOGIA,VOL. 1,1,FORTALEZA,GRÁFICA E EDITORA ÍRIS,2013,DOAÇÃO: CORUJÃO DE INFORMÁTICA 6.0/2024,NÃO CONSTA,,
2565/2024,21/11/24,CDD-301,1. Sociologia 2. Ensino Médio 3. Ensino de Sociologia 4. Teorias Sociológicas,VÁRIOS AUTORES,TEMAS CONTEMPORÂNEOS EM SOCIOLOGIA,VOL. 4,1,FORTALEZA,GRÁFICA E EDITORA ÍRIS,2013,DOAÇÃO: CORUJÃO DE INFORMÁTICA 6.0/2024,NÃO CONSTA,,
2566/2024,21/11/24,CDD-370,1. Pré-Universitário 2. Educação,"FARIAS, José Airton de",UMA BREVE HISTÓRIA DA ÁFRICA,ÚNICO,1,FORTALEZA,SISTEMA ARI DE SÁ DE ENSINO,2015,DOAÇÃO: CORUJÃO DE INFORMÁTICA 6.0/2024,NÃO CONSTA,,
2567/2024,21/11/24,CDD-316.334,1. Brasil - Política e governo 2. Sociologia política - Brasil,VÁRIOS AUTORES,INTÉRPRETES DO BRASIL: ALGUNS OLHARES,ÚNICO,1,JOÃO PESSOA,EDITORA DO CCTA,2016,DOAÇÃO: CORUJÃO DE INFORMÁTICA 6.0/2024,NÃO CONSTA,,
2568/2024,21/11/24,CDD-028.5,1. Contos - Literatura infantojuvenil,"OLIVEIRA, Ieda de",AS CORES DA ESCRAVIDÃO,ÚNICO,1,CURITIBA,EDITORA CHAMPAGNAT-PUC-PR,2013,DOAÇÃO: CORUJÃO DE INFORMÁTICA 6.0/2024,1ª,,
2569/2024,22/11/24,CDD-333.7,1. Ecodesenvolvimento: Economia,"SACHS, Ignacy",A TERCEIRA MARGEM: EM BUSCA DO ECODESENVOLVIMENTO,ÚNICO,3,SÃO PAULO,COMPANHIA DAS LETRAS,2009,DOAÇÃO: CORUJÃO DE INFORMÁTICA 6.0/2024,1ª,,
2570/20240,22/11/24,CDD-333.7,1. Ecodesenvolvimento: Economia,"SACHS, Ignacy",A TERCEIRA MARGEM: EM BUSCA DO ECODESENVOLVIMENTO,ÚNICO,4,SÃO PAULO,COMPANHIA DAS LETRAS,2009,DOAÇÃO: CORUJÃO DE INFORMÁTICA 6.0/2024,1ª,,
2571/2024,22/11/24,CDD-370.19342,1. Educação - Brasil 2. Relações étnicas -Educação,VÁRIOS AUTORES,RELAÇÕES ÉTNICO-RACIAIS E EDUCAÇÃO NO BRASIL,ÚNICO,3,BELO HORIZONTE,MAZZA EDIÇÕES,2011,DOAÇÃO: CORUJÃO DE INFORMÁTICA 6.0/2024,NÃO CONSTA,,
2572/2024,22/11/24,CDD-612.044,1. Exercícios - Aspectos fisiológicos 2. Fisiologia,"RASO, Vagner",POLLOCK: FISIOLOGIA CLÍNICA DO EXERCÍCIO,ÚNICO,1,"BARUERI, SP",MANOLE,2013,DOAÇÃO: CORUJÃO DE INFORMÁTICA 6.0/2024,NÃO CONSTA,,
2573/2024,22/11/24,CDD-305.8,1. Ciências sociais (Ensino fundamental e médio) 2. Relações raciais 3. Racismo 4. Cidadania,"BENTO, Maria Aparecida Silva",CIDADANIA EM PRETO E BRANCO,ÚNICO,1,SÃO PAULO,ÁTICA,2006,DOAÇÃO: CORUJÃO DE INFORMÁTICA 6.0/2024,4ª,,
2574/2024,22/11/24,CDD-869.3B,1. Literatura brasileira 2. Crônicas,"TEMÓTEO, Jurandy","ANTOLOGIA: NOSSOS ESCRITORES, CRÔNICAS",ÚNICO,1,CRATO,A PROVÍNCIA,2016,DOAÇÃO: CORUJÃO DE INFORMÁTICA 6.0/2024,NÃO CONSTA,,
2575/2024,22/11/24,CDU-004.4,1. Software 2. Melhoria de processo de software 3. Gerenciamento de projeto,"AMARAL, Maxwell Anderson Ielpo do",IMPLANTAÇÃO DE MELHORIA DE PROCESSOS DE SOFTWARE COM CMMI-DEV nível 2: planejamento baseado em exemplos,ÚNICO,1,JOÃO PESSOA,IFPB,2015,DOAÇÃO: CORUJÃO DE INFORMÁTICA 6.0/2024,NÃO CONSTA,,
2576/2024,22/11/24,CDD-300,1. Ciências Sociais 2. Ciências da Saúde 3. Ciências Humanas,VÁRIOS AUTORES,CADERNO DE CIÊNCIAS SOCIAIS: TENDÊNCIAS ,VOL. 1,1,CRATO,DEPARTAMENTO DE CIÊNCIAS SOCIAIS DA UNIVERSIDADE REGIONAL DO CARIRI-URCA,2007,DOAÇÃO: CORUJÃO DE INFORMÁTICA 6.0/2024,NÃO CONSTA,,
2577/2024,22/11/24,CDD-900.07,1. História pelas imagens: Fotografia e literatura: Estudo e Ensino,"PINTO, Júlio Pimentel",ENSINO DE HISTÓRIA: DIÁLOGOS COM A LITERATURA E A FOTOGRAFIA,ÚNICO,1,SÃO PAULO,MODERNA,2012,DOAÇÃO: CORUJÃO DE INFORMÁTICA 6.0/2024,1ª,,
2578/2024,22/11/24,CDD-372.6,1. Língua Portuguesa (Ensino Fundamental) - Estudo e ensino 2. Educação de adultos,"MATTA, Sozângela Schemim da Matta",PORTUGUÊS: LINGUAGEM E INTERAÇÃO,ÚNICO,1,CURITIBA,BOLSA NACIONAL DO LIVRO LTDA,2009,DOAÇÃO: CORUJÃO DE INFORMÁTICA 6.0/2024,NÃO CONSTA,,
2579/2024,25/11/24,CDD-928.699,1. Escritores brasileiros: Biografia,"NETO, Lira",O INIMIGO DO REI: UMA BIOGRAFIA DE JOSÉ DE ALENCAR...,ÚNICO,1,SÃO PAULO,GLOBO,2006,DOAÇÃO: CORUJÃO DE INFORMÁTICA 6.0/2024,NÃO CONSTA,,
2580/2024,25/11/24,CDD-B869.8,1. Literatura brasileira - Miscelânea 2. Crônicas 3. Poesia,"SILVA, José Josival da",FUTEBOL: FILOSOFIA E POESIA,ÚNICO,1,JUAZEIRO DO NORTE,ECOPRINT GRÁFICA,2018,DOAÇÃO: CORUJÃO DE INFORMÁTICA 6.0/2024,NÃO CONSTA,,
2581/2024,25/11/24,CDD-398.20981,1. Brasil: Literatura de cordel: Folclore,"MARINHO, Ana Cristina",O CORDEL NO COTIDIANO ESCOLAR,ÚNICO,1,SÃO PAULO,CORTEZ,2012,DOAÇÃO: CORUJÃO DE INFORMÁTICA 6.0/2024,NÃO CONSTA,,
2582/2024,25/11/24,CDD-001.42,1. Metodologia 2. Pesquisa 3. Redação acadêmica,"XAVIER, Antônio Carlos",COMO FAZER E APRESENTAR TRABALHOS CIENTÍFICOS EM EVENTOS ACADÊMICOS,ÚNICO,1,RECIFE,RÊSPEL,2014,DOAÇÃO: CORUJÃO DE INFORMÁTICA 6.0/2024,22ª,,
2583/2024,25/11/24,CDD-001.42,1. Metodologia 2. Pesquisa 3. Redação acadêmica,"XAVIER, Antônio Carlos",COMO FAZER E APRESENTAR TRABALHOS CIENTÍFICOS EM EVENTOS ACADÊMICOS,ÚNICO,2,RECIFE,RÊSPEL,2010,DOAÇÃO: CORUJÃO DE INFORMÁTICA 6.0/2024,22ª,,
2584/2024,25/11/24,CDD-302,1. Educação de adultos: Psicologia social 2. Migração e educação de adultos: Psicologia social,"FROCHTENGARTEN, Fernando",CAMINHANDO SOBRE FRONTEIRAS: O PAPEL DA EDUCAÇÃO NA VIDA DE ADULTOS MIGRANTES,ÚNICO,1,SÃO PAULO,SUMMUS,2009,DOAÇÃO: CORUJÃO DE INFORMÁTICA 6.0/2024,NÃO CONSTA,,
2585/2024,25/11/24,CDD-869.3,1. Romances: Literatura portuguesa,"BRANCO, Camilo Castelo","CORAÇÃO, CABEÇA E ESTÔMAGO",ÚNICO,1,SÃO PAULO,DCL,2006,DOAÇÃO: CORUJÃO DE INFORMÁTICA 6.0/2024,NÃO CONSTA,,
2586/2024,25/11/24,CDD-869.3,1. Romances: Literatura portuguesa,"BRANCO, Camilo Castelo","CORAÇÃO, CABEÇA E ESTÔMAGO",ÚNICO,2,SÃO PAULO,DCL,2006,DOAÇÃO: CORUJÃO DE INFORMÁTICA 6.0/2024,NÃO CONSTA,,
2587/2024,25/11/24,CDD-410,1. Sistemas hipertexto 2. Ciberespaço 3. Retórica 4. Plágio 5. Redes sociais on-line,VÁRIOS AUTORES,"HIPERTEXTO E CIBERCULTURA: LINKS COM LITERATURA, PUBLICIDADE, PLÁGIO E REDES SOCIAIS",ÚNICO,1,SÃO PAULO,RESPEL,2011,DOAÇÃO: CORUJÃO DE INFORMÁTICA 6.0/2024,NÃO CONSTA,,
2588/2024,25/11/24,CDD-410,1. Sistemas hipertexto 2. Ciberespaço 3. Retórica 4. Plágio 5. Redes sociais on-line,VÁRIOS AUTORES,"HIPERTEXTO E CIBERCULTURA: LINKS COM LITERATURA, PUBLICIDADE, PLÁGIO E REDES SOCIAIS",ÚNICO,2,SÃO PAULO,RESPEL,2011,DOAÇÃO: CORUJÃO DE INFORMÁTICA 6.0/2024,NÃO CONSTA,,
2589/2024,25/11/24,CDD-B869.91,1. Literatura Brasileira - Poesia,"SILVA, Eliesio Alves da",A POESIA EM SONETOS: SENTIMENTOS NA TIMIDEZ,ÚNICO,1,FORTALEZA,PREMIUS,2020,DOAÇÃO: CORUJÃO DE INFORMÁTICA 6.0/2024,NÃO CONSTA,,
2590/2024,25/11/24,CDD-B869.91,1. Literatura Brasileira - Poesia,"SILVA, Eliesio Alves da",A POESIA EM SONETOS: SENTIMENTOS NA TIMIDEZ,ÚNICO,2,FORTALEZA,PREMIUS,2020,DOAÇÃO: CORUJÃO DE INFORMÁTICA 6.0/2024,NÃO CONSTA,,
2591/2024,25/11/24,CDD-869.91,1. Poesia brasileira,"OLIVEIRA, Raimundo Elesbão",A VIDA E O VERSO,ÚNICO,2,"CRATO, CE",EDITORA SONHOS,2009,DOAÇÃO: CORUJÃO DE INFORMÁTICA 6.0/2024,1ª,,
2592/2024,25/11/24,CDD-869.91,1. Poesia brasileira,"OLIVEIRA, Raimundo Elesbão",A VIDA E O VERSO,ÚNICO,3,"CRATO, CE",EDITORA SONHOS,2009,DOAÇÃO: CORUJÃO DE INFORMÁTICA 6.0/2024,1ª,,
2593/2024,25/11/24,CDD-469.8,1. Argumentação 2. Dissertações acadêmicas 3. Português - Estudo e ensino 4. Raciocínio 5. Textos,"XAVIER, Antônio Carlos",COMO SE FAZ UM TEXTO: A CONSTRUÇÃO DA DISSERTAÇÃO ARGUMENTATIVA,ÚNICO,1,"CATANDUVA, SP",RESPEL,2014,DOAÇÃO: CORUJÃO DE INFORMÁTICA 6.0/2024,7ª,,
2594/2024,25/11/24,CDD-469.8,1. Argumentação 2. Dissertações acadêmicas 3. Português - Estudo e ensino 4. Raciocínio 5. Textos,"XAVIER, Antônio Carlos",COMO SE FAZ UM TEXTO: A CONSTRUÇÃO DA DISSERTAÇÃO ARGUMENTATIVA,ÚNICO,2,"CATANDUVA, SP",RESPEL,2010,DOAÇÃO: CORUJÃO DE INFORMÁTICA 6.0/2024,5ª,,
2595/2024,25/11/24,CDU-159.922,1. Bullying 2. Agressividade na escola 3. Bullying - Prevenção,"MELO, Josvaldo Araújo de","BULLYING NA ESCOLA: COMO PREVENI-LO, COMO COMBATÊ-LO",ÚNICO,1,RECIFE,EDUPE,2010,DOAÇÃO: CORUJÃO DE INFORMÁTICA 6.0/2024,3ª,,
2596/2024,25/11/24,CDD-869.91,1. Haicai - Poesia 2. Poesia brasileira,"RUIZ S., Alice",CONVERSA DE PASSARINHOS,ÚNICO,2,SÃO PAULO,ILUMINURAS,2008,DOAÇÃO: CORUJÃO DE INFORMÁTICA 6.0/2024,NÃO CONSTA,,
2597/2024,28/11/24,CDD-028.5,1. Imortalidade - Literatura infantojuvenil,"THOMPSON, Colin",COMO VIVER PARA SEMPRE,ÚNICO,1,SÃO PAULO,BRINQUE-BOOK,2006,DOAÇÃO: CORUJÃO DE INFORMÁTICA 6.0/2024,NÃO CONSTA,,
2598/2024,28/11/24,CDD-304.2,1. Educação ambiental: Metodologia socioconstrutivista: Ecologia humana,VÁRIOS AUTORES,PROPOSTA METODOLÓGICA DE MACROEDUCAÇÃO,VOL. 2,1,SÃO PAULO,GLOBO,2004,DOAÇÃO: CORUJÃO DE INFORMÁTICA 6.0/2024,2ª,,
2599/2024,28/11/24,CDD-333.714,1. Ipacto ambiental: Intervenções antrópicas: Economia,VÁRIOS AUTORES,JULGAR - PERCEPÇÃO DO IMPACTO AMBIENTAL,VOL. 4,2,SÃO PAULO,GLOBO,2004,DOAÇÃO: CORUJÃO DE INFORMÁTICA 6.0/2024,2ª,,
2600/2024,28/11/24,CDD-333.7068,1. Gestão ambiental: Desenvolvimento sustentável: Educação ambiental: Economia,VÁRIOS AUTORES,AGIR - PERCEPÇÃO DA GESTÃO AMBIENTAL,VOL. 5,2,SÃO PAULO,GLOBO,2004,DOAÇÃO: CORUJÃO DE INFORMÁTICA 6.0/2024,2ª,,
2601/2024,28/11/24,CDD-339.47,1. Consumo (Economia) - Aspectos morais e éticos 2. Consumo (Economia) - Aspectos ambientais 3. Consumo (Economia) - Aspectos sociais 4. Desenvolvimento sustentável,"LEONARD, Annie","A HISTÓRIA DAS COISAS: DA NATUREZA AO LIXO, O QUE ACONTECE COM TUDO QUE CONSUMIMOS",ÚNICO,2,RIO DE JANEIRO,ZAHAR,2011,DOAÇÃO: CORUJÃO DE INFORMÁTICA 6.0/2024,NÃO CONSTA,,
2602/2024,28/11/24,CDD-158,1. Autorrealização (Psicologia),"BUCAY, Jorge",QUANDO ME CONHECI,ÚNICO,1,RIO DE JANEIRO,SEXTANTE,2011,DOAÇÃO: CORUJÃO DE INFORMÁTICA 6.0/2024,NÃO CONSTA,,
2603/2024,28/11/24,CDD-028.5,1. Ficção: Literatura infantojuvenil,"PRIETO, Heloisa",ANDARILHAS,ÚNICO,1,SÃO PAULO,EDIÇÕES SM,2015,DOAÇÃO: CORUJÃO DE INFORMÁTICA 6.0/2024,1ª,,
2604/2024,28/11/24,CDD-028.5,1. Literatura juvenil,"GUIMARÃES, Telma",MEU AVÔ E EU,ÚNICO,1,SÃO PAULO,FTD,2018,DOAÇÃO: CORUJÃO DE INFORMÁTICA 6.0/2024,2ª,,
2605/2024,28/11/24,CDD-800,1. Literatura: Contos,VÁRIOS AUTORES,CUPIDO E PSIQUÊ E OUTRAS NARRATIVAS DA LITERATURA MUNDIAL,ÚNICO,1,SÃO PAULO,OBJETIVO,NÃO CONSTA,DOAÇÃO: CORUJÃO DE INFORMÁTICA 6.0/2024,NÃO CONSTA,,
2606/2024,28/11/24,CDD-028.5,1. Literatura juvenil,"GALDINO, Luiz",A DIVINA COMÉDIA ADAPTADA,ÚNICO,1,SÃO PAULO,ESCALA EDUCACIONAL,2006,DOAÇÃO: CORUJÃO DE INFORMÁTICA 6.0/2024,NÃO CONSTA,,
2607/2024,28/11/24,CDD-306.60981,1. Atualidades - Brasil 2. Sociedade - Brasil 3. Política - Brasil,"SHEHERAZADE, Rachel",O BRASIL TEM CURA,ÚNICO,1,SÃO PAULO,MUNDO CRISTÃO,2015,DOAÇÃO: CORUJÃO DE INFORMÁTICA 6.0/2024,1ª,,
2608/2024,28/11/24,CDD-028.5,1. Literatura juvenil,"MARTINELLI, Tânia Alexandre",E-MÃE: A INTERNET ME APRONTOU UMA,ÚNICO,1,SÃO PAULO,SCIPIONE,2002,DOAÇÃO: CORUJÃO DE INFORMÁTICA 6.0/2024,1ª,,
2609/2024,28/11/24,CDD-649.65,1. Pais e filhos: Orientação sexual,"LEVIN, Diane E.",A INFÂNCIA PERDIDA: COMO ORIENTAR NOSSAS CRIANÇAS NA ERA DA SEXUALIDADE PRECOCE,ÚNICO,1,SÃO PAULO,EDITORA GENTE,2009,DOAÇÃO: CORUJÃO DE INFORMÁTICA 6.0/2024,NÃO CONSTA,,
2610/2024,28/11/24,CDD-370,1. Educação,VÁRIOS AUTORES,"LITERATURA CEARENSE: O MODERNO, NARRANDO O CLÁSSICO",ÚNICO,1,"PARÁ DE MINAS, MG",VIRTUALBOOKS,2020,DOAÇÃO: CORUJÃO DE INFORMÁTICA 6.0/2024,1ª,,
2611/2024,28/11/24,CDD-248.2,"1. Literatura devocional 2. Poesia 3, Vida Cristã",VÁRIOS AUTORES,OLHAI PARA OS LÍRIOS DO CAMPO,ÚNICO,1,"ITAPIRA, SP",UPBOOKS,2020,DOAÇÃO: CORUJÃO DE INFORMÁTICA 6.0/2024,1ª,,
2612/2024,28/11/24,CDD-028.5,1. Literatura infantojuvenil,"PANNUNZIO, Martha Azevedo",ERA UMA VEZ UM RIO,ÚNICO,1,RIO DE JANEIRO,JOSÉ OLYMPIO,2013,DOAÇÃO: CORUJÃO DE INFORMÁTICA 6.0/2024,9ª,,
2613/2024,28/11/24,CDD-028.5,1. Ficção: Literatura juvenil,"TETZNER, Lisa",IRMÃOS PRETOS,ÚNICO,1,SÃO PAULO,EDIÇÕES SM,2006,DOAÇÃO: CORUJÃO DE INFORMÁTICA 6.0/2024,1ª,,
2614/2024,28/11/24,CDD-868,1. Máximas espanholas,"GRACIÁN Y MORALES, Baltasar",A ARTE DA SABEDORIA,ÚNICO,1,BRASIL,PÉ DE LETRA,2021,DOAÇÃO: CORUJÃO DE INFORMÁTICA 6.0/2024,NÃO CONSTA,,
2615/2024,28/11/24,CDD-028.5,1. Literatura infantojuvenil,"SOUZA, Flavio de","UMA MENINA, UM MENINO",ÚNICO,1,SÃO PAULO,SCIPIONE,2003,DOAÇÃO: CORUJÃO DE INFORMÁTICA 6.0/2024,1ª,,
2616/2024,09/12/24,CDD-158.1,1. Sucesso,"LAGES, Patrícia",O SUCESSO NÃO CABE NA BOLSA,ÚNICO,1,SÃO PAULO,HAGNOS,2018,DOAÇÃO: CORUJÃO DE INFORMÁTICA 6.0/2024,NÃO CONSTA,,
2617/2024,09/12/24,CDD-869.91,1. Poesia brasileira,"QUINTANA, Mario",ESPELHO MÁGICO,ÚNICO,1,SÃO PAULO,GLOBO,2005,DOAÇÃO: CORUJÃO DE INFORMÁTICA 6.0/2024,2ª,,
2618/2024,09/12/24,CDD-813.52,1. Ficção fantástica americana,"MARION, Isaac",SANGUE QUENTE,ÚNICO,1,SÃO PAULO,LEYA,2011,DOAÇÃO: CORUJÃO DE INFORMÁTICA 6.0/2024,NÃO CONSTA,,
2619/2024,09/12/24,CDD-158.1,1. Autoconsciência 2. Filosofia da mente 3. Teoria do autoconhecimento,"CURY, Augusto",ANSIENDADE: COMO ENFRENTAR O MAL DO SÉCULO,ÚNICO,1,SÃO PAULO,SARAIVA,2015,DOAÇÃO: CORUJÃO DE INFORMÁTICA 6.0/2024,1ª,,
2620/2024,09/12/24,CDD-869.93,1. Romance brasileiro,"VARELA, Gabriela Hammes",MUNDO NUMÉRICO,ÚNICO,1,SÃO PAULO,PANDORGA,2016,DOAÇÃO: CORUJÃO DE INFORMÁTICA 6.0/2024,1ª,,
2621/2024,09/12/24,CDD-079.81,1. Reportagens e repórteres - Brasil,"CRUZ, Christian Carvalho","ENTRETANTO, FOI ASSIM QUE ACONTECEU: QUANDO A NOTÍCIA É SÓ O COMEÇO DE UMA HISTÓRIA",ÚNICO,1,PORTO ALEGRE,ARQUIPÉLAGO EDITORIAL,2011,DOAÇÃO: CORUJÃO DE INFORMÁTICA 6.0/2024,NÃO CONSTA,,
2622/2024,09/12/24,CDD-028.5,1. Literatura juvenil,"BLOCH, Pedro","PAI, ME COMPRA UM AMIGO?",ÚNICO,1,NÃO CONSTA,EDIOURO,NÃO CONSTA,DOAÇÃO: CORUJÃO DE INFORMÁTICA 6.0/2024,NÃO CONSTA,,
2623/2024,09/12/24,CDD-028.5,1. Literatura juvenil,"NICOLELIS, Giselda Laporta",UM DIA EM TUAS MÃOS,ÚNICO,1,SÃO PAULO,QUINTETO,2003,DOAÇÃO: CORUJÃO DE INFORMÁTICA 6.0/2024,NÃO CONSTA,,
2624/2024,09/12/24,CDD-028.5,1. Literatura infantojuvenil brasileira,"SILVEIRA, Maria José",A TRÁGICA ESCOLHA DE LUPICÍNIO JOÃO,ÚNICO,1,SÃO PAULO,SCIPIONE,2013,DOAÇÃO: CORUJÃO DE INFORMÁTICA 6.0/2024,1ª,,
2625/2024,09/12/24,CDD-869.0,1. Literatura brasileira 2. Humor 3. Sátiras,"JELIN, Israel",FÁBULAS ENTORTADAS,ÚNICO,1,"SABARÁ, MG",DUBOLSINHO,2012,DOAÇÃO: CORUJÃO DE INFORMÁTICA 6.0/2024,NÃO CONSTA,,
2626/2024,09/12/24,CDD-869.91,1. Poesia brasileira,"SOUSA, Cruz e",BROQUÉIS E FARÓIS,ÚNICO,1,SÃO PAULO,DCL,2006,DOAÇÃO: CORUJÃO DE INFORMÁTICA 6.0/2024,NÃO CONSTA,,
2627/2024,09/12/24,CDD-028.5,1. Literatura juvenil,"SIQUEIRA, Anna Catharina",AGORA OU NUNCA,ÚNICO,1,SÃO PAULO,SCIPIONE,2003,DOAÇÃO: CORUJÃO DE INFORMÁTICA 6.0/2024,1ª,,
2628/2024,09/12/24,CDD-028.5,1. Literatura juvenil,"GOMES, Álvaro Cardoso",A HORA DO AMOR,ÚNICO,1,SÃO PAULO,FTD,2001,DOAÇÃO: CORUJÃO DE INFORMÁTICA 6.0/2024,NÃO CONSTA,,
2629/2024,09/12/24,CDD-028.5,1. Literatura juvenil,"BRAZ, Júlio Emílio",CENAS URBANAS,ÚNICO,1,SÃO PAULO,SCIPIONE,2000,DOAÇÃO: CORUJÃO DE INFORMÁTICA 6.0/2024,2ª,,
2630/2024,09/12/24,CDD-028.5,1. Literatura juvenil,"BUSIN, Valéria Melki",QUER TC COMIGO?,ÚNICO,1,SÃO PAULO,SCIPIONE,2003,DOAÇÃO: CORUJÃO DE INFORMÁTICA 6.0/2024,1ª,,
2631/2024,09/12/24,CDD-843,1. Ficção francesa,"SAINT-EXUPÉRY, Antoine de",O PEQUENO PRÍNCIPE,ÚNICO,6,RIO DE JANEIRO,AGIR,2003,DOAÇÃO: CORUJÃO DE INFORMÁTICA 6.0/2024,1ª,,
2632/2024,09/12/24,CDD-028.5,1. Televisão - Aspectos sociais - Literatura infantojuvenil,"NOVAES, Carlos Eduardo",O MENINO SEM IMAGINAÇÃO,ÚNICO,1,SÃO PAULO,ÁTICA,2008,DOAÇÃO: CORUJÃO DE INFORMÁTICA 6.0/2024,13ª,,
2633/2024,09/12/24,CDD-028.5,1. Literatura infantojuvenil irlandesa,"SWIFT, Jonathan",VIAGENS DE GULLIVER,ÚNICO,3,NÃO CONSTA,OBJETIVO,NÃO CONSTA,DOAÇÃO: CORUJÃO DE INFORMÁTICA 6.0/2024,NÃO CONSTA,,
2634/2024,09/12/24,CDD-813,1. Ficção americana,"L'ENGLE, Madeleine",UM PLANETA EM SEU GIRO VELOZ,VOL. 3,1,RIO DE JANEIRO,HARPER COLLINS,2018,DOAÇÃO: CORUJÃO DE INFORMÁTICA 6.0/2024,1ª,,
2635/2024,09/12/24,CDD-028.5,1. Literatura infantil,"RAMOS, Ricardo",DESCULPE A NOSSA FALHA,ÚNICO,1,SÃO PAULO,ANGLO,2013,DOAÇÃO: CORUJÃO DE INFORMÁTICA 6.0/2024,1ª,,
2636/2024,09/12/24,CDD-028.5,1. Literatura infantojuvenil,"QUILT, Linda",HISTÓRIAS ARREPIANTES DE CRIANÇAS-PRODÍGIO,ÚNICO,2,SÃO PAULO,COMPANHIA DAS LETRAS,2011,DOAÇÃO: CORUJÃO DE INFORMÁTICA 6.0/2024,NÃO CONSTA,,
2637/2024,09/12/24,CDD-028.5,1. Ficção: literatura juvenil,"CARVALHO, Lucas M.",DESLUMBRES E ASSOMBROS,ÚNICO,1,SÃO PAULO,EDIÇÕES SM,2017,DOAÇÃO: CORUJÃO DE INFORMÁTICA 6.0/2024,1ª,,
2638/2024,09/12/24,CDD-028.5,1. Ficção: Literatura juvenil,"REZENDE, Stella Maris",A FILHA DA VENDEDORA DE CRISÂNTEMOS,ÚNICO,1,SÃO PAULO,PAULUS,2008,DOAÇÃO: CORUJÃO DE INFORMÁTICA 6.0/2024,1ª,,
2639/2024,09/12/24,CDD-800,1. Literatura 2. Crônicas,"SALGUEIRO, Pedro",DOS VALORES DO INIMIGO,ÚNICO,1,FORTALEZA,EDITORA UFC,2005,DOAÇÃO: CORUJÃO DE INFORMÁTICA 6.0/2024,NÃO CONSTA,,
2640/2024,09/12/24,CDD-028.5,1. Ficção: literatura juvenil,"BANDEIRA, Pedro",GENTE DE ESTIMAÇÃO,ÚNICO,1,SÃO PAULO,ÁTICA,2008,DOAÇÃO: CORUJÃO DE INFORMÁTICA 6.0/2024,4ª,,
2641/2024,09/12/24,CDD-028.5,1. Literatura juvenil,"SANTOS, Ilsa Lima Monteiro",QUEM FICA COM FELIPE?,ÚNICO,1,SÃO PAULO,FTD,1999,DOAÇÃO: CORUJÃO DE INFORMÁTICA 6.0/2024,6ª,,
2642/2024,09/12/24,CDD-869.3,1. Conto português,"TORGA, Miguel",CONTOS DA MONTANHA,ÚNICO,1,RIO DE JANEIRO,NOVA FRONTEIRA,1996,DOAÇÃO: CORUJÃO DE INFORMÁTICA 6.0/2024,NÃO CONSTA,,
2643/2024,09/12/24,CDD-928.699,1. Autores americanos 2. Livros e leitura - Estados Unidos 3. Literatura americana,"KING, Stephen",SOBRE A ESCRITA,ÚNICO,1,RIO DE JANEIRO,OBJETIVA,2015,DOAÇÃO: CORUJÃO DE INFORMÁTICA 6.0/2024,1ª,,
2644/2024,09/12/24,CDD-869.915,1. Poesia brasileira,"MEIRELES, Cecília",OS MELHORES POEMAS DE CECÍLIA MEIRELES,ÚNICO,1,SÃO PAULO,GLOBAL,2002,DOAÇÃO: CORUJÃO DE INFORMÁTICA 6.0/2024,14ª,,
2645/2024,09/12/24,CDD-028.5,1. Literatura juvenil,"CLAVER, Ronald",DIÁRIO DO OUTRO,ÚNICO,2,SÃO PAULO,SARAIVA,2004,DOAÇÃO: CORUJÃO DE INFORMÁTICA 6.0/2024,15ª,,
2646/2024,09/12/24,CDD-028.5,1. Literatura infantojuvenil,"OLIVEIRA, Alan",O SACI EPAMINONDAS,ÚNICO,1,SÃO PAULO,GAIVOTA,2013,DOAÇÃO: CORUJÃO DE INFORMÁTICA 6.0/2024,NÃO CONSTA,,
2647/2024,09/12/24,CDD-028.5,1. Literatura juvenil,"NEIRA CRUZ, Xosé A. ",O ARMINHO DORME,ÚNICO,1,SÃO PAULO,COMBOIO DE CORDA,2009,DOAÇÃO: CORUJÃO DE INFORMÁTICA 6.0/2024,1ª,,
2648/2024,09/12/24,CDD-869.98,1. Crônica brasilera,"VERISSIMO, Luis Fernando",AMOR VERISSIMO,ÚNICO,1,RIO DE JANEIRO,OBJETIVA,2013,DOAÇÃO: CORUJÃO DE INFORMÁTICA 6.0/2024,1ª,,
2649/2024,09/12/24,CDD-921.1685882,1. Autismo - pacientes - biografia 2. Mutismo seletivo 3. Relação homeme-animal,"DILLON, Jayne",OS GATOS NUNCA MENTEM SOBRE O AMOR,ÚNICO,1,SÃO PAULO,UNIVERSO DOS LIVROS,2013,DOAÇÃO: CORUJÃO DE INFORMÁTICA 6.0/2024,NÃO CONSTA,,
2650/2024,09/12/24,CDD-236,1. Escatologia: Cristianismo,"WHITE, Ellen G.",O GRANDE CONFLITO,ÚNICO,1,"TATUÍ, SP",CASA PUBLICADORA BRASILEIRA,2022,DOAÇÃO: CORUJÃO DE INFORMÁTICA 6.0/2024,1ª,,
2651/2024,09/12/24,CDD-028.5,1. Literatura juvenil,"BRAZ, Júlio Emílio",UMA PEQUENA HISTÓRIA DE NATAL,ÚNICO,1,SÃO PAULO,ATUAL,2009,DOAÇÃO: CORUJÃO DE INFORMÁTICA 6.0/2024,22ª,,
2652/2024,09/12/24,CDD-028.5,1. Literatura juvenil,"PATRIOTA, Margarida",A GUERRA DAS SABIDAS CONTRA OS ATLETAS VAGAIS,ÚNICO,1,SÃO PAULO,SARAIVA,2005,DOAÇÃO: CORUJÃO DE INFORMÁTICA 6.0/2024,NÃO CONSTA,,
2653/2024,09/12/24,CDD-82-94,1. Literatura brasileira - Memórias e citações,"FURTADO, Alencar",UM POUCO DE MUITOS: MEMORIZANDO,ÚNICO,1,BRASÍLIA,THESAURUS,2017,DOAÇÃO: CORUJÃO DE INFORMÁTICA 6.0/2024,NÃO CONSTA,,
2654/2024,09/12/24,CDD-869.915,1. Poesia brasileira,"RIBEIRO, Cleilson",O SILÊNCIO LAMINADO NO CASULO,ÚNICO,1,"BARRO, CEARÁ",BUREAU DE SERVIÇOS GRÁFICOS,2011,DOAÇÃO: CORUJÃO DE INFORMÁTICA 6.0/2024,NÃO CONSTA,,
2655/2024,10/12/24,CDD-028.5,1. Contos: Antologia: Literatura infantojuvenil,VÁRIOS AUTORES,UM FIO DE PROSA,ÚNICO,1,SÃO PAULO,GLOBAL,2004,DOAÇÃO: CORUJÃO DE INFORMÁTICA 6.0/2024,1ª,,
2656/2024,10/12/24,CDD-028.5,1. Literatura juvenil,"MACHADO, Ana Maria",DE OLHO NAS PENAS,ÚNICO,1,SÃO PAULO,PITANGUÁ,2018,DOAÇÃO: CORUJÃO DE INFORMÁTICA 6.0/2024,1ª,,
2657/2024,10/12/24,CDD-028.5,1. Literatura juvenil: Contos,"BRAZ, Júlio Emílio",CENAS URBANAS,ÚNICO,2,SÃO PAULO,SCIPIONE,2000,DOAÇÃO: CORUJÃO DE INFORMÁTICA 6.0/2024,2ª,,
2658/2024,10/12/24,CDD-133.9,1. Espiritismo 2. Romance brasileiro,"GASPARETTO, Zibia",SÓ O AMOR CONSEGUE,ÚNICO,1,SÃO PAULO,CONSCIÊNCIA & VIDA,2015,DOAÇÃO: CORUJÃO DE INFORMÁTICA 6.0/2024,1ª,,
2659/2024,10/12/24,CDD-891.73,1. Literatura russa,"TOLSTÓI, Lev",A MORTE DE IVAN ILITCH,ÚNICO,2,SÃO PAULO,EDITORA 34,2009,DOAÇÃO: CORUJÃO DE INFORMÁTICA 6.0/2024,2ª,,
2660/2024,10/12/24,CDD-At833,1. Literatura austríaca,"KAFKA, Franz",A METAMORFOSE,ÚNICO,2,SÃO PAULO,PÉ DA LETRA,2017,DOAÇÃO: CORUJÃO DE INFORMÁTICA 6.0/2024,NÃO CONSTA,,
2661/2024,10/12/24,CDD-133.93,1. Romances espíritas psicografados: Espiritismo,"CASTRO, Mônica de",ATÉ QUE A VIDA OS SEPARE,ÚNICO,1,SÃO PAULO,CENTRO DE ESTUDOS VIDA & CONSCIÊNCIA,2008,DOAÇÃO: CORUJÃO DE INFORMÁTICA 6.0/2024,1ª,,
2662/2024,10/12/24,CDD-981.31,1. Ceará: História,"CARVALHO, Elisandro","NOTAS PARA A HISTÓRIA DOS MUNICÍPIOS DE ARARIPE, SABOEIRO E ASSARÉ",ÚNICO,1,JUAZEIRO DO NORTE,BUREAU DE SERVIÇOS GRÁFICOS,2013,DOAÇÃO: CORUJÃO DE INFORMÁTICA 6.0/2024,NÃO CONSTA,,
2663/2024,10/12/24,CDD-869.3,1. Romances português,"GARRETT, Almeida",VIAGENS NA MINHA TERRA,ÚNICO,1,SÃO PAULO,RIDEEL,2000,DOAÇÃO: CORUJÃO DE INFORMÁTICA 6.0/2024,1ª,,
2664/2024,10/12/24,CDD-028.5,1. Ficção infantojuvenil,"FERNÁNDEZ SERRANO, Jacobo",MIL COISAS PODEM ACONTECER,ÚNICO,1,BELO HORIZONTE,AUTÊNTICA,2012,DOAÇÃO: CORUJÃO DE INFORMÁTICA 6.0/2024,NÃO CONSTA,,
2665/2024,10/12/24,CDD-028.5,1. Literatura juvenil,"CARR, Stella",OS CRIMINOSOS VIERAM PARA O CHÁ,ÚNICO,1,SÃO PAULO,FTD,1999,DOAÇÃO: CORUJÃO DE INFORMÁTICA 6.0/2024,6ª,,
2666/2024,10/12/24,CDD-028.5,1. Pais e filhos - Ficção infantojuvenil brasileira,"BRÁZ, Júlio Emílio","FALA COMIGO, PAI!",ÚNICO,1,RIO DE JANEIRO,ROVELLE,2011,DOAÇÃO: CORUJÃO DE INFORMÁTICA 6.0/2024,1ª,,
2667/2024,10/12/24,CDD-B869.3,1. Novela brasileira,"DANTAS, Cristiane",MADALENA,ÚNICO,1,BRASÍLIA,MEC,2006,DOAÇÃO: CORUJÃO DE INFORMÁTICA 6.0/2024,1ª,,
2668/2024,10/12/24,CDD-028.55,1. Livros e leitura - Literatura infantil,"PARREIRAS, Ninfa","DO VENTRE AO COLO, DO SOM A LITERATURA: LIVROS PARA BEBÊS E CRIANÇAS",ÚNICO,2,BELO HORIZONTE,RHJ,2012,DOAÇÃO: CORUJÃO DE INFORMÁTICA 6.0/2024,1ª,,
2669/2024,10/12/24,CDD-658.4012,1. Administração: Negócios,"AUGUSTO, Flávio",PONTO DE INFLEXÃO,ÚNICO,1,SÃO PAULO,BUZZ EDITORA,2018,DOAÇÃO: CORUJÃO DE INFORMÁTICA 6.0/2024,NÃO CONSTA,,
2670/2024,10/12/24,CDD-028.5,1. Matemática recreativa - Literatura infantojuvenil,"FRABETTI, Carlo",ALICE NO PAÍS DOS NÚMEROS,ÚNICO,1,SÃO PAULO,ÁTICA,2009,DOAÇÃO: CORUJÃO DE INFORMÁTICA 6.0/2024,2ª,,
2671/2024,10/12/24,CDD-028.5,1. Literatura juvenil,"SCLIAR, Moacyr",ATAQUE DO COMANDO P.Q.,ÚNICO,1,SÃO PAULO,ÁTICA,2001,DOAÇÃO: CORUJÃO DE INFORMÁTICA 6.0/2024,NÃO CONSTA,,
2672/2024,10/12/24,CDD-028.5,1. Literatura infantojuvenil,"ALBERGARIA, Lino de",MARIA POLIANA,ÚNICO,1,BELO HORIZONTE,FORMATO EDITORIAL,1997,DOAÇÃO: CORUJÃO DE INFORMÁTICA 6.0/2024,5ª,,
2673/2024,10/12/24,CDD-028.5,1. Ficção infantojuvenil: Contos,VÁRIOS AUTORES,ERA UMA VEZ À MEIA-NOITE,ÚICO,1,RIO DE JANEIRO,BESTSELLER,2012,DOAÇÃO: CORUJÃO DE INFORMÁTICA 6.0/2024,1ª,,
2674/2024,10/12/24,CDD-800,1. Contos,"VASCONCELLOS, Paulo Sérgio de",AS MIL E UMA NOITES: CONTOS SELECIONADOS,ÚNICO,1,NÃO CONSTA,SOL,NÃO CONSTA,DOAÇÃO: CORUJÃO DE INFORMÁTICA 6.0/2024,NÃO CONSTA,,
2675/2024,10/12/24,CDD-370.71,1. Professores: Capacitação profissional: Educação,"TEBEROSKY, Ana",PALAVRAS ÀS PROFESSORAS QUE ENSINAM A LER E ESCREVER,ÚNICO,1,SÃO PAULO,MODERNA,2020,DOAÇÃO: CORUJÃO DE INFORMÁTICA 6.0/2024,1ª,,
2676/2024,10/12/24,CDD-869.04,1. Literatura brasileira,"PESSOA, Fernando",O MARINHEIRO E OUTROS TEXTOS DRAMÁTICOS,ÚNICO,1,"JANDIRA, SP",PRINCIPIS,2021,DOAÇÃO: CORUJÃO DE INFORMÁTICA 6.0/2024,1ª,,
2677/2024,10/12/24,CDD-028.5,1. Literatura infantojuvenil,"ZOMBIE, Zack",DIÁRIO DE UM ZUMBI DO MINECRAFT: PARCEIROS E RIVAIS,ÚNICO,1,RIO DE JANEIRO,SEXTANTE,2017,DOAÇÃO: CORUJÃO DE INFORMÁTICA 6.0/2024,NÃO CONSTA,,
2678/2024,10/12/24,CDD-028.5,1. Literatura infantojuvenil,"MODERNELL, Renato",A ILHA DO TESOURO,ÚNICO,1,SÃO PAULO,COMPANHIA EDITORA NACIONAL,2005,DOAÇÃO: CORUJÃO DE INFORMÁTICA 6.0/2024,NÃO CONSTA,,
2679/2024,10/12/24,CDD-741.5,1. Histórias em quadrinhos,"HARRAR, Andrew",A ILHA DO TESOURO,ÚNICO,2,SÃO PAULO,FAROL LITERÁRIO,2010,DOAÇÃO: CORUJÃO DE INFORMÁTICA 6.0/2024,1ª,,
2680/2024,10/12/24,CDD-028.5,1. Ficção: literatura juvenil,"VERNE, Júlio ",FRRITT-FLACC,ÚNICO,1,SÃO PAULO,PULO DO GATO,2012,DOAÇÃO: CORUJÃO DE INFORMÁTICA 6.0/2024,1ª,,
2681/2024,10/12/24,CDD-232.954,1. Romance brasileiro,"CURY, Augusto",O HOMEM MAIS IMPORTANTE DA HISTÓRIA,ÚNICO,1,RIO DE JANEIRO,SEXTANTE,2017,DOAÇÃO: CORUJÃO DE INFORMÁTICA 6.0/2024,,,
2682/2024,10/12/24,CDD-868,1. Máximas espanholas,"GRACIÁN Y MORALES, Baltasar",A ARTE DA SABEDORIA,ÚNICO,2,"BARUERI, SP",FARO EDITORIAL,2018,DOAÇÃO: CORUJÃO DE INFORMÁTICA 6.0/2024,1ª,,
2683/2024,10/12/24,CDD-028.5,1. Literatura juvenil,"CHIAVENATO, Júlio José",DOCE MANUELA,ÚNICO,1,SÃO PAULO,MODERNA,1992,DOAÇÃO: CORUJÃO DE INFORMÁTICA 6.0/2024,NÃO CONSTA,,
2684/2024,10/12/24,CDU-159.9,1. Logoterapia 2. Psicologia 3. Psiquiatria,"FRANKL, Viktor E.",EM BUSCA DE SENTIDO,ÚNICO ,2,"PETRÓPOLIS, RJ",VOZES,2017,LEGADO LITERÁRIO: JOÃO VICTOR (DCC),42ª,,
2685/2025,11/09/25,CDD-823,1. Ficção inglesa 2. Literatura inglesa - Romance,"BRONTE, Emily",MORRO DOS VENTOS UIVANTES,ÚNICO,3,"BARUERI, SP",CAMELOT,2019,DOAÇÃO: ALUNA MARIA ISABELA DE LIMA ALENCAR (INFORMÁTICA),NÃO CONSTA,,
2686/2025,11/09/25,CDD-028.5,1. Literatura infantojuvenil,"MONTGOMERY, Lucy Maud",ANNE DE GREEN GABLES,VOL. 1,4,"JANDIRA, SP",PRINCIPIS,2021,DOAÇÃO: ALUNA MARIA ISABELA DE LIMA ALENCAR (INFORMÁTICA),1ª,,
2687/2026,24/02/26,CDD-560.981,1. Chapada do Araripe - Brasil. 2. Cretáceo. 3. Fósseis. 4. Paleontologia,"KELLNER, Alexander Wilhelm Armin",FÓSSEIS DA CHAPADA DO ARARIPE: UMA ODISSEIA NO CRETÁCEO,ÚNICO,1,CURITIBA,PRÓ-IMAGEM PRODUÇÕES FOTOGRÁFICAS,2019,LEGADO LITERÁRIO: TURMA DE INFORMÁTICA 2023-2025,NÃO CONSTA,,
2688/2026,24/02/26,CDD-B869.1,1. Literatura Brasileira. 2. Poesia,"DODOU, Antônio Romero Siqueira",ANTOLOGIA POÉTICA: ESCRITORES DO CARIRI,ÚNICO,2,CRATO,A PROVÍNCIA,2019,LEGADO LITERÁRIO: TURMA DE INFORMÁTICA 2023-2025,NÃO CONSTA,,
2689/2026,24/02/26,CDD-823,1. Ficção Inglesa - Romance,"WELLS, Herbert George",A MÁQUINA DO TEMPO,ÚNICO,1,SÃO PAULO,PÉ DA LETRA,2019,,NÃO CONSTA,,
2690/2026,18/03/26,CDD-813,1. FICÇÃO AMERICANA,"GREEN, JOHN",QUEM É VOCÊ ALASCA?,ÚNICO,1,RIO DE JANEIRO,INTRÍNSECA,2014,,2ª,,
2691/2026,18/03/26,CDD-332.02401,1. MOEDAS - ASPECTOS PSICOLÓGICOS. 2. MILIONÁRIOS - PSICOLOGIA. 3. RICOS - PSICOLOGIA. 4. RIQUEZA -ASPECTOS PSICOLÓGICOS. 5. CAPITALISTAS E FINANÇAS - PSICOLOGIA. 6. SUCESSO NOS NEGÓCIOS,"EKER, T. HARV",OS SEGREDOS DA MENTE MILIONÁRIA,ÚNICO,2,RIO DE JANEIRO,SEXTANTE,2006,,NÃO CONSTA,,
2692/2026,18/03/26,CDD-028.5,1. LITERATURA JUVENIL,"VAZ, FERNANDO",SABOR DE VITÓRIA,ÚNICO,1,SÃO PAULO,SARAIVA,1999,,4ª,,
2693/2026,18/03/26,CDD-028.5,1. LITERATURA JUVENIL,"VASCONCELOS, José Mauro de",O MEU PÉ DE LARANJA LIMA,ÚNICO,1,SÃO PAULO,MELHORAMENTOS,2005,,3ª,,
2694/2026,18/03/26,CDD843,1. FICÇÃO FRANCESA,"VERNE, Júlio ",A VOLTA AO MUNDO EM 80 DIAS,ÚNICO,2,"COTIA, SP",PÉ DA LETRA,2018,,1ª,,
2695/2026,18/03/26,CDD-813,1. FICÇÃO: LITERATURA NORTE-AMERICANA,"DONLEA, CHARLIE",A GAROTA DO LAGO,ÚNICO,6,"BARUERI, SP",FARO EDITORIAL,2017,,1ª,,
2696/2026,18/03/26,CDD-869.93081,1. ROMANCE HISTÓRICO: LITERATURA BRASILEIRA,"STUMPF, RICARDO",NAÇÃO: A FLOR DO ESPÍRITO,ÚNICO,1,"BARUERI, SP",NOVO SÉCULO EDITORA,2015,,NÃO CONSTA,,
2697/2026,18/03/26,CDD-233,1. HABITAT HUMANO: ANTROPOLOGIA BÍBLICA: CRISTIANISMO,"CAMPOS, HEBER CARLOS DE",O HABITAT HUMANO,ÚNICO,1,SÃO PAULO,HAGNOS,2011,,1ª,,
2698/2026,20/03/26,CDD-320.56,1. RACISMO,QOT,AGORA TUDO É RACISMO,ÚNICO,1,"BAURU, SP",ASTRAL CULTURAL,2023,"RESSARCIMENTO DO LIVRO ""O AVESSO DA PELE)",NÃO CONSTA,,
2699/2026,20/03/26,CDD-869.1,1. LITERATURA PORTUGUESA - POESIAS,"PESSOA, Fernando",POESIAS,VOL. 2,1,PORTO ALEGRE,L&PM,2024,DOAÇÃO DO PROFESSOR ROBSON,NÃO CONSTA,,
2700/2026 ,20/03/26,CDD-658.404,1. RESPONSABILIDADE SOCIAL DA EMPRESA. 2. ÉTICA EMPRESARIAL. 3. RIQUEZA,"CLASON, GEORGE SAMUEL",O HOMEM MAIS RICO DA BABILÔNIA,ÚNICO,1,RIO DE JANEIRO,HARPER COLLINS,2017,DOAÇÃO DO PROFESSOR JOAQUIM,1ª,,
2701/2026,20/03/26,CDD-869.3,1. ROMANCE BRASILEIRO,"LISPECTOR, CLARICE",A HORA DA ESTRELA,ÚNICO,2,RIO DE JANEIRO,ROCCO,2020,DOAÇÃO DE JOÃO FRANCISCO,1ª,,
2702/2026,20/03/26,CDD-869.3,1. ROMANCE BRASILEIRO,"LISPECTOR, CLARICE",A PAIXÃO SEGUNDO G.H.,ÚNICO,1,RIO DE JANEIRO,ROCCO,2020,DOAÇÃO DA PROFESSORA TONILDA,1ª,,
2703/2026,20/03/26,CDD-869.8992,1. LITERATURA BRASILEIRA: ROMANCE,"ALMEIDA, JÚLIA LOPES DE",FALÊNCIA,ÚNICO,1,"JANDIRA, SP",PRINCIPIS,2019,DOAÇÃO DOS PROFESSORES,2ª,,
2704/2026,20/03/26,CDD-869.8992,1. LITERATURA BRASILEIRA: ROMANCE,"ALMEIDA, JÚLIA LOPES DE",A INTRUSA,ÚNICO,1,"JANDIRA, SP",PRINCIPIS,2019,DOAÇÃO DOS PROFESSORES,1ª,,
2705/2026,20/03/26,CDD-869.8992,1. LITERATURA BRASILEIRA: ROMANCE,"ALMEIDA, JÚLIA LOPES DE",A VIÚVA SIMÕES,ÚNICO,1,"JANDIRA, SP",PRINCIPIS,2019,DOAÇÃO DOS PROFESSORES,1ª,,
2706/2026,20/03/26,CDD-891.7,1. LITERATURA RUSSA: CONTOS,"TOLSTÓI, LEV",DE QUANTA TERRA PRECISA UM HOMEM? E OUTRAS HISTÓRIAS,ÚNICO,1,"JANDIRA, SP",PRINCIPIS,2021,DOAÇÃO DA PROFSSORA CICINHA,1ª,,
2707/2026,20/03/26,CDD-813.5,1. LITERATURA AMERICANA: ROMANCE,"GILMAN, CHARLOTTE PERKINS",A TERRA DELAS,ÚNICO,1,"JANDIRA, SP",PRINCIPIS,2021,DOAÇÃO DA PROFESSORA DANIELLE,1ª,,
2708/2026,20/03/26,CDD-813,1. LITERATURA JUVENIL AMERICANA 2. HOMOSSEXUALIDADE MASCULINA,"SURMELIS, ANGELO",A PERIGOSA ARTE DE SER INVISÍVEL,ÚNICO,1,SÃO PAULO,HOO,2022,DOAÇÃO DA PROFESSORA DAIANE,NÃO CONSTA,,
2709/2026,20/03/26,CDD-Ir823,1. LITERATURA IRLANDESA - FICÇÃO,"AHERN, CECELIA",OBRIGADA PELAS LEMBRANÇAS,ÚNICO,1,RIO DE JANEIRO,HARPER COLLINS,2024,DOAÇÃO DO PROFESSOR ROMÁRIO,NÃO CONSTA,,
2710/2026,20/03/26,CDD-813,1. FICÇÃO AMERICANA,"MCFADDEN, FREIDA",NUNCA MINTA,ÚNICO,1,RIO DE JANEIRO,RECORD,2025,DOAÇÃO DO PROFESSOR PEDRO LUCAS,6ª,,
2711/2026,20/03/26,CDD-869.87,1. LITERATURA PORTUGUESA: PROSA,"PESSOA, FERNANDO",LIVRO DO DESASSOSSEGO,ÚNICO,1,"JANDIRA, SP",PRINCIPIS,2019,DOAÇÃO DO PROFESSOR JOÃO PAULO,2ª,,
2712/2026,23/03/26,CDD-810,1. LITERATURA AMERICANA,"TRUTH, SOJOURNER","A HISTÓRIA DE SOJOURNER TRUTH, A ESCRAVA DO NORTE",ÚNICO,1,"JANDIRA, SP",PRINCIPIS,2020,DOAÇÃO DA PROFESSORA MARTA,1ª,,
2713/2026,23/03/26,CDD-028.5,1. LITERATUTA JUVENIL,"SEDGWICK, JULIAN",GAROTA TSUNAMI,ÚNICO,1,SÃO PAULO,GUTENBERG,2025,DOAÇÃO DA PROFESSORA MARTA,1ª,,
2714/2026,23/03/26,CDD-813,1. FICÇÃO AMERICANA,"SHAFFER, MEG",O JOGO DOS DESEJOS,ÚNICO,1,RIO DE JANEIRO,INTRÍNSECA,2024,DOAÇÃO DA PROFESSORA MARTA,1ª,,
2715/2026,23/03/26,CDD-523.1,1. FÍSICA. 2. ESPAÇO E TEMPO. 3. COSMOLOGIA,"HAWKINK, STEPHEN W.",UMA BREVE HISTÓRIA DO TEMPO,ÚNICO,1,RIO DE JANEIRO,INTRÍNSECA,2015,DOAÇÃO DO PROFESSOR EDGEFESON,1ª,,
2716/2026,23/03/26,CDD-869.3,1. FICÇÃO BRASILEIRA,"TAHAN, MALBA",O HOMEM QUE CALCULAVA,ÚNICO,1,RIO DE JANEIRO,RECORD,2025,DOAÇÃO DO PROFESSOR MARCEL,113ª,,
2717/2026,23/03/26,CDD-Ir823,1. LITERATURA IRLANDESA - FICÇÃO,"AHERN, CECELIA",P.S. EU TE AMO,ÚNICO,1,RIO DE JANEIRO,HARPER COLLINS,2024,DOAÇÃO DA PROFESSORA ARETHA,1ª,,
2718/2026,26/03/26,CDD-869.8,1. LITERATURA BRASILEIRA-FICÇÃO,"ALMEIDA, JÚLIA LOPES DE",MEMÓRIAS DE MARTHA,ÚNICO,1,"JANDIRA, SP",PRINCIPIS,2025,DOAÇÃO DA PROFESSORA SARAH,1ª,,
2719/2026,26/03/26,CDD-Ir823,1. FICÇÃO: LITERATURA IRLANDESA,"AHERN, CECELIA",SARDAS,ÚNICO,1,RIO DE JANEIRO,HARPER COLLINS,2024,DOAÇÃO DA PROFESSORA SARAH,NÃO CONSTA,,
2720/2026,26/03/26,CDD-891.7,1. LITERATURA RUSSA,"DOSTOIÉVSKI, FIODOR",NOITES BRANCAS,ÚNICO,1,"JANDIRA, SP",PRINCIPIS,2019,DOAÇÃO DA PROFESSORA EDVÂNIA,1ª,,
2721/2026,26/03/26,CDD-810,1. LITERATURA AMERICANA - ENSAIOS,"ANGELOU, MAYA",NÃO TROCARIA MINHA JORNADA POR NADA,ÚNICO,1,RIO DE JANEIRO,NOVA FRONTEIRA,2023,DOAÇÃO DA PROFESSORA PATRÍCIA,1ª,,
2722/2026,28/03/26,CDD-813,1. FICÇÃO AMERICANA,"NG, CELESTE",OS CORAÇÕES PERDIDOS,ÚNICO,1,RIO DE JANEIRO,INTRÍNSECA,2023,DOAÇÃO DO PROFESSOR MAYCON,NÃO CONSTA,,
2723/2026,28/03/26,CDD-828.99113,1. LITERATURA ESCOCESA. 2. TERROR,"STEVENSON, ROBERT LOUIS",O MÉDICO E O MONSTRO,ÚNICO,2,"JANDIRA, SP",PRINCIPIS,2019,DOAÇÃO DO PROFESSOR SAMUEL,1ª,,
2724/2026,28/03/26,CDD-828.99153,1. LITERATURA IRLANDESA. 2. FICÇÃO,"WILDE, OSCAR",O FANTASMA DE CANTERVILLE E OUTROS CONTOS,ÚNICO,1,"JANDIRA, SP",PRINCIPIS,2020,DOAÇÃO DA PROFESSORA LUZ,1ª,,
2725/2026,28/03/26,CDD-813,1. FICÇÃO AMERICANA,"HENRY, EMILY",LOUCOS POR LIVROS,ÚNICO,1,RIO DE JANEIRO,VERUS,2025,DOAÇÃO DO PROFESSOR EMANUEL,9ª,,
2726/2026,28/03/26,CDD-Ir823,1. ROMANCES: LITERATURA IRLANDESA,"AHERN, CECELIA",MEU ENCONTRO COM A VIDA,ÚNICO,1,RIO DE JANEIRO,HARLEQUIN,2025,DOAÇÃO DA PROFESSORA JULIANA,1ª,,
2727/2026,30/03/26,CDD-813,1. FICÇÃO NORTE-AMERICANA 2. MISTÉRIO 3. MÉDICOS,"WOLFE, LESLIE",A CIRURGIÃ,ÚNICO,1,SÃO PAULO,FARO EDITORIAL,2024,DOAÇÃO DA PROFESSORA DANIELLE,1ª,,
2728/2026,30/03/26,CDD-B869,1. LITERATURA BRASILEIRA 2. AMOR 3. POESIA,"ROCHA, FELIPE",NEM TODO AMOR TEM UM FINAL FELIZ: E TÁTUDO BEM,ÚNICO,1,"BAURU, SP",ASTRAL CULTURAL,2020,DOAÇÃO DA PROFESSORA MARTA,NÃO CONSTA,,
2729/2026,30/03/26,CDD-813,1. FICÇÃO NORTE-AMERICANA,"LAUREN, CHRISTINA",IMPERFEITOS,ÚNICO,2,SÃO PAULO,FARO EDITORIAL,2022,LEGADO LITERÁRIO ALUNA APARECIDA EDUARDA - ADMINISTRAÇÃO 2023-2025,1ª,,
2730/2026,30/03/26,CDD-823,1. FICÇÃO INGLESA: POLICIAL,"CHRISTIE, AGATHA",E NÃO SOBROU NENHUM,ÚNICO,1,SÃO PAULO,GLOBO,2014,DOAÇÃO DA PROFESSORA MICHELLE,4ª,,
2731/2026,10/04/26,CDD-823,1. FICÇÃO INGLESA,"HAIG, MATT",A BIBLIOTECA DA MEIA-NOITE,ÚNICO,2,RIO DE JANEIRO,BERTRAND BRASIL,2024,LEGADO LITERÁRIO ALUNA APARECIDA EDUARDA - ADMINISTRAÇÃO 2023-2025,23ª,,
2732/2026,12/05/26,CDD-813,1. FICÇÃO AMERICANA,"ALBERTALLI, BECKY","COM AMOR, SIMON",ÚNICO,1,RIO DE JANEIRO,INTRÍNSECA,2018,DOAÇÃO DO ALUNO ÁLVARO - TÉCNICO EM ADMINISTRAÇÃO,1ª,,
2733/2026,22/05/26,CDD-028.5,1. CONTOS - LITERATURA JUVENIL,"BARSHAW, RUTH MCNALLY",DIÁRIO DE AVENTURAS DA ELLIE: A ALUNA NOVA,ÚNICO,1,SÃO PAULO,CIRANDA CULTURAL,2014,DOAÇÃO DO PROFESSOR HÉLIO,1ª,,
2734/2026,22/05/26,CDD-823,1. LITERATURA INGLESA -FICÇÃO INGLESA,"AUSTEN, JANE",A ABADIA DE NORTHANGER,ÚNICO,2,BRASIL,PÉ DA LETRA,2021,DOAÇÃO DO PROFESSOR HÉLIO,1ª,,
,,,,,,,,,,,,,,
,,,,,,,,,,,,,,
2737/2026,22/05/26,CDU-320,1. POLÍTICA,"MAQUIAVEL, NICOLAU",O PRÍNCIPE,ÚNICO,3,SÃO PAULO,EDIPRO,2015,DOAÇÃO DE FRANCISO ÉRICK,4ª,,